{"type":"FeatureCollection","features":[{"type":"Feature","properties":{"name":"Asunafo North Municipal","region":"Ahafo","pcode":"GH0101","level":"ADM2"},"geometry":{"type":"Polygon","coordinates":[[[-2.63177,7.02753],[-2.62451,7.01392],[-2.62311,7.00049],[-2.55548,6.97528],[-2.53528,6.96332],[-2.5144,6.93591],[-2.51361,6.93231],[-2.51898,6.92548],[-2.52472,6.90973],[-2.53528,6.89673],[-2.5354,6.88593],[-2.52032,6.86212],[-2.52289,6.85413],[-2.52002,6.84473],[-2.53021,6.83411],[-2.50922,6.8075],[-2.50818,6.80072],[-2.51062,6.7959],[-2.50641,6.79633],[-2.50079,6.7923],[-2.50018,6.78009],[-2.49158,6.76849],[-2.50513,6.76453],[-2.50452,6.75269],[-2.51349,6.74573],[-2.5152,6.74109],[-2.51471,6.73169],[-2.50958,6.72571],[-2.51331,6.70673],[-2.50751,6.70331],[-2.51093,6.68768],[-2.51001,6.67871],[-2.5033,6.6665],[-2.50562,6.65613],[-2.50049,6.65009],[-2.51361,6.62109],[-2.51721,6.61829],[-2.5246,6.62109],[-2.53333,6.60968],[-2.53387,6.60327],[-2.53693,6.60248],[-2.6106,6.65271],[-2.61493,6.65668],[-2.61023,6.65729],[-2.60132,6.66492],[-2.58331,6.66052],[-2.5744,6.66608],[-2.57208,6.67108],[-2.60779,6.68652],[-2.62378,6.69049],[-2.6319,6.70929],[-2.65289,6.72009],[-2.6571,6.71332],[-2.66589,6.71112],[-2.6709,6.69891],[-2.68268,6.69427],[-2.70251,6.67792],[-2.70038,6.67407],[-2.7019,6.6665],[-2.73383,6.64612],[-2.73669,6.64508],[-2.73798,6.6485],[-2.75092,6.64429],[-2.75641,6.64587],[-2.7655,6.64172],[-2.78571,6.64893],[-2.78851,6.64172],[-2.79901,6.63928],[-2.81091,6.64313],[-2.81329,6.63733],[-2.83032,6.63031],[-2.85138,6.64252],[-2.86902,6.63867],[-2.87042,6.64252],[-2.86719,6.64893],[-2.87433,6.65613],[-2.85718,6.66089],[-2.84869,6.6709],[-2.84949,6.6767],[-2.86182,6.69427],[-2.85852,6.6983],[-2.862,6.70569],[-2.8595,6.71112],[-2.86578,6.71649],[-2.85632,6.7345],[-2.84601,6.74231],[-2.84082,6.75208],[-2.84192,6.76031],[-2.84918,6.77209],[-2.83862,6.78967],[-2.84802,6.79993],[-2.84802,6.8031],[-2.84442,6.80511],[-2.849,6.81567],[-2.85742,6.81989],[-2.85522,6.83447],[-2.86603,6.8515],[-2.8598,6.85492],[-2.85883,6.86713],[-2.85242,6.87488],[-2.84991,6.88489],[-2.85559,6.91333],[-2.85089,6.92188],[-2.85132,6.94153],[-2.8479,6.9519],[-2.8396,6.95892],[-2.83191,6.95929],[-2.83118,6.96228],[-2.82068,6.96509],[-2.8125,6.97351],[-2.7901,7.01208],[-2.77002,7.02307],[-2.75983,7.0257],[-2.74622,7.01709],[-2.73431,7.01672],[-2.7254,7.0105],[-2.71161,7.01031],[-2.70581,7.01392],[-2.6991,7.00848],[-2.69202,7.00751],[-2.66968,7.01971],[-2.651,7.01349],[-2.63177,7.02753]]]}},{"type":"Feature","properties":{"name":"Asunafo South","region":"Ahafo","pcode":"GH0102","level":"ADM2"},"geometry":{"type":"Polygon","coordinates":[[[-2.49158,6.76849],[-2.45959,6.76093],[-2.44733,6.76208],[-2.43958,6.75708],[-2.43512,6.74091],[-2.43073,6.73608],[-2.42438,6.73492],[-2.42291,6.73169],[-2.4259,6.72369],[-2.4184,6.71289],[-2.40887,6.7085],[-2.41443,6.69208],[-2.41083,6.68652],[-2.41602,6.68127],[-2.40741,6.67468],[-2.41248,6.67188],[-2.41718,6.65747],[-2.41199,6.65149],[-2.4068,6.64911],[-2.40033,6.65051],[-2.39648,6.64771],[-2.39581,6.6427],[-2.40161,6.63629],[-2.40082,6.6297],[-2.39282,6.62311],[-2.39423,6.61792],[-2.39038,6.60992],[-2.38409,6.61029],[-2.38312,6.5979],[-2.37891,6.59851],[-2.37128,6.5929],[-2.37982,6.5849],[-2.38068,6.57172],[-2.3855,6.56769],[-2.38489,6.55713],[-2.37701,6.5473],[-2.3764,6.5387],[-2.38342,6.53351],[-2.38269,6.5271],[-2.38531,6.52448],[-2.39618,6.5213],[-2.39832,6.50409],[-2.40179,6.5069],[-2.40759,6.50427],[-2.41119,6.49707],[-2.41589,6.4953],[-2.41571,6.49011],[-2.42242,6.49109],[-2.4256,6.48413],[-2.42401,6.47949],[-2.42029,6.47827],[-2.43042,6.47131],[-2.44318,6.45367],[-2.44421,6.44391],[-2.44019,6.44269],[-2.43921,6.43909],[-2.44751,6.43152],[-2.44061,6.4281],[-2.4389,6.42072],[-2.42963,6.41711],[-2.42139,6.40448],[-2.4248,6.40448],[-2.4256,6.40112],[-2.42352,6.3949],[-2.43042,6.35431],[-2.435,6.35571],[-2.45148,6.37372],[-2.4679,6.38031],[-2.46899,6.39172],[-2.47821,6.40332],[-2.48688,6.40869],[-2.50769,6.41492],[-2.54687,6.40051],[-2.54742,6.40912],[-2.55408,6.42047],[-2.55719,6.42133],[-2.55902,6.42853],[-2.55243,6.43231],[-2.54053,6.44751],[-2.52698,6.45471],[-2.5274,6.4621],[-2.53302,6.4599],[-2.54303,6.46368],[-2.56293,6.48108],[-2.5838,6.4895],[-2.59241,6.5047],[-2.59668,6.50653],[-2.60608,6.51971],[-2.63519,6.52893],[-2.64581,6.53009],[-2.64941,6.5257],[-2.65631,6.52948],[-2.66339,6.52509],[-2.6687,6.51147],[-2.67291,6.50952],[-2.68109,6.57208],[-2.69409,6.57751],[-2.7019,6.58533],[-2.72729,6.58893],[-2.7475,6.58087],[-2.76392,6.58411],[-2.77789,6.57593],[-2.78082,6.57831],[-2.78552,6.59528],[-2.79022,6.60168],[-2.80048,6.60809],[-2.8028,6.61469],[-2.81561,6.61688],[-2.8255,6.62592],[-2.83032,6.62689],[-2.83032,6.63031],[-2.81329,6.63733],[-2.81091,6.64313],[-2.79901,6.63928],[-2.78851,6.64172],[-2.78571,6.64893],[-2.7655,6.64172],[-2.75641,6.64587],[-2.75092,6.64429],[-2.73798,6.6485],[-2.73669,6.64508],[-2.73383,6.64612],[-2.7019,6.6665],[-2.70038,6.67407],[-2.70251,6.67792],[-2.68268,6.69427],[-2.6709,6.69891],[-2.66589,6.71112],[-2.6571,6.71332],[-2.65289,6.72009],[-2.6319,6.70929],[-2.62378,6.69049],[-2.60779,6.68652],[-2.57208,6.67108],[-2.5744,6.66608],[-2.58331,6.66052],[-2.60132,6.66492],[-2.61023,6.65729],[-2.61493,6.65668],[-2.54388,6.60651],[-2.53387,6.60327],[-2.53333,6.60968],[-2.5246,6.62109],[-2.51721,6.61829],[-2.51361,6.62109],[-2.50049,6.65009],[-2.50562,6.65613],[-2.5033,6.6665],[-2.51001,6.67871],[-2.51093,6.68768],[-2.50751,6.70331],[-2.51331,6.70673],[-2.50958,6.72571],[-2.51581,6.7359],[-2.51349,6.74573],[-2.50452,6.75269],[-2.50513,6.76453],[-2.49158,6.76849]]]}},{"type":"Feature","properties":{"name":"Asutifi North","region":"Ahafo","pcode":"GH0103","level":"ADM2"},"geometry":{"type":"Polygon","coordinates":[[[-2.49231,7.21771],[-2.49371,7.13428],[-2.48749,7.13171],[-2.46948,7.13629],[-2.46051,7.13428],[-2.44891,7.14032],[-2.40149,7.1123],[-2.43848,7.08893],[-2.3725,7.10211],[-2.36389,7.10773],[-2.36511,7.11511],[-2.35211,7.1275],[-2.33661,7.12268],[-2.32678,7.12433],[-2.32397,7.1217],[-2.33051,7.11407],[-2.33032,7.10687],[-2.31531,7.10413],[-2.31171,7.10052],[-2.30432,7.10291],[-2.2887,7.08893],[-2.30011,7.0741],[-2.2984,7.06268],[-2.30212,7.05072],[-2.31622,7.04828],[-2.31378,7.04108],[-2.31818,7.03693],[-2.31738,7.02948],[-2.3219,7.02332],[-2.3186,7.01813],[-2.3269,7.00952],[-2.3277,7.0047],[-2.32831,6.96991],[-2.33801,6.97009],[-2.3526,6.9649],[-2.36713,6.9577],[-2.3775,6.94452],[-2.39423,6.93451],[-2.42828,6.92249],[-2.4342,6.92328],[-2.44531,6.93188],[-2.4585,6.9325],[-2.46582,6.93573],[-2.4765,6.94452],[-2.495,6.94189],[-2.50482,6.94348],[-2.51147,6.94928],[-2.5155,6.94873],[-2.51978,6.94171],[-2.53241,6.96069],[-2.55548,6.97528],[-2.62311,7.00049],[-2.62451,7.01392],[-2.63177,7.02753],[-2.651,7.01349],[-2.66968,7.01971],[-2.69202,7.00751],[-2.6991,7.00848],[-2.70581,7.01392],[-2.71161,7.01031],[-2.7254,7.0105],[-2.73431,7.01672],[-2.74622,7.01709],[-2.75983,7.0257],[-2.77002,7.02307],[-2.76251,7.0343],[-2.76099,7.05811],[-2.75391,7.07751],[-2.71899,7.10291],[-2.71051,7.10107],[-2.69452,7.11133],[-2.69171,7.1145],[-2.69049,7.13232],[-2.68408,7.13928],[-2.67401,7.13812],[-2.65082,7.1427],[-2.6286,7.15649],[-2.60681,7.18048],[-2.58051,7.18152],[-2.58051,7.20892],[-2.55719,7.22949],[-2.51642,7.23071],[-2.51147,7.22729],[-2.49512,7.2265],[-2.49231,7.21771]]]}},{"type":"Feature","properties":{"name":"Asutifi South","region":"Ahafo","pcode":"GH0104","level":"ADM2"},"geometry":{"type":"Polygon","coordinates":[[[-2.22711,7.00751],[-2.24561,6.99231],[-2.2514,6.97827],[-2.29028,6.94531],[-2.297,6.94153],[-2.30981,6.94153],[-2.33112,6.92889],[-2.33728,6.91711],[-2.33679,6.91248],[-2.34808,6.90747],[-2.34839,6.90253],[-2.35529,6.8963],[-2.37482,6.8869],[-2.37622,6.87848],[-2.38251,6.87671],[-2.38751,6.86768],[-2.38812,6.8559],[-2.39551,6.85773],[-2.3988,6.85107],[-2.39899,6.84149],[-2.40662,6.84131],[-2.41492,6.8327],[-2.41522,6.82532],[-2.40039,6.8197],[-2.37842,6.83673],[-2.36963,6.8385],[-2.36438,6.84332],[-2.35699,6.84412],[-2.35303,6.84052],[-2.34692,6.84369],[-2.3349,6.83032],[-2.33801,6.82068],[-2.3446,6.81592],[-2.3327,6.80328],[-2.3197,6.80133],[-2.3053,6.81171],[-2.29608,6.79773],[-2.26678,6.79871],[-2.25891,6.79248],[-2.26208,6.78192],[-2.26831,6.77332],[-2.26831,6.76489],[-2.27271,6.7583],[-2.27771,6.73132],[-2.28729,6.71613],[-2.28668,6.70673],[-2.29651,6.70129],[-2.30322,6.68951],[-2.3075,6.68848],[-2.33081,6.69647],[-2.34729,6.69849],[-2.36322,6.68793],[-2.36578,6.6795],[-2.37323,6.67169],[-2.38123,6.67249],[-2.38861,6.66687],[-2.40161,6.66528],[-2.4151,6.65973],[-2.41248,6.67188],[-2.40741,6.67468],[-2.41602,6.68127],[-2.41083,6.68652],[-2.41443,6.69208],[-2.40887,6.7085],[-2.4184,6.71289],[-2.4259,6.72369],[-2.42291,6.73169],[-2.42438,6.73492],[-2.43073,6.73608],[-2.43512,6.74091],[-2.43958,6.75708],[-2.44733,6.76208],[-2.45959,6.76093],[-2.49158,6.76849],[-2.50018,6.78009],[-2.50079,6.7923],[-2.50641,6.79633],[-2.51062,6.7959],[-2.50818,6.80469],[-2.51422,6.81592],[-2.52869,6.82953],[-2.53021,6.83411],[-2.52002,6.84473],[-2.52289,6.85413],[-2.52032,6.86212],[-2.53638,6.88928],[-2.53333,6.90051],[-2.52692,6.90613],[-2.51361,6.93231],[-2.51978,6.94171],[-2.5155,6.94873],[-2.51147,6.94928],[-2.50482,6.94348],[-2.495,6.94189],[-2.4765,6.94452],[-2.46582,6.93573],[-2.4585,6.9325],[-2.44531,6.93188],[-2.4342,6.92328],[-2.41992,6.92389],[-2.3775,6.94452],[-2.36713,6.9577],[-2.35962,6.96149],[-2.33801,6.97009],[-2.32831,6.96991],[-2.3269,7.00952],[-2.3186,7.01813],[-2.3219,7.02332],[-2.27991,6.99469],[-2.25873,7.02972],[-2.25641,7.03888],[-2.24823,7.03931],[-2.23328,7.03571],[-2.22992,7.0321],[-2.22711,7.00751]]]}},{"type":"Feature","properties":{"name":"Tano North Municipal","region":"Ahafo","pcode":"GH0105","level":"ADM2"},"geometry":{"type":"Polygon","coordinates":[[[-2.06622,7.31927],[-2.06598,7.30591],[-2.07001,7.29053],[-2.06628,7.28009],[-2.0766,7.26611],[-2.0719,7.26068],[-2.07361,7.24933],[-2.06952,7.23529],[-2.07397,7.21613],[-2.07861,7.21149],[-2.06952,7.19769],[-2.06622,7.16388],[-2.05481,7.15887],[-2.05518,7.1441],[-2.0498,7.12872],[-2.07458,7.08508],[-2.08679,7.07867],[-2.08899,7.07111],[-2.09668,7.06268],[-2.11462,7.05731],[-2.11969,7.04968],[-2.12512,7.04993],[-2.12628,7.03931],[-2.13519,7.03009],[-2.14001,7.04089],[-2.14868,7.03949],[-2.16492,7.0329],[-2.17462,7.02069],[-2.18152,7.01691],[-2.18451,7.01831],[-2.18549,7.02509],[-2.1803,7.03351],[-2.18439,7.03571],[-2.20862,7.02368],[-2.21918,7.00989],[-2.22711,7.00751],[-2.22992,7.0321],[-2.23328,7.03571],[-2.25262,7.03992],[-2.25641,7.03888],[-2.25873,7.02972],[-2.27991,6.99469],[-2.3219,7.02332],[-2.31738,7.02948],[-2.31818,7.03693],[-2.31378,7.04108],[-2.31622,7.04828],[-2.30212,7.05072],[-2.2984,7.06268],[-2.30011,7.0741],[-2.2887,7.08893],[-2.2995,7.0993],[-2.29523,7.10852],[-2.29608,7.11353],[-2.30212,7.11951],[-2.28943,7.14172],[-2.29828,7.14771],[-2.3042,7.14807],[-2.31342,7.16168],[-2.3501,7.18707],[-2.3349,7.22809],[-2.32501,7.23651],[-2.31842,7.23328],[-2.29608,7.23248],[-2.28918,7.2251],[-2.28003,7.23352],[-2.28021,7.24609],[-2.27448,7.2381],[-2.27112,7.23871],[-2.27161,7.2453],[-2.26581,7.24652],[-2.26929,7.24933],[-2.26959,7.25452],[-2.2652,7.26208],[-2.26782,7.26471],[-2.26801,7.27271],[-2.26532,7.27649],[-2.24622,7.27991],[-2.24042,7.29169],[-2.21912,7.30188],[-2.21869,7.3103],[-2.21521,7.31329],[-2.20148,7.31549],[-2.1886,7.3219],[-2.1723,7.32312],[-2.16089,7.32953],[-2.15271,7.34167],[-2.14709,7.36548],[-2.13818,7.36987],[-2.13599,7.37488],[-2.13971,7.38629],[-2.13647,7.39447],[-2.07568,7.32288],[-2.06622,7.31927]]]}},{"type":"Feature","properties":{"name":"Tano South Municipal","region":"Ahafo","pcode":"GH0106","level":"ADM2"},"geometry":{"type":"Polygon","coordinates":[[[-1.95392,7.08533],[-1.9679,7.08893],[-1.99078,7.07849],[-1.99768,7.07788],[-2.00891,7.07129],[-2.02319,7.05267],[-2.039,7.04028],[-2.06238,7.03851],[-2.09131,7.02069],[-2.09711,7.00928],[-2.10358,7.00568],[-2.11969,7.00293],[-2.1333,7.0213],[-2.13733,7.02228],[-2.13519,7.03009],[-2.12628,7.03931],[-2.12512,7.04993],[-2.11969,7.04968],[-2.11462,7.05731],[-2.09668,7.06268],[-2.08899,7.07111],[-2.08679,7.07867],[-2.07458,7.08508],[-2.0498,7.12872],[-2.05518,7.1441],[-2.05481,7.15887],[-2.06622,7.16388],[-2.06952,7.19769],[-2.07861,7.21149],[-2.07397,7.21613],[-2.06952,7.23529],[-2.07361,7.24933],[-2.0719,7.26068],[-2.0766,7.26611],[-2.06628,7.28009],[-2.07001,7.29053],[-2.06598,7.30591],[-2.06622,7.31927],[-2.06061,7.31732],[-2.05438,7.30811],[-2.04761,7.30591],[-2.00922,7.31787],[-1.99908,7.31549],[-1.98718,7.29828],[-1.96472,7.29431],[-1.95453,7.2655],[-1.94989,7.26147],[-1.94531,7.26453],[-1.92621,7.26392],[-1.91211,7.25348],[-1.89648,7.2627],[-1.88123,7.26648],[-1.8681,7.27612],[-1.85919,7.27808],[-1.84491,7.27429],[-1.83502,7.25928],[-1.82831,7.25812],[-1.82703,7.25391],[-1.82941,7.25031],[-1.8385,7.23969],[-1.84991,7.23248],[-1.8642,7.21411],[-1.8689,7.20331],[-1.93292,7.1767],[-1.9325,7.13013],[-1.95392,7.08533]]]}},{"type":"Feature","properties":{"name":"Adansi Akrofuom","region":"Ashanti","pcode":"GH0201","level":"ADM2"},"geometry":{"type":"Polygon","coordinates":[[[-1.53729,6.03387],[-1.55121,6.0213],[-1.54309,6.00769],[-1.5423,5.98389],[-1.55231,5.95148],[-1.54291,5.94452],[-1.54669,5.93591],[-1.54059,5.93127],[-1.55908,5.92529],[-1.56763,5.92609],[-1.57068,5.93268],[-1.57397,5.93127],[-1.57233,5.92493],[-1.58191,5.91827],[-1.58258,5.92688],[-1.59003,5.93488],[-1.59009,5.92749],[-1.59418,5.9245],[-1.6015,5.92889],[-1.6095,5.92572],[-1.61249,5.9281],[-1.62,5.92731],[-1.62048,5.93152],[-1.62372,5.92749],[-1.6344,5.92853],[-1.63843,5.93329],[-1.6452,5.93011],[-1.64691,5.92548],[-1.65442,5.9223],[-1.66089,5.92352],[-1.664,5.91852],[-1.67139,5.91528],[-1.6745,5.92249],[-1.69263,5.93292],[-1.69061,5.94092],[-1.69299,5.94312],[-1.6983,5.93347],[-1.70331,5.9295],[-1.7074,5.9303],[-1.7132,5.93671],[-1.71429,5.9455],[-1.71051,5.95331],[-1.71301,5.95691],[-1.72388,5.95288],[-1.73669,5.97028],[-1.74371,5.96667],[-1.74908,5.9679],[-1.74762,5.9621],[-1.76599,5.96887],[-1.76941,5.96088],[-1.77679,5.97113],[-1.77521,5.98071],[-1.79028,5.9873],[-1.79858,5.99829],[-1.80328,5.99408],[-1.81201,6.01093],[-1.80249,6.0271],[-1.80878,6.0415],[-1.80359,6.0495],[-1.80481,6.05432],[-1.8006,6.06207],[-1.802,6.07013],[-1.7981,6.07593],[-1.8017,6.08832],[-1.79962,6.09253],[-1.78943,6.09912],[-1.78479,6.11047],[-1.77759,6.1087],[-1.76849,6.11292],[-1.76178,6.1109],[-1.75562,6.11389],[-1.74731,6.1131],[-1.74689,6.10889],[-1.74402,6.10968],[-1.73999,6.11969],[-1.71149,6.13788],[-1.71088,6.14191],[-1.70551,6.14532],[-1.69202,6.13751],[-1.68188,6.13928],[-1.67468,6.13611],[-1.6626,6.12012],[-1.65192,6.12769],[-1.64203,6.12152],[-1.6192,6.12292],[-1.61682,6.11951],[-1.60461,6.1189],[-1.5932,6.13611],[-1.5769,6.14587],[-1.57269,6.12891],[-1.56879,6.12329],[-1.55841,6.12012],[-1.55652,6.10809],[-1.54828,6.10992],[-1.5437,6.10529],[-1.54468,6.09808],[-1.55328,6.09149],[-1.55518,6.08289],[-1.55292,6.06012],[-1.5379,6.0451],[-1.53729,6.03387]]]}},{"type":"Feature","properties":{"name":"Adansi Asokwa","region":"Ashanti","pcode":"GH0202","level":"ADM2"},"geometry":{"type":"Polygon","coordinates":[[[-1.23541,6.28149],[-1.22998,6.28448],[-1.22821,6.2807],[-1.22992,6.26593],[-1.22601,6.26312],[-1.21411,6.2403],[-1.21362,6.22827],[-1.20813,6.22748],[-1.2019,6.22113],[-1.20251,6.20892],[-1.19849,6.19952],[-1.21881,6.21112],[-1.2428,6.20789],[-1.25378,6.2179],[-1.25842,6.21887],[-1.26941,6.2041],[-1.29169,6.20569],[-1.29687,6.19769],[-1.2981,6.18872],[-1.2912,6.16467],[-1.29309,6.14532],[-1.36371,6.15308],[-1.354,6.13171],[-1.40002,6.11951],[-1.40442,6.10992],[-1.41931,6.0921],[-1.41461,6.07507],[-1.41888,6.06732],[-1.4173,6.0603],[-1.41571,6.0575],[-1.4068,6.05573],[-1.4057,6.04968],[-1.43121,6.04529],[-1.43378,6.05829],[-1.48511,6.06909],[-1.53729,6.03387],[-1.5379,6.0451],[-1.55292,6.06012],[-1.55518,6.08289],[-1.55328,6.09149],[-1.54468,6.09808],[-1.5437,6.10529],[-1.54828,6.10992],[-1.55652,6.10809],[-1.55841,6.12012],[-1.56879,6.12329],[-1.57269,6.12891],[-1.57458,6.14392],[-1.5769,6.14587],[-1.5932,6.13611],[-1.60461,6.1189],[-1.61359,6.12073],[-1.60748,6.13409],[-1.60229,6.13849],[-1.60022,6.15112],[-1.59222,6.15613],[-1.58771,6.16388],[-1.58331,6.16431],[-1.57642,6.1825],[-1.565,6.19452],[-1.56378,6.22113],[-1.56689,6.22571],[-1.56232,6.22968],[-1.54761,6.22888],[-1.54071,6.23431],[-1.53259,6.23071],[-1.52759,6.2337],[-1.52228,6.22809],[-1.49658,6.2359],[-1.48993,6.24048],[-1.4657,6.27008],[-1.46252,6.27869],[-1.46771,6.29028],[-1.4599,6.29108],[-1.44281,6.3031],[-1.43573,6.30487],[-1.42462,6.30267],[-1.41931,6.2901],[-1.39911,6.2843],[-1.39459,6.28729],[-1.39319,6.2951],[-1.38721,6.3009],[-1.38678,6.29132],[-1.37671,6.27209],[-1.38721,6.25232],[-1.38629,6.24109],[-1.38342,6.23492],[-1.37433,6.22827],[-1.36621,6.2301],[-1.3559,6.24048],[-1.34003,6.24188],[-1.32898,6.23792],[-1.32898,6.23431],[-1.32098,6.22449],[-1.3028,6.22791],[-1.29712,6.23572],[-1.28851,6.23389],[-1.27399,6.25171],[-1.25842,6.25787],[-1.25391,6.26367],[-1.24231,6.26611],[-1.23541,6.28149]]]}},{"type":"Feature","properties":{"name":"Adansi North","region":"Ashanti","pcode":"GH0203","level":"ADM2"},"geometry":{"type":"Polygon","coordinates":[[[-1.46161,6.32593],[-1.48108,6.30713],[-1.46368,6.28369],[-1.46252,6.27869],[-1.4657,6.27008],[-1.48993,6.24048],[-1.49658,6.2359],[-1.52228,6.22809],[-1.52759,6.2337],[-1.53259,6.23071],[-1.54071,6.23431],[-1.54761,6.22888],[-1.56232,6.22968],[-1.56689,6.22571],[-1.57141,6.23529],[-1.58893,6.23907],[-1.63379,6.23993],[-1.67322,6.23608],[-1.67761,6.2475],[-1.67529,6.25513],[-1.68298,6.2655],[-1.67841,6.28473],[-1.6842,6.29352],[-1.68988,6.29187],[-1.69702,6.29449],[-1.70428,6.30231],[-1.70648,6.31012],[-1.69189,6.30591],[-1.66992,6.30713],[-1.66138,6.3161],[-1.64758,6.30652],[-1.6405,6.3233],[-1.63269,6.30951],[-1.6106,6.31128],[-1.60681,6.31873],[-1.59869,6.3197],[-1.58722,6.3299],[-1.58441,6.34833],[-1.5741,6.36407],[-1.5686,6.35773],[-1.57098,6.34991],[-1.56879,6.34747],[-1.55469,6.3479],[-1.54169,6.34332],[-1.51929,6.34833],[-1.51251,6.3645],[-1.51233,6.37531],[-1.48682,6.37109],[-1.48431,6.36792],[-1.48749,6.36029],[-1.49182,6.35773],[-1.49011,6.3537],[-1.48248,6.34888],[-1.47522,6.33728],[-1.4682,6.33551],[-1.46161,6.32593]]]}},{"type":"Feature","properties":{"name":"Adansi South","region":"Ashanti","pcode":"GH0204","level":"ADM2"},"geometry":{"type":"Polygon","coordinates":[[[-1.29309,6.14532],[-1.28619,6.13013],[-1.27533,6.11792],[-1.26343,6.11188],[-1.26001,6.10211],[-1.25092,6.10608],[-1.25018,6.11267],[-1.24561,6.1181],[-1.23248,6.1181],[-1.22662,6.1225],[-1.2193,6.11908],[-1.20911,6.1203],[-1.20612,6.11871],[-1.20569,6.1123],[-1.20142,6.1109],[-1.1944,6.11353],[-1.19,6.10828],[-1.1908,6.10229],[-1.18738,6.09772],[-1.1897,6.09369],[-1.20331,6.09052],[-1.1983,6.0827],[-1.2074,6.07593],[-1.20691,6.07172],[-1.21411,6.06812],[-1.21008,6.06268],[-1.21149,6.05829],[-1.20801,6.05652],[-1.20929,6.05249],[-1.22931,6.03833],[-1.2326,6.02869],[-1.22858,6.01929],[-1.23328,6.01288],[-1.24011,6.01172],[-1.24152,5.99707],[-1.24622,5.98993],[-1.23907,5.98431],[-1.23938,5.98132],[-1.22601,5.98053],[-1.22137,5.97369],[-1.21899,5.9657],[-1.22382,5.95728],[-1.22131,5.95453],[-1.22351,5.94531],[-1.21973,5.94208],[-1.22479,5.9353],[-1.24152,5.93152],[-1.24548,5.92352],[-1.24463,5.91449],[-1.25549,5.9115],[-1.2561,5.91571],[-1.26031,5.91571],[-1.263,5.91071],[-1.26251,5.9057],[-1.25928,5.90393],[-1.26111,5.89368],[-1.26459,5.89093],[-1.27002,5.89471],[-1.27271,5.90167],[-1.27588,5.90228],[-1.28271,5.89948],[-1.29272,5.8877],[-1.30121,5.8869],[-1.30731,5.88928],[-1.3045,5.90088],[-1.31201,5.90771],[-1.31158,5.91589],[-1.30688,5.92291],[-1.30933,5.9259],[-1.3175,5.92389],[-1.31958,5.91632],[-1.3244,5.91412],[-1.3363,5.91632],[-1.34271,5.9115],[-1.33679,5.92651],[-1.34692,5.92108],[-1.34851,5.93152],[-1.37659,5.9339],[-1.37518,5.92188],[-1.38031,5.9165],[-1.41632,5.92212],[-1.4165,5.91449],[-1.42218,5.90393],[-1.42889,5.90887],[-1.43799,5.90149],[-1.44971,5.90613],[-1.45752,5.8941],[-1.46143,5.8963],[-1.46332,5.90509],[-1.46698,5.90369],[-1.46472,5.89349],[-1.45941,5.88708],[-1.4613,5.86609],[-1.46198,5.86267],[-1.47052,5.86072],[-1.47522,5.85608],[-1.4826,5.86652],[-1.48743,5.86749],[-1.48749,5.8631],[-1.492,5.86389],[-1.50049,5.86987],[-1.49908,5.87433],[-1.50232,5.87628],[-1.51678,5.87292],[-1.5202,5.87469],[-1.51672,5.88953],[-1.51111,5.8913],[-1.50677,5.88751],[-1.50092,5.88892],[-1.49878,5.89252],[-1.50378,5.89612],[-1.50049,5.90289],[-1.50452,5.90869],[-1.51501,5.91351],[-1.52209,5.92908],[-1.52618,5.92212],[-1.53003,5.92328],[-1.52771,5.93652],[-1.53082,5.93927],[-1.54498,5.93872],[-1.54291,5.94452],[-1.55231,5.95148],[-1.5423,5.98389],[-1.54309,6.00769],[-1.55121,6.0213],[-1.53729,6.03387],[-1.48511,6.06909],[-1.43378,6.05829],[-1.43121,6.04529],[-1.4057,6.04968],[-1.4068,6.05573],[-1.41571,6.0575],[-1.4173,6.0603],[-1.41888,6.06732],[-1.41461,6.07507],[-1.41931,6.0921],[-1.40442,6.10992],[-1.40002,6.11951],[-1.354,6.13171],[-1.36371,6.15308],[-1.29309,6.14532]]]}},{"type":"Feature","properties":{"name":"Afigya Kwabre North","region":"Ashanti","pcode":"GH0205","level":"ADM2"},"geometry":{"type":"Polygon","coordinates":[[[-1.6087,7.1499],[-1.61212,7.14752],[-1.61298,7.13928],[-1.6217,7.13153],[-1.60651,7.11249],[-1.60889,7.10248],[-1.59338,7.07928],[-1.59351,7.0451],[-1.59839,7.02551],[-1.58588,7.0213],[-1.5799,7.00513],[-1.57019,7.00653],[-1.55859,6.99731],[-1.55688,6.98309],[-1.55969,6.96729],[-1.56543,6.9621],[-1.5824,6.96112],[-1.58868,6.95111],[-1.60199,6.93988],[-1.60321,6.93652],[-1.6004,6.93549],[-1.58331,6.9389],[-1.57953,6.92767],[-1.60101,6.92188],[-1.60889,6.9259],[-1.61768,6.92407],[-1.62518,6.91711],[-1.6358,6.91632],[-1.63953,6.91229],[-1.64362,6.91431],[-1.63922,6.93011],[-1.64172,6.94513],[-1.6391,6.9729],[-1.65033,7.0105],[-1.65149,7.02289],[-1.6593,7.04272],[-1.66528,7.04651],[-1.6546,7.05432],[-1.65668,7.0661],[-1.65411,7.08032],[-1.6687,7.0899],[-1.67743,7.10132],[-1.68018,7.11267],[-1.65161,7.1485],[-1.65991,7.15668],[-1.65802,7.16168],[-1.63123,7.16272],[-1.6311,7.1665],[-1.60742,7.16528],[-1.6087,7.1499]]]}},{"type":"Feature","properties":{"name":"Afigya Kwabre South","region":"Ashanti","pcode":"GH0206","level":"ADM2"},"geometry":{"type":"Polygon","coordinates":[[[-1.52411,6.84747],[-1.54163,6.81952],[-1.54828,6.8139],[-1.59869,6.7887],[-1.61359,6.77588],[-1.6012,6.75391],[-1.60822,6.75153],[-1.6145,6.75488],[-1.62018,6.75293],[-1.6203,6.7605],[-1.63208,6.76672],[-1.65192,6.7547],[-1.66199,6.7561],[-1.67529,6.7677],[-1.67432,6.78412],[-1.66321,6.77771],[-1.6626,6.78192],[-1.66809,6.78552],[-1.67108,6.8103],[-1.68799,6.81232],[-1.67981,6.8183],[-1.67981,6.82507],[-1.6756,6.8313],[-1.68878,6.84009],[-1.69452,6.85712],[-1.6861,6.86713],[-1.68201,6.8667],[-1.67981,6.87329],[-1.67249,6.87512],[-1.6734,6.87811],[-1.67023,6.87848],[-1.66791,6.88348],[-1.66199,6.88428],[-1.66168,6.88867],[-1.64893,6.8963],[-1.64728,6.91107],[-1.64362,6.91431],[-1.63953,6.91229],[-1.6358,6.91632],[-1.62518,6.91711],[-1.6214,6.92212],[-1.60889,6.9259],[-1.60101,6.92188],[-1.58441,6.92731],[-1.573,6.92792],[-1.5611,6.91852],[-1.55188,6.91772],[-1.54779,6.91229],[-1.55292,6.90332],[-1.54578,6.86212],[-1.52411,6.84747]]]}},{"type":"Feature","properties":{"name":"Ahafo Ano North","region":"Ashanti","pcode":"GH0207","level":"ADM2"},"geometry":{"type":"Polygon","coordinates":[[[-2.13519,7.03009],[-2.13733,7.02228],[-2.1333,7.0213],[-2.11969,7.00293],[-2.1001,7.0069],[-2.09131,7.02069],[-2.08148,7.02753],[-2.04901,6.95789],[-2.05371,6.94672],[-2.06519,6.94269],[-2.065,6.93311],[-2.07819,6.92352],[-2.08893,6.92328],[-2.10242,6.9325],[-2.11688,6.9101],[-2.1264,6.90009],[-2.13,6.90112],[-2.13263,6.89807],[-2.13922,6.88788],[-2.12842,6.87512],[-2.12659,6.8537],[-2.12091,6.84631],[-2.1214,6.8429],[-2.1355,6.83411],[-2.1441,6.8349],[-2.17932,6.82611],[-2.18811,6.80811],[-2.17902,6.79187],[-2.18683,6.7879],[-2.1972,6.79211],[-2.21118,6.79071],[-2.21442,6.78491],[-2.23682,6.78632],[-2.25311,6.77893],[-2.2641,6.77869],[-2.25891,6.79248],[-2.26678,6.79871],[-2.28619,6.79968],[-2.2926,6.79651],[-2.29889,6.7995],[-2.3053,6.81171],[-2.3197,6.80133],[-2.3327,6.80328],[-2.33728,6.8067],[-2.3446,6.81592],[-2.33801,6.82068],[-2.3349,6.83032],[-2.34692,6.84369],[-2.35303,6.84052],[-2.35699,6.84412],[-2.36438,6.84332],[-2.36963,6.8385],[-2.37842,6.83673],[-2.40039,6.8197],[-2.41522,6.82532],[-2.41492,6.8327],[-2.40662,6.84131],[-2.39899,6.84149],[-2.3988,6.85107],[-2.39551,6.85773],[-2.38812,6.8559],[-2.38751,6.86768],[-2.38251,6.87671],[-2.37622,6.87848],[-2.37482,6.8869],[-2.35529,6.8963],[-2.34839,6.90253],[-2.34808,6.90747],[-2.33679,6.91248],[-2.33728,6.91711],[-2.33112,6.92889],[-2.30981,6.94153],[-2.297,6.94153],[-2.29028,6.94531],[-2.2514,6.97827],[-2.24561,6.99231],[-2.2301,7.00629],[-2.21918,7.00989],[-2.20862,7.02368],[-2.18439,7.03571],[-2.1803,7.03351],[-2.18549,7.02509],[-2.18451,7.01831],[-2.18152,7.01691],[-2.17462,7.02069],[-2.16492,7.0329],[-2.14001,7.04089],[-2.13519,7.03009]]]}},{"type":"Feature","properties":{"name":"Ahafo Ano South East","region":"Ashanti","pcode":"GH0208","level":"ADM2"},"geometry":{"type":"Polygon","coordinates":[[[-1.82123,6.99792],[-1.82599,6.98749],[-1.82452,6.97632],[-1.82782,6.96948],[-1.82141,6.96588],[-1.82068,6.95831],[-1.81,6.94513],[-1.80298,6.94611],[-1.79749,6.93628],[-1.78851,6.92828],[-1.78711,6.9173],[-1.79718,6.90552],[-1.79651,6.88507],[-1.80389,6.88013],[-1.80109,6.87347],[-1.80243,6.86493],[-1.79541,6.85553],[-1.79529,6.84009],[-1.7901,6.82788],[-1.78052,6.82373],[-1.78009,6.81372],[-1.78711,6.80731],[-1.78882,6.79968],[-1.79248,6.79688],[-1.80823,6.79712],[-1.81641,6.79089],[-1.82141,6.79053],[-1.82471,6.7951],[-1.83118,6.79749],[-1.83112,6.8017],[-1.8363,6.80627],[-1.84271,6.8053],[-1.86023,6.81012],[-1.86731,6.80072],[-1.86932,6.78931],[-1.87299,6.78528],[-1.87689,6.7821],[-1.8905,6.78131],[-1.89203,6.77332],[-1.9057,6.75372],[-1.90509,6.73871],[-1.90771,6.73511],[-1.9209,6.73511],[-1.92798,6.7417],[-1.93512,6.73907],[-1.93298,6.73212],[-1.9375,6.7323],[-1.93829,6.72089],[-1.9422,6.71887],[-1.94458,6.71112],[-1.9516,6.70673],[-1.9549,6.71393],[-1.95172,6.72449],[-1.96259,6.73688],[-1.97028,6.73993],[-1.96942,6.76233],[-1.97192,6.7663],[-1.97998,6.77332],[-1.9892,6.7749],[-1.99213,6.77289],[-1.99469,6.7569],[-1.99768,6.75348],[-2.00989,6.77533],[-2.02228,6.78168],[-2.01813,6.79309],[-2.01849,6.80811],[-2.02612,6.83551],[-1.98712,6.8667],[-1.98749,6.88928],[-1.97302,6.91193],[-1.97601,6.93073],[-1.96771,6.96429],[-1.96448,6.99371],[-1.96661,7.0127],[-1.95819,7.03571],[-1.95392,7.08533],[-1.92981,7.08173],[-1.92322,7.08789],[-1.91711,7.08191],[-1.91199,7.08771],[-1.90259,7.0849],[-1.89209,7.10168],[-1.87042,7.10291],[-1.8205,7.07629],[-1.8114,7.07611],[-1.81421,7.06952],[-1.80762,7.06531],[-1.80981,7.0589],[-1.8136,7.05933],[-1.81732,7.05469],[-1.8147,7.05109],[-1.83752,7.03693],[-1.84711,7.02472],[-1.84167,7.01672],[-1.8255,7.00391],[-1.82123,6.99792]]]}},{"type":"Feature","properties":{"name":"Ahafo Ano South West","region":"Ashanti","pcode":"GH0209","level":"ADM2"},"geometry":{"type":"Polygon","coordinates":[[[-1.95392,7.08533],[-1.95819,7.03571],[-1.96661,7.0127],[-1.96448,6.99371],[-1.96771,6.96429],[-1.97601,6.93073],[-1.97302,6.91193],[-1.98749,6.88928],[-1.98712,6.8667],[-2.02612,6.83551],[-2.01849,6.80811],[-2.01813,6.79309],[-2.02228,6.78168],[-2.04132,6.77209],[-2.05933,6.78113],[-2.10663,6.78589],[-2.11908,6.79028],[-2.12238,6.78632],[-2.14258,6.78589],[-2.17859,6.76068],[-2.17822,6.74988],[-2.19641,6.72827],[-2.19818,6.72192],[-2.20428,6.72412],[-2.21503,6.71289],[-2.2179,6.71527],[-2.22821,6.7135],[-2.23761,6.71948],[-2.24738,6.7019],[-2.25092,6.70032],[-2.2644,6.70929],[-2.28088,6.70532],[-2.28558,6.69989],[-2.29028,6.7049],[-2.28668,6.70673],[-2.28729,6.71613],[-2.27771,6.73132],[-2.26703,6.7771],[-2.25311,6.77893],[-2.23682,6.78632],[-2.21442,6.78491],[-2.21118,6.79071],[-2.1972,6.79211],[-2.18683,6.7879],[-2.17902,6.79187],[-2.18811,6.80811],[-2.17932,6.82611],[-2.1441,6.8349],[-2.1355,6.83411],[-2.1214,6.8429],[-2.12091,6.84631],[-2.12659,6.8537],[-2.12842,6.87512],[-2.13922,6.88788],[-2.13263,6.89807],[-2.13,6.90112],[-2.1264,6.90009],[-2.11688,6.9101],[-2.10242,6.9325],[-2.08893,6.92328],[-2.07819,6.92352],[-2.065,6.93311],[-2.06519,6.94269],[-2.05371,6.94672],[-2.04901,6.95789],[-2.0506,6.96368],[-2.08148,7.02753],[-2.06238,7.03851],[-2.039,7.04028],[-2.02319,7.05267],[-2.00891,7.07129],[-1.99768,7.07788],[-1.99078,7.07849],[-1.9679,7.08893],[-1.95392,7.08533]]]}},{"type":"Feature","properties":{"name":"Amansie Central","region":"Ashanti","pcode":"GH0210","level":"ADM2"},"geometry":{"type":"Polygon","coordinates":[[[-1.89873,6.28799],[-1.89581,6.29449],[-1.89941,6.30109],[-1.89728,6.3053],[-1.89209,6.30487],[-1.8902,6.30847],[-1.89362,6.31091],[-1.89368,6.31488],[-1.8894,6.31989],[-1.87482,6.3269],[-1.86249,6.3255],[-1.84778,6.33551],[-1.8302,6.33771],[-1.81873,6.33588],[-1.81403,6.33228],[-1.81152,6.33569],[-1.79651,6.33392],[-1.79181,6.32831],[-1.78888,6.33569],[-1.78558,6.33392],[-1.7807,6.33691],[-1.78351,6.35248],[-1.78809,6.35748],[-1.7796,6.38452],[-1.76923,6.38989],[-1.7608,6.39032],[-1.74451,6.38507],[-1.73328,6.37347],[-1.73291,6.36371],[-1.72601,6.36029],[-1.71863,6.36792],[-1.70239,6.37152],[-1.69861,6.38013],[-1.69153,6.38391],[-1.68091,6.4007],[-1.67682,6.40271],[-1.66449,6.39868],[-1.65662,6.40149],[-1.65161,6.39691],[-1.64819,6.38629],[-1.63391,6.38373],[-1.61981,6.38989],[-1.61731,6.4035],[-1.60529,6.40033],[-1.60071,6.39227],[-1.58521,6.39673],[-1.58618,6.38971],[-1.5744,6.38031],[-1.57831,6.37469],[-1.5741,6.36407],[-1.58441,6.34833],[-1.58722,6.3299],[-1.59869,6.3197],[-1.60681,6.31873],[-1.6106,6.31128],[-1.63269,6.30951],[-1.6405,6.3233],[-1.64758,6.30652],[-1.66138,6.3161],[-1.66992,6.30713],[-1.69189,6.30591],[-1.70648,6.31012],[-1.70428,6.30231],[-1.69702,6.29449],[-1.68988,6.29187],[-1.6842,6.29352],[-1.67841,6.28473],[-1.68298,6.26971],[-1.6825,6.26208],[-1.69318,6.25769],[-1.71082,6.25549],[-1.72498,6.2417],[-1.73212,6.2403],[-1.74048,6.23431],[-1.75092,6.22113],[-1.76923,6.21252],[-1.77081,6.20789],[-1.77032,6.20428],[-1.75983,6.20831],[-1.75201,6.20587],[-1.74432,6.2085],[-1.7384,6.20709],[-1.74701,6.19592],[-1.75061,6.18591],[-1.72662,6.16791],[-1.73059,6.15668],[-1.72461,6.1507],[-1.71521,6.1485],[-1.71088,6.14191],[-1.71149,6.13788],[-1.73999,6.11969],[-1.74402,6.10968],[-1.74689,6.10889],[-1.74731,6.1131],[-1.75562,6.11389],[-1.76178,6.1109],[-1.76849,6.11292],[-1.77759,6.1087],[-1.78479,6.11047],[-1.78943,6.09912],[-1.8017,6.08832],[-1.7981,6.07593],[-1.802,6.07013],[-1.8006,6.06207],[-1.80481,6.05432],[-1.80359,6.0495],[-1.80878,6.0415],[-1.80481,6.0307],[-1.81702,6.02911],[-1.82379,6.03149],[-1.82312,6.0379],[-1.82941,6.03473],[-1.83728,6.03528],[-1.84802,6.02789],[-1.85309,6.0141],[-1.86078,6.0155],[-1.86591,6.00989],[-1.86981,6.0119],[-1.87201,6.02087],[-1.88208,6.03271],[-1.89148,6.02393],[-1.89313,6.01569],[-1.90271,6.0119],[-1.90509,6.01428],[-1.91302,6.0119],[-1.91913,6.01648],[-1.92731,6.03552],[-1.9317,6.03552],[-1.9472,6.04932],[-1.94928,6.05609],[-1.95221,6.0567],[-1.95203,6.05029],[-1.95563,6.0509],[-1.96051,6.05731],[-1.96448,6.05609],[-1.96582,6.05231],[-1.96832,6.05371],[-1.97412,6.06653],[-1.97021,6.0675],[-1.97058,6.0705],[-1.97711,6.08447],[-1.97668,6.08911],[-1.96863,6.09369],[-1.9624,6.10193],[-1.96034,6.10605],[-1.96368,6.10571],[-1.9632,6.1087],[-1.96021,6.10632],[-1.94928,6.12128],[-1.95062,6.13092],[-1.94678,6.1391],[-1.94897,6.14252],[-1.94513,6.1485],[-1.9505,6.15649],[-1.94952,6.15948],[-1.93921,6.1593],[-1.9212,6.17407],[-1.9212,6.1803],[-1.90271,6.18329],[-1.88452,6.20868],[-1.89868,6.22632],[-1.90039,6.22949],[-1.89838,6.23309],[-1.90601,6.25208],[-1.90979,6.25232],[-1.90308,6.26672],[-1.90631,6.27533],[-1.89648,6.28473],[-1.89569,6.2887],[-1.89873,6.28799]]]}},{"type":"Feature","properties":{"name":"Amansie South","region":"Ashanti","pcode":"GH0211","level":"ADM2"},"geometry":{"type":"Polygon","coordinates":[[[-1.96021,6.10632],[-1.9632,6.1087],[-1.96368,6.10571],[-1.96034,6.10605],[-1.9624,6.10193],[-1.96863,6.09369],[-1.97668,6.08911],[-1.97729,6.09369],[-1.98639,6.1001],[-1.9881,6.1059],[-1.98401,6.11469],[-1.97913,6.11267],[-1.98108,6.11871],[-1.99103,6.12372],[-1.99738,6.11688],[-2.0061,6.11749],[-2.0069,6.11133],[-2.01202,6.11212],[-2.01471,6.1239],[-2.02429,6.13611],[-2.02533,6.14392],[-2.02008,6.1535],[-2.02368,6.15887],[-2.02289,6.1731],[-2.0401,6.19733],[-2.03821,6.20691],[-2.02911,6.21393],[-2.02161,6.2251],[-2.02191,6.2597],[-2.01422,6.26788],[-2.0097,6.2887],[-2.01147,6.2915],[-2.04492,6.28528],[-2.06598,6.29431],[-2.07483,6.29291],[-2.0943,6.30792],[-2.10199,6.30951],[-2.11951,6.3075],[-2.12408,6.30188],[-2.12738,6.31873],[-2.1225,6.32928],[-2.12482,6.33649],[-2.13593,6.34747],[-2.1485,6.34851],[-2.15259,6.35413],[-2.1731,6.36469],[-2.16071,6.37292],[-2.15942,6.3905],[-2.14478,6.39069],[-2.14148,6.39612],[-2.14313,6.40271],[-2.14099,6.4137],[-2.1239,6.41211],[-2.11639,6.41449],[-2.09729,6.41071],[-2.08008,6.40332],[-2.07001,6.39532],[-2.05688,6.3963],[-2.04541,6.39069],[-2.0426,6.39471],[-2.04919,6.39832],[-2.04248,6.41272],[-2.04608,6.42548],[-2.04053,6.4303],[-2.0285,6.43091],[-2.02332,6.43549],[-2.02081,6.43829],[-2.02338,6.44189],[-2.03241,6.44287],[-2.01141,6.4577],[-2.00659,6.46509],[-2.00781,6.4729],[-2.0,6.49908],[-2.00891,6.52289],[-2.00769,6.5257],[-1.99463,6.51489],[-1.98633,6.51929],[-1.95941,6.51428],[-1.95441,6.50549],[-1.95203,6.47888],[-1.95441,6.4671],[-1.95142,6.45532],[-1.95441,6.44769],[-1.9538,6.42108],[-1.95679,6.40631],[-1.94958,6.3761],[-1.94849,6.34747],[-1.95172,6.31927],[-1.91211,6.30109],[-1.9057,6.29028],[-1.89648,6.28473],[-1.90631,6.27533],[-1.90308,6.26672],[-1.90979,6.25232],[-1.90601,6.25208],[-1.89838,6.23309],[-1.90039,6.22949],[-1.89868,6.22632],[-1.88452,6.20868],[-1.90271,6.18329],[-1.9212,6.1803],[-1.9212,6.17407],[-1.93921,6.1593],[-1.94952,6.15948],[-1.9505,6.15649],[-1.94513,6.1485],[-1.94897,6.14252],[-1.94678,6.1391],[-1.95062,6.13092],[-1.94928,6.12128],[-1.96021,6.10632]]]}},{"type":"Feature","properties":{"name":"Amansie West","region":"Ashanti","pcode":"GH0212","level":"ADM2"},"geometry":{"type":"Polygon","coordinates":[[[-1.89648,6.28473],[-1.9057,6.29028],[-1.91211,6.30109],[-1.95172,6.31927],[-1.94849,6.34747],[-1.94958,6.3761],[-1.95679,6.40631],[-1.9538,6.42108],[-1.95441,6.44769],[-1.95142,6.45532],[-1.95441,6.4671],[-1.95203,6.47888],[-1.95441,6.50549],[-1.95941,6.51428],[-1.97632,6.51593],[-1.98199,6.5191],[-1.97601,6.5199],[-1.97601,6.52393],[-1.98322,6.52533],[-1.98401,6.52869],[-1.97461,6.53271],[-1.96899,6.54492],[-1.9729,6.54651],[-1.97137,6.55267],[-1.95972,6.56952],[-1.93512,6.57507],[-1.92871,6.58252],[-1.91101,6.58551],[-1.90521,6.59131],[-1.90179,6.5871],[-1.88159,6.58789],[-1.8858,6.57892],[-1.87708,6.57269],[-1.8595,6.5733],[-1.85809,6.5863],[-1.82611,6.57788],[-1.80859,6.5675],[-1.79687,6.5741],[-1.79303,6.56689],[-1.79523,6.5589],[-1.79089,6.55011],[-1.79962,6.54248],[-1.80298,6.53412],[-1.79272,6.5213],[-1.7934,6.51453],[-1.7865,6.5119],[-1.78009,6.51453],[-1.77612,6.52771],[-1.76978,6.5321],[-1.7619,6.53247],[-1.7514,6.52692],[-1.74512,6.5271],[-1.74463,6.53448],[-1.73999,6.54053],[-1.72333,6.5415],[-1.71448,6.54968],[-1.71198,6.55988],[-1.7085,6.56128],[-1.70679,6.55872],[-1.69312,6.55731],[-1.68231,6.55267],[-1.67603,6.56049],[-1.67322,6.5697],[-1.67029,6.56891],[-1.65222,6.54791],[-1.65759,6.54492],[-1.66681,6.5481],[-1.67273,6.54089],[-1.68793,6.5351],[-1.69568,6.5285],[-1.69348,6.51788],[-1.6828,6.50812],[-1.68573,6.50391],[-1.70422,6.50067],[-1.70782,6.49371],[-1.71399,6.48932],[-1.72168,6.49249],[-1.72852,6.49091],[-1.7442,6.4729],[-1.74011,6.4469],[-1.75098,6.43927],[-1.7572,6.43829],[-1.75732,6.40887],[-1.76813,6.39868],[-1.76923,6.38989],[-1.7796,6.38452],[-1.78809,6.35748],[-1.78351,6.35248],[-1.7807,6.33691],[-1.78558,6.33392],[-1.78888,6.33569],[-1.79181,6.32831],[-1.79651,6.33392],[-1.81152,6.33569],[-1.81403,6.33228],[-1.81873,6.33588],[-1.8302,6.33771],[-1.84778,6.33551],[-1.86249,6.3255],[-1.87482,6.3269],[-1.8894,6.31989],[-1.89368,6.31488],[-1.89362,6.31091],[-1.8902,6.30847],[-1.89209,6.30487],[-1.89728,6.3053],[-1.89941,6.30109],[-1.89581,6.29449],[-1.89893,6.2882],[-1.89569,6.2887],[-1.89648,6.28473]]]}},{"type":"Feature","properties":{"name":"Asante Akim Central Municipal","region":"Ashanti","pcode":"GH0213","level":"ADM2"},"geometry":{"type":"Polygon","coordinates":[[[-1.14459,6.67633],[-1.1333,6.66791],[-1.13428,6.65308],[-1.14532,6.6463],[-1.16278,6.64191],[-1.17389,6.63153],[-1.16888,6.62512],[-1.16492,6.62488],[-1.16852,6.6167],[-1.16241,6.61267],[-1.16589,6.60791],[-1.18121,6.60211],[-1.1651,6.59088],[-1.20422,6.58551],[-1.21912,6.57092],[-1.22272,6.54749],[-1.21698,6.53632],[-1.22699,6.52393],[-1.22168,6.50891],[-1.20282,6.49109],[-1.2038,6.48572],[-1.21759,6.4649],[-1.23419,6.44769],[-1.23499,6.44312],[-1.2749,6.43213],[-1.27948,6.42749],[-1.28259,6.41791],[-1.28601,6.41687],[-1.2934,6.40613],[-1.29791,6.40833],[-1.29993,6.41132],[-1.29858,6.41931],[-1.3031,6.42432],[-1.29529,6.43732],[-1.29291,6.45093],[-1.28619,6.45093],[-1.29071,6.47192],[-1.2796,6.50153],[-1.28552,6.50391],[-1.28381,6.5249],[-1.29541,6.54291],[-1.29761,6.5509],[-1.284,6.56891],[-1.2735,6.5777],[-1.26703,6.57867],[-1.26703,6.58331],[-1.27789,6.6015],[-1.27478,6.60913],[-1.28479,6.62207],[-1.28601,6.63251],[-1.26721,6.6507],[-1.26678,6.66107],[-1.25958,6.66931],[-1.25922,6.67792],[-1.24738,6.68591],[-1.2453,6.69092],[-1.24701,6.70868],[-1.24078,6.71887],[-1.23792,6.72247],[-1.23328,6.72272],[-1.2168,6.71753],[-1.19843,6.70569],[-1.17291,6.69971],[-1.17108,6.69708],[-1.1524,6.70172],[-1.14142,6.69989],[-1.13611,6.6933],[-1.13483,6.68573],[-1.1449,6.67969],[-1.14459,6.67633]]]}},{"type":"Feature","properties":{"name":"Asante Akim North","region":"Ashanti","pcode":"GH0214","level":"ADM2"},"geometry":{"type":"Polygon","coordinates":[[[-0.75983,6.91168],[-0.7569,6.9151],[-0.75519,6.91132],[-0.75641,6.85052],[-0.7901,6.7923],[-0.80243,6.78949],[-0.83221,6.79291],[-0.84351,6.77991],[-0.8479,6.77869],[-0.86621,6.78168],[-0.8808,6.77869],[-0.90253,6.78693],[-0.90631,6.77972],[-0.91479,6.77692],[-0.91528,6.76831],[-0.93121,6.75787],[-0.95532,6.75409],[-0.96008,6.7475],[-0.97308,6.75031],[-0.98212,6.74872],[-0.98492,6.74292],[-0.97949,6.73969],[-0.97351,6.73749],[-0.96283,6.74152],[-0.95178,6.73651],[-0.94702,6.72491],[-0.95062,6.70789],[-0.96051,6.69171],[-0.97382,6.68073],[-0.97693,6.65808],[-0.97308,6.6441],[-1.02039,6.64392],[-1.0144,6.6673],[-0.99982,6.68652],[-0.99701,6.69629],[-1.00281,6.70471],[-1.02521,6.72333],[-1.03741,6.72449],[-1.05408,6.70947],[-1.05713,6.71912],[-1.06458,6.71851],[-1.07379,6.72272],[-1.08051,6.72308],[-1.08313,6.71808],[-1.08722,6.71667],[-1.10168,6.71887],[-1.10779,6.70972],[-1.10889,6.69952],[-1.11493,6.69452],[-1.12262,6.67932],[-1.12323,6.67328],[-1.1333,6.66791],[-1.14459,6.67633],[-1.1449,6.67969],[-1.13483,6.68573],[-1.13611,6.6933],[-1.14142,6.69989],[-1.1524,6.70172],[-1.17108,6.69708],[-1.17291,6.69971],[-1.19843,6.70569],[-1.2168,6.71753],[-1.23792,6.72247],[-1.23871,6.7467],[-1.24719,6.75769],[-1.25171,6.75909],[-1.25409,6.76672],[-1.25708,6.78931],[-1.25513,6.80048],[-1.2616,6.8147],[-1.26001,6.82269],[-1.26941,6.83148],[-1.26111,6.83051],[-1.24762,6.83728],[-1.24091,6.83649],[-1.23419,6.83112],[-1.224,6.8299],[-1.22137,6.8233],[-1.21198,6.82092],[-1.1933,6.80328],[-1.17828,6.80548],[-1.17712,6.79871],[-1.17249,6.79669],[-1.16492,6.79572],[-1.1557,6.80389],[-1.15558,6.80768],[-1.15118,6.80872],[-1.14819,6.80688],[-1.14709,6.7995],[-1.16632,6.79211],[-1.16962,6.78967],[-1.1684,6.78571],[-1.15051,6.77808],[-1.14062,6.78247],[-1.13123,6.77893],[-1.11621,6.78088],[-1.10492,6.80011],[-1.10181,6.81372],[-1.10681,6.8327],[-1.10461,6.84448],[-1.09778,6.85132],[-1.0965,6.86511],[-1.08899,6.87549],[-1.09637,6.88348],[-1.09479,6.88733],[-1.08728,6.89728],[-1.0741,6.89752],[-1.06561,6.90308],[-1.06,6.91553],[-1.06152,6.92249],[-1.05042,6.93768],[-1.04962,6.94153],[-1.05328,6.94409],[-1.06628,6.94873],[-1.07031,6.97607],[-1.052,6.98212],[-1.02441,7.00891],[-1.01111,7.01471],[-1.00952,7.02332],[-0.99969,7.0343],[-0.98102,7.03027],[-0.95978,7.03748],[-0.94629,7.03271],[-0.93573,7.03351],[-0.91339,7.02228],[-0.90399,7.0127],[-0.89301,7.00989],[-0.87988,7.0011],[-0.87958,6.99628],[-0.86151,6.98572],[-0.85193,6.98511],[-0.84332,6.97589],[-0.84418,6.97308],[-0.83899,6.9679],[-0.83289,6.95172],[-0.83368,6.94611],[-0.828,6.93793],[-0.82831,6.9303],[-0.82349,6.9201],[-0.8219,6.90088],[-0.81708,6.89972],[-0.80933,6.90552],[-0.80981,6.8877],[-0.80389,6.88989],[-0.79852,6.88232],[-0.79388,6.88348],[-0.79071,6.8963],[-0.78259,6.89313],[-0.78229,6.88928],[-0.77612,6.88428],[-0.76569,6.88391],[-0.76062,6.8891],[-0.75983,6.91168]]]}},{"type":"Feature","properties":{"name":"Asante Akim South","region":"Ashanti","pcode":"GH0215","level":"ADM2"},"geometry":{"type":"Polygon","coordinates":[[[-1.03741,6.72449],[-1.02521,6.72333],[-1.00281,6.70471],[-0.99701,6.69629],[-0.99982,6.68652],[-1.0144,6.6673],[-1.02039,6.64392],[-0.97308,6.6441],[-0.97711,6.63751],[-0.97711,6.62073],[-0.97668,6.61548],[-0.97101,6.6123],[-0.94513,6.62708],[-0.94342,6.63928],[-0.92291,6.6391],[-0.9184,6.62207],[-0.91058,6.60992],[-0.91492,6.60132],[-0.9126,6.59888],[-0.914,6.59412],[-0.92102,6.58752],[-0.9314,6.5835],[-0.93439,6.57471],[-0.94421,6.5647],[-0.9505,6.56409],[-0.95551,6.55951],[-0.9621,6.55011],[-0.96503,6.53992],[-0.9715,6.5351],[-0.97241,6.52753],[-0.97821,6.51831],[-0.98059,6.5199],[-0.98779,6.5163],[-0.99268,6.51111],[-0.99371,6.50452],[-0.99982,6.49951],[-1.00513,6.48767],[-1.00702,6.47229],[-1.01099,6.4671],[-1.005,6.45172],[-1.00769,6.44971],[-1.00641,6.44208],[-1.01721,6.43652],[-1.01569,6.42072],[-1.0108,6.41589],[-1.0199,6.4129],[-1.02008,6.4093],[-1.02301,6.40869],[-1.03552,6.4115],[-1.04303,6.40051],[-1.05481,6.39771],[-1.06769,6.38928],[-1.0694,6.3833],[-1.10211,6.36432],[-1.1051,6.35773],[-1.11139,6.35553],[-1.11261,6.33929],[-1.11951,6.32568],[-1.11371,6.3241],[-1.11279,6.32129],[-1.12482,6.31952],[-1.13141,6.31549],[-1.13031,6.29968],[-1.1355,6.29907],[-1.138,6.29547],[-1.12769,6.28589],[-1.1308,6.28009],[-1.12811,6.27271],[-1.11823,6.26947],[-1.12451,6.2453],[-1.12109,6.20972],[-1.13629,6.19952],[-1.15338,6.19928],[-1.15613,6.20331],[-1.16089,6.20172],[-1.16351,6.20508],[-1.17969,6.20227],[-1.18188,6.20471],[-1.19849,6.19952],[-1.20251,6.20892],[-1.2019,6.22113],[-1.20813,6.22748],[-1.21362,6.22827],[-1.21411,6.2403],[-1.22601,6.26312],[-1.22992,6.26593],[-1.22791,6.27612],[-1.22998,6.28448],[-1.23871,6.28113],[-1.24219,6.29309],[-1.25879,6.30652],[-1.26971,6.33569],[-1.27979,6.33728],[-1.2771,6.3465],[-1.28003,6.34747],[-1.2796,6.3551],[-1.297,6.3717],[-1.2923,6.37793],[-1.29602,6.38812],[-1.29358,6.39191],[-1.29602,6.4007],[-1.2749,6.43213],[-1.23499,6.44312],[-1.23419,6.44769],[-1.21759,6.4649],[-1.2038,6.48572],[-1.20282,6.49109],[-1.22168,6.50891],[-1.22699,6.52393],[-1.21698,6.53632],[-1.22272,6.54749],[-1.21912,6.57092],[-1.20422,6.58551],[-1.1651,6.59088],[-1.18121,6.60211],[-1.16589,6.60791],[-1.16241,6.61267],[-1.16852,6.6167],[-1.16492,6.62488],[-1.16888,6.62512],[-1.17389,6.63153],[-1.16278,6.64191],[-1.14532,6.6463],[-1.13428,6.65308],[-1.1333,6.66791],[-1.12323,6.67328],[-1.12262,6.67932],[-1.11493,6.69452],[-1.10889,6.69952],[-1.10779,6.70972],[-1.10168,6.71887],[-1.08722,6.71667],[-1.08313,6.71808],[-1.08051,6.72308],[-1.07379,6.72272],[-1.06458,6.71851],[-1.05713,6.71912],[-1.05408,6.70947],[-1.03741,6.72449]]]}},{"type":"Feature","properties":{"name":"Asokore Mampong Municipal","region":"Ashanti","pcode":"GH0216","level":"ADM2"},"geometry":{"type":"Polygon","coordinates":[[[-1.5589,6.72913],[-1.54901,6.72412],[-1.53979,6.72369],[-1.54053,6.71631],[-1.53229,6.7085],[-1.53479,6.70612],[-1.53351,6.70313],[-1.54541,6.70111],[-1.55469,6.70587],[-1.56592,6.69153],[-1.57483,6.70007],[-1.5863,6.69629],[-1.5918,6.69049],[-1.60101,6.69672],[-1.6153,6.6983],[-1.60901,6.70691],[-1.59882,6.70947],[-1.59631,6.72028],[-1.5896,6.72748],[-1.56763,6.73352],[-1.56299,6.72668],[-1.5589,6.72913]]]}},{"type":"Feature","properties":{"name":"Asokwa Municipal","region":"Ashanti","pcode":"GH0217","level":"ADM2"},"geometry":{"type":"Polygon","coordinates":[[[-1.5528,6.64368],[-1.56201,6.6347],[-1.58551,6.62207],[-1.59021,6.61432],[-1.59802,6.6123],[-1.60498,6.62628],[-1.60321,6.63049],[-1.6098,6.6463],[-1.61121,6.66492],[-1.5979,6.66968],[-1.59552,6.6803],[-1.5849,6.67371],[-1.57812,6.66052],[-1.55591,6.6637],[-1.5542,6.65649],[-1.55621,6.64728],[-1.5528,6.64368]]]}},{"type":"Feature","properties":{"name":"Atwima Kwanwoma","region":"Ashanti","pcode":"GH0218","level":"ADM2"},"geometry":{"type":"Polygon","coordinates":[[[-1.65271,6.63751],[-1.63263,6.61829],[-1.61481,6.61249],[-1.59802,6.6123],[-1.59698,6.5979],[-1.59167,6.59253],[-1.6051,6.59351],[-1.612,6.58551],[-1.59662,6.54028],[-1.59662,6.5293],[-1.6048,6.52789],[-1.62231,6.5343],[-1.6319,6.53131],[-1.63892,6.53271],[-1.66772,6.56653],[-1.67322,6.5697],[-1.67603,6.56049],[-1.68231,6.55267],[-1.69312,6.55731],[-1.70679,6.55872],[-1.7085,6.56128],[-1.71393,6.55627],[-1.71448,6.54968],[-1.72333,6.5415],[-1.73999,6.54053],[-1.74463,6.53448],[-1.74512,6.5271],[-1.7514,6.52692],[-1.76611,6.53333],[-1.77612,6.52771],[-1.78009,6.51453],[-1.7865,6.5119],[-1.7934,6.51453],[-1.79272,6.5213],[-1.80298,6.53412],[-1.79962,6.54248],[-1.79089,6.55011],[-1.79523,6.5589],[-1.79401,6.57068],[-1.8042,6.57629],[-1.81311,6.5885],[-1.81409,6.60132],[-1.81848,6.60968],[-1.81628,6.61371],[-1.7923,6.62708],[-1.78918,6.63788],[-1.78491,6.63788],[-1.77881,6.63068],[-1.77271,6.6377],[-1.75171,6.63611],[-1.74463,6.64032],[-1.72308,6.66351],[-1.71869,6.66193],[-1.71002,6.66772],[-1.69952,6.6673],[-1.6908,6.65411],[-1.66998,6.66748],[-1.65509,6.65009],[-1.65271,6.63751]]]}},{"type":"Feature","properties":{"name":"Atwima Mponua","region":"Ashanti","pcode":"GH0219","level":"ADM2"},"geometry":{"type":"Polygon","coordinates":[[[-2.11908,6.79028],[-2.09442,6.78412],[-2.05933,6.78113],[-2.04132,6.77209],[-2.02228,6.78168],[-2.00989,6.77533],[-1.99768,6.75348],[-1.99469,6.7569],[-1.99213,6.77289],[-1.9892,6.7749],[-1.97998,6.77332],[-1.96942,6.76233],[-1.97028,6.73993],[-1.96259,6.73688],[-1.95172,6.72449],[-1.9549,6.71393],[-1.9516,6.70673],[-1.94458,6.71112],[-1.9422,6.71887],[-1.93829,6.72089],[-1.9375,6.7323],[-1.93298,6.73212],[-1.93512,6.73907],[-1.92798,6.7417],[-1.9209,6.73511],[-1.91101,6.73389],[-1.90509,6.73871],[-1.90649,6.7431],[-1.89978,6.74249],[-1.88489,6.71912],[-1.8847,6.7149],[-1.87201,6.71008],[-1.85938,6.6933],[-1.84808,6.6875],[-1.84271,6.66687],[-1.83142,6.6579],[-1.83282,6.64709],[-1.84149,6.63867],[-1.84991,6.62268],[-1.85529,6.61969],[-1.85498,6.60748],[-1.86151,6.59851],[-1.85809,6.59229],[-1.86041,6.58893],[-1.85809,6.5863],[-1.8595,6.5733],[-1.87708,6.57269],[-1.8858,6.57892],[-1.88159,6.58789],[-1.90179,6.5871],[-1.90521,6.59131],[-1.91101,6.58551],[-1.92871,6.58252],[-1.93512,6.57507],[-1.95972,6.56952],[-1.97137,6.55267],[-1.9729,6.54651],[-1.96899,6.54492],[-1.97461,6.53271],[-1.98401,6.52869],[-1.98322,6.52533],[-1.97601,6.52393],[-1.97601,6.5199],[-1.99011,6.51849],[-1.99121,6.51489],[-1.99463,6.51489],[-2.00769,6.5257],[-2.00891,6.52289],[-2.0,6.49908],[-2.00781,6.4729],[-2.00659,6.46509],[-2.01141,6.4577],[-2.03241,6.44287],[-2.02338,6.44189],[-2.02081,6.43829],[-2.02332,6.43549],[-2.0285,6.43091],[-2.04053,6.4303],[-2.04608,6.42548],[-2.04248,6.41272],[-2.04919,6.39832],[-2.0426,6.39471],[-2.04541,6.39069],[-2.05688,6.3963],[-2.07001,6.39532],[-2.08008,6.40332],[-2.09729,6.41071],[-2.11639,6.41449],[-2.1239,6.41211],[-2.14099,6.4137],[-2.14313,6.40271],[-2.14148,6.39612],[-2.14478,6.39069],[-2.15942,6.3905],[-2.16071,6.37292],[-2.1731,6.36469],[-2.19989,6.35388],[-2.21198,6.33612],[-2.22699,6.3219],[-2.21698,6.34711],[-2.2157,6.36328],[-2.22711,6.40771],[-2.22552,6.41528],[-2.2309,6.4223],[-2.22998,6.44611],[-2.24072,6.47229],[-2.2605,6.49048],[-2.27972,6.48749],[-2.2887,6.49109],[-2.29492,6.49048],[-2.30261,6.48413],[-2.3064,6.48431],[-2.31012,6.48993],[-2.33801,6.49231],[-2.34381,6.48273],[-2.3512,6.48389],[-2.35968,6.4765],[-2.3512,6.46448],[-2.34943,6.4549],[-2.35461,6.44873],[-2.34851,6.43652],[-2.34399,6.43347],[-2.35199,6.39429],[-2.36182,6.38409],[-2.3783,6.35071],[-2.38953,6.3465],[-2.38989,6.3349],[-2.3996,6.34149],[-2.39758,6.35089],[-2.42108,6.3479],[-2.4281,6.35052],[-2.43042,6.35431],[-2.42352,6.3949],[-2.4256,6.40112],[-2.4248,6.40448],[-2.42139,6.40448],[-2.42963,6.41711],[-2.4389,6.42072],[-2.44061,6.4281],[-2.44751,6.43152],[-2.43921,6.43909],[-2.44019,6.44269],[-2.44421,6.44391],[-2.44318,6.45367],[-2.43042,6.47131],[-2.42029,6.47827],[-2.42401,6.47949],[-2.4256,6.48413],[-2.42242,6.49109],[-2.41571,6.49011],[-2.41589,6.4953],[-2.41119,6.49707],[-2.40759,6.50427],[-2.40179,6.5069],[-2.39832,6.50409],[-2.39618,6.5213],[-2.38531,6.52448],[-2.38269,6.5271],[-2.38342,6.53351],[-2.3764,6.5387],[-2.37701,6.5473],[-2.38489,6.55713],[-2.3855,6.56769],[-2.38068,6.57172],[-2.37982,6.5849],[-2.37128,6.5929],[-2.37891,6.59851],[-2.38312,6.5979],[-2.38409,6.61029],[-2.39038,6.60992],[-2.39423,6.61792],[-2.39282,6.62311],[-2.40082,6.6297],[-2.40161,6.63629],[-2.39581,6.6427],[-2.39648,6.64771],[-2.40033,6.65051],[-2.4068,6.64911],[-2.41199,6.65149],[-2.41718,6.65747],[-2.40161,6.66528],[-2.38861,6.66687],[-2.38123,6.67249],[-2.37323,6.67169],[-2.36578,6.6795],[-2.36322,6.68793],[-2.34729,6.69849],[-2.33081,6.69647],[-2.3075,6.68848],[-2.30322,6.68951],[-2.30109,6.69629],[-2.29028,6.7049],[-2.28558,6.69989],[-2.28088,6.70532],[-2.2644,6.70929],[-2.25092,6.70032],[-2.24738,6.7019],[-2.23761,6.71948],[-2.22821,6.7135],[-2.2121,6.71411],[-2.20428,6.72412],[-2.19818,6.72192],[-2.19641,6.72827],[-2.17822,6.74988],[-2.17859,6.76068],[-2.17529,6.76392],[-2.14258,6.78589],[-2.12238,6.78632],[-2.11908,6.79028]]]}},{"type":"Feature","properties":{"name":"Atwima Nwabiagya North","region":"Ashanti","pcode":"GH0220","level":"ADM2"},"geometry":{"type":"Polygon","coordinates":[[[-1.6861,6.86713],[-1.69049,6.86029],[-1.6933,6.86108],[-1.69489,6.85291],[-1.68878,6.84009],[-1.6756,6.8313],[-1.67981,6.82507],[-1.67981,6.8183],[-1.68799,6.81232],[-1.67108,6.8103],[-1.66809,6.78552],[-1.6626,6.78192],[-1.66321,6.77771],[-1.67432,6.78412],[-1.67529,6.7677],[-1.68439,6.76532],[-1.69678,6.77411],[-1.72058,6.78168],[-1.75098,6.79773],[-1.78882,6.79968],[-1.78943,6.80408],[-1.78009,6.81372],[-1.78052,6.82373],[-1.79181,6.83087],[-1.79529,6.84009],[-1.79541,6.85553],[-1.80243,6.86493],[-1.80109,6.87347],[-1.80389,6.88013],[-1.79651,6.88507],[-1.79718,6.90552],[-1.78711,6.9173],[-1.78851,6.92828],[-1.79749,6.93628],[-1.80298,6.94611],[-1.81,6.94513],[-1.82068,6.95831],[-1.82141,6.96588],[-1.82782,6.96948],[-1.82452,6.97632],[-1.82648,6.98468],[-1.82428,6.99109],[-1.82172,6.9931],[-1.80298,6.9809],[-1.7948,6.97052],[-1.7757,6.97272],[-1.75769,6.95673],[-1.74341,6.93872],[-1.72028,6.93652],[-1.71619,6.9259],[-1.72058,6.91351],[-1.71252,6.89948],[-1.71198,6.89111],[-1.70093,6.89032],[-1.68811,6.88153],[-1.68939,6.8703],[-1.6861,6.86713]]]}},{"type":"Feature","properties":{"name":"Atwima Nwabiagya South","region":"Ashanti","pcode":"GH0221","level":"ADM2"},"geometry":{"type":"Polygon","coordinates":[[[-1.78882,6.79968],[-1.75098,6.79773],[-1.72058,6.78168],[-1.69678,6.77411],[-1.68439,6.76532],[-1.7019,6.76111],[-1.71051,6.75513],[-1.7085,6.75189],[-1.69879,6.7511],[-1.69861,6.74811],[-1.68311,6.74811],[-1.68231,6.74329],[-1.6651,6.74072],[-1.66302,6.7171],[-1.67688,6.71808],[-1.67688,6.72351],[-1.68793,6.72247],[-1.68488,6.7193],[-1.69659,6.70709],[-1.69849,6.6955],[-1.70361,6.68829],[-1.7049,6.6817],[-1.70178,6.67328],[-1.71869,6.66193],[-1.72308,6.66351],[-1.72681,6.66107],[-1.72748,6.65729],[-1.74811,6.63708],[-1.77271,6.6377],[-1.77881,6.63068],[-1.78491,6.63788],[-1.78918,6.63788],[-1.7923,6.62708],[-1.79791,6.62189],[-1.81628,6.61371],[-1.81848,6.60968],[-1.81409,6.60132],[-1.81311,6.5885],[-1.80109,6.57373],[-1.80859,6.5675],[-1.82611,6.57788],[-1.85431,6.58429],[-1.86041,6.58893],[-1.85809,6.59229],[-1.86151,6.59851],[-1.85498,6.60748],[-1.85529,6.61969],[-1.84991,6.62268],[-1.84149,6.63867],[-1.83282,6.64709],[-1.83142,6.6579],[-1.84271,6.66687],[-1.84808,6.6875],[-1.85938,6.6933],[-1.87201,6.71008],[-1.8847,6.7149],[-1.89758,6.7395],[-1.89978,6.74249],[-1.90649,6.7431],[-1.9068,6.7467],[-1.90021,6.76471],[-1.89203,6.77332],[-1.8905,6.78131],[-1.87689,6.7821],[-1.87299,6.78528],[-1.86932,6.78931],[-1.86731,6.80072],[-1.86023,6.81012],[-1.84271,6.8053],[-1.8363,6.80627],[-1.83112,6.8017],[-1.83118,6.79749],[-1.82471,6.7951],[-1.82141,6.79053],[-1.81641,6.79089],[-1.80823,6.79712],[-1.79248,6.79688],[-1.78882,6.79968]]]}},{"type":"Feature","properties":{"name":"Bekwai Municipal","region":"Ashanti","pcode":"GH0222","level":"ADM2"},"geometry":{"type":"Polygon","coordinates":[[[-1.65222,6.54791],[-1.63892,6.53271],[-1.6319,6.53131],[-1.62231,6.5343],[-1.6048,6.52789],[-1.59662,6.5293],[-1.58759,6.51593],[-1.58002,6.52252],[-1.58191,6.50568],[-1.5675,6.51251],[-1.54852,6.53027],[-1.5351,6.52612],[-1.51471,6.51111],[-1.50159,6.50909],[-1.47461,6.51129],[-1.47382,6.50348],[-1.4826,6.49011],[-1.48529,6.4707],[-1.47858,6.4635],[-1.47131,6.46509],[-1.45801,6.4613],[-1.4505,6.44592],[-1.42853,6.43671],[-1.42273,6.43109],[-1.44708,6.4245],[-1.4353,6.38452],[-1.4267,6.38409],[-1.42621,6.37891],[-1.43372,6.36871],[-1.43768,6.36969],[-1.43549,6.36151],[-1.44421,6.34888],[-1.44238,6.34351],[-1.4588,6.32751],[-1.46161,6.32593],[-1.4682,6.33551],[-1.47522,6.33728],[-1.48248,6.34888],[-1.49011,6.3537],[-1.49182,6.35773],[-1.48749,6.36029],[-1.48431,6.36792],[-1.49402,6.37347],[-1.51233,6.37531],[-1.51251,6.3645],[-1.51929,6.34833],[-1.54169,6.34332],[-1.55469,6.3479],[-1.56879,6.34747],[-1.57098,6.34991],[-1.5686,6.35773],[-1.57831,6.37469],[-1.5744,6.38031],[-1.58618,6.38971],[-1.58521,6.39673],[-1.60071,6.39227],[-1.60529,6.40033],[-1.61731,6.4035],[-1.61981,6.38989],[-1.63391,6.38373],[-1.64819,6.38629],[-1.65161,6.39691],[-1.65662,6.40149],[-1.66449,6.39868],[-1.67682,6.40271],[-1.68091,6.4007],[-1.69153,6.38391],[-1.69861,6.38013],[-1.70239,6.37152],[-1.71863,6.36792],[-1.72601,6.36029],[-1.73291,6.36371],[-1.73328,6.37347],[-1.74451,6.38507],[-1.7608,6.39032],[-1.76923,6.38989],[-1.76813,6.39868],[-1.75732,6.40887],[-1.7572,6.43829],[-1.75098,6.43927],[-1.74011,6.4469],[-1.7442,6.4729],[-1.7417,6.4765],[-1.72852,6.49091],[-1.72168,6.49249],[-1.71399,6.48932],[-1.70782,6.49371],[-1.70422,6.50067],[-1.68573,6.50391],[-1.6828,6.50812],[-1.69348,6.51788],[-1.69568,6.5285],[-1.68793,6.5351],[-1.67273,6.54089],[-1.66681,6.5481],[-1.65759,6.54492],[-1.65222,6.54791]]]}},{"type":"Feature","properties":{"name":"Bosome Freho","region":"Ashanti","pcode":"GH0223","level":"ADM2"},"geometry":{"type":"MultiPolygon","coordinates":[[[[-1.25842,6.21887],[-1.2428,6.20789],[-1.21881,6.21112],[-1.20221,6.20093],[-1.1933,6.19952],[-1.18903,6.19348],[-1.18829,6.18408],[-1.18011,6.1803],[-1.17902,6.17389],[-1.18231,6.16748],[-1.18549,6.16913],[-1.17963,6.15631],[-1.18408,6.1441],[-1.18811,6.14447],[-1.19318,6.13672],[-1.2005,6.13287],[-1.19843,6.12628],[-1.19342,6.1225],[-1.20551,6.11572],[-1.20911,6.1203],[-1.2193,6.11908],[-1.22662,6.1225],[-1.23248,6.1181],[-1.24561,6.1181],[-1.25018,6.11267],[-1.25092,6.10608],[-1.26001,6.10211],[-1.26343,6.11188],[-1.27533,6.11792],[-1.28619,6.13013],[-1.29309,6.14532],[-1.2912,6.16467],[-1.29248,6.17407],[-1.29779,6.18372],[-1.29687,6.19769],[-1.29169,6.20569],[-1.26941,6.2041],[-1.25842,6.21887]]],[[[-1.43921,6.47528],[-1.42621,6.4715],[-1.41449,6.47449],[-1.39771,6.47052],[-1.3905,6.47229],[-1.38,6.4801],[-1.36023,6.47192],[-1.35022,6.47089],[-1.34271,6.46393],[-1.32922,6.46008],[-1.31171,6.44067],[-1.30292,6.44049],[-1.29858,6.43469],[-1.3031,6.42432],[-1.29858,6.41931],[-1.29993,6.41132],[-1.2934,6.40613],[-1.29602,6.4007],[-1.29358,6.39191],[-1.29602,6.38812],[-1.2923,6.37793],[-1.297,6.3717],[-1.2796,6.3551],[-1.28003,6.34747],[-1.2771,6.3465],[-1.27979,6.33728],[-1.26971,6.33569],[-1.26672,6.33069],[-1.26678,6.32288],[-1.26099,6.31549],[-1.26251,6.31171],[-1.24219,6.29309],[-1.24011,6.28351],[-1.23541,6.28149],[-1.24231,6.26611],[-1.25391,6.26367],[-1.25842,6.25787],[-1.27399,6.25171],[-1.28851,6.23389],[-1.29712,6.23572],[-1.3028,6.22791],[-1.32098,6.22449],[-1.32898,6.23431],[-1.32898,6.23792],[-1.34003,6.24188],[-1.3559,6.24048],[-1.36621,6.2301],[-1.37433,6.22827],[-1.38342,6.23492],[-1.38629,6.24109],[-1.38721,6.25232],[-1.37671,6.27209],[-1.38678,6.29132],[-1.38721,6.3009],[-1.39319,6.2951],[-1.39459,6.28729],[-1.39911,6.2843],[-1.41931,6.2901],[-1.42462,6.30267],[-1.43573,6.30487],[-1.4516,6.29907],[-1.4599,6.29108],[-1.47021,6.29211],[-1.48108,6.30713],[-1.44238,6.34351],[-1.44421,6.34888],[-1.43549,6.36151],[-1.43768,6.36969],[-1.43372,6.36871],[-1.42621,6.37891],[-1.4267,6.38409],[-1.4353,6.38452],[-1.44708,6.4245],[-1.42273,6.43109],[-1.42853,6.43671],[-1.4505,6.44592],[-1.45801,6.4613],[-1.47131,6.46509],[-1.47858,6.4635],[-1.48529,6.4707],[-1.4826,6.49011],[-1.47382,6.50348],[-1.47461,6.51129],[-1.46088,6.50873],[-1.44788,6.49689],[-1.44519,6.48248],[-1.43921,6.47528]]]]}},{"type":"Feature","properties":{"name":"Bosomtwe","region":"Ashanti","pcode":"GH0224","level":"ADM2"},"geometry":{"type":"Polygon","coordinates":[[[-1.51471,6.64392],[-1.50568,6.63171],[-1.49701,6.63269],[-1.48901,6.61731],[-1.47839,6.61407],[-1.46753,6.60669],[-1.45361,6.60828],[-1.44153,6.61792],[-1.43121,6.60968],[-1.42133,6.6109],[-1.4115,6.62109],[-1.41321,6.63489],[-1.40833,6.64008],[-1.38831,6.6347],[-1.37878,6.63629],[-1.35638,6.62128],[-1.34821,6.62048],[-1.34381,6.61511],[-1.3493,6.60529],[-1.34131,6.58533],[-1.33612,6.57892],[-1.32202,6.57288],[-1.31702,6.56268],[-1.3103,6.55652],[-1.31329,6.52631],[-1.34192,6.51489],[-1.34259,6.50952],[-1.33789,6.49872],[-1.34119,6.49072],[-1.34943,6.48969],[-1.37048,6.4751],[-1.38,6.4801],[-1.3905,6.47229],[-1.39771,6.47052],[-1.41449,6.47449],[-1.42621,6.4715],[-1.43921,6.47528],[-1.44519,6.48248],[-1.44788,6.49689],[-1.46088,6.50873],[-1.47461,6.51129],[-1.50671,6.50909],[-1.51471,6.51111],[-1.5351,6.52612],[-1.54852,6.53027],[-1.5675,6.51251],[-1.58191,6.50568],[-1.5788,6.51929],[-1.58002,6.52252],[-1.58759,6.51593],[-1.59662,6.5293],[-1.59662,6.54028],[-1.6095,6.57312],[-1.61139,6.58893],[-1.6051,6.59351],[-1.59167,6.59253],[-1.59698,6.5979],[-1.59802,6.6123],[-1.59021,6.61432],[-1.58551,6.62207],[-1.56201,6.6347],[-1.5528,6.64368],[-1.53949,6.64728],[-1.51471,6.64392]]]}},{"type":"Feature","properties":{"name":"Ejisu Municipal","region":"Ashanti","pcode":"GH0225","level":"ADM2"},"geometry":{"type":"Polygon","coordinates":[[[-1.46112,6.7901],[-1.43811,6.77173],[-1.43341,6.76251],[-1.41931,6.75787],[-1.4176,6.74292],[-1.40912,6.73273],[-1.3988,6.72992],[-1.37921,6.71692],[-1.37451,6.69928],[-1.3623,6.69452],[-1.34918,6.68152],[-1.32959,6.67871],[-1.32581,6.67407],[-1.32397,6.6629],[-1.29211,6.65747],[-1.2796,6.63989],[-1.28601,6.63251],[-1.28479,6.62207],[-1.27478,6.60913],[-1.27789,6.6015],[-1.26703,6.58331],[-1.26703,6.57867],[-1.2735,6.5777],[-1.284,6.56891],[-1.29761,6.5509],[-1.29541,6.54291],[-1.28381,6.5249],[-1.28552,6.50391],[-1.2796,6.50153],[-1.29071,6.47192],[-1.28619,6.45093],[-1.29291,6.45093],[-1.29529,6.43732],[-1.29858,6.43469],[-1.30292,6.44049],[-1.31439,6.4425],[-1.32922,6.46008],[-1.34271,6.46393],[-1.35022,6.47089],[-1.37048,6.4751],[-1.34943,6.48969],[-1.34119,6.49072],[-1.33789,6.49872],[-1.34259,6.50952],[-1.34192,6.51489],[-1.31543,6.52429],[-1.31049,6.53931],[-1.3103,6.55652],[-1.31702,6.56268],[-1.32202,6.57288],[-1.33612,6.57892],[-1.34131,6.58533],[-1.3493,6.60529],[-1.34381,6.61511],[-1.3457,6.6181],[-1.35638,6.62128],[-1.37878,6.63629],[-1.38831,6.6347],[-1.40381,6.6405],[-1.41211,6.6377],[-1.4115,6.62109],[-1.42432,6.60968],[-1.43121,6.60968],[-1.44153,6.61792],[-1.45361,6.60828],[-1.46753,6.60669],[-1.47839,6.61407],[-1.48621,6.6153],[-1.49701,6.63269],[-1.50568,6.63171],[-1.51251,6.63831],[-1.51471,6.64392],[-1.505,6.6629],[-1.51251,6.67352],[-1.51221,6.68109],[-1.51562,6.68829],[-1.526,6.69409],[-1.52283,6.7049],[-1.5387,6.71307],[-1.53979,6.72369],[-1.54901,6.72412],[-1.55481,6.72772],[-1.54181,6.73712],[-1.53851,6.7467],[-1.5293,6.74933],[-1.52588,6.75531],[-1.51288,6.75012],[-1.49481,6.75348],[-1.49213,6.75592],[-1.49298,6.77509],[-1.4765,6.78992],[-1.4754,6.79431],[-1.46112,6.7901]]]}},{"type":"Feature","properties":{"name":"Ejura-Sekyedumase","region":"Ashanti","pcode":"GH0226","level":"ADM2"},"geometry":{"type":"Polygon","coordinates":[[[-1.30792,7.62189],[-1.31659,7.6095],[-1.31311,7.60211],[-1.31329,7.58148],[-1.3111,7.57727],[-1.30029,7.57147],[-1.29419,7.5589],[-1.2951,7.5473],[-1.29041,7.53589],[-1.26599,7.52087],[-1.26251,7.51251],[-1.2478,7.49451],[-1.23859,7.48969],[-1.22589,7.49469],[-1.20679,7.4931],[-1.20251,7.49512],[-1.18042,7.48187],[-1.15759,7.47949],[-1.15448,7.46887],[-1.14722,7.46851],[-1.14563,7.4549],[-1.15112,7.44232],[-1.16388,7.43073],[-1.16638,7.41229],[-1.17273,7.4007],[-1.17352,7.38672],[-1.17981,7.36731],[-1.18512,7.36432],[-1.19958,7.36572],[-1.20941,7.36151],[-1.21722,7.36353],[-1.23541,7.36212],[-1.26672,7.34027],[-1.27771,7.32373],[-1.27869,7.30792],[-1.28259,7.30188],[-1.27753,7.29547],[-1.27789,7.2887],[-1.29761,7.28693],[-1.29687,7.2641],[-1.28931,7.23248],[-1.29822,7.23749],[-1.31299,7.25873],[-1.32361,7.26727],[-1.33099,7.2677],[-1.34442,7.27551],[-1.34869,7.28333],[-1.35699,7.28571],[-1.36963,7.30328],[-1.37701,7.30829],[-1.38519,7.30627],[-1.39209,7.29828],[-1.40332,7.30267],[-1.40613,7.29248],[-1.41028,7.28992],[-1.48132,7.26007],[-1.49341,7.25891],[-1.50238,7.2525],[-1.4978,7.2337],[-1.5094,7.2287],[-1.51703,7.23712],[-1.53009,7.23389],[-1.53442,7.22729],[-1.55542,7.21613],[-1.56348,7.20709],[-1.57672,7.17688],[-1.58008,7.17493],[-1.58942,7.14551],[-1.59521,7.15033],[-1.6087,7.1499],[-1.60742,7.16528],[-1.6311,7.1665],[-1.63123,7.16272],[-1.65802,7.16168],[-1.65869,7.18829],[-1.65381,7.1947],[-1.65692,7.20471],[-1.65179,7.2179],[-1.65948,7.23309],[-1.65417,7.24628],[-1.65649,7.25409],[-1.64679,7.26392],[-1.6438,7.26312],[-1.6427,7.27472],[-1.63782,7.28271],[-1.63629,7.30151],[-1.63971,7.3125],[-1.63593,7.32031],[-1.6424,7.33032],[-1.6394,7.33691],[-1.62592,7.33893],[-1.6178,7.35132],[-1.60681,7.35992],[-1.59241,7.38409],[-1.5769,7.40253],[-1.56342,7.40491],[-1.54041,7.39587],[-1.52789,7.39911],[-1.52191,7.39648],[-1.51819,7.39032],[-1.51581,7.39227],[-1.51562,7.40973],[-1.51001,7.42108],[-1.50989,7.42908],[-1.51251,7.44189],[-1.51923,7.44873],[-1.4942,7.48108],[-1.4718,7.49847],[-1.4624,7.5235],[-1.45172,7.54108],[-1.43628,7.55768],[-1.43359,7.57349],[-1.42511,7.57629],[-1.42542,7.5827],[-1.42029,7.58087],[-1.4093,7.58649],[-1.39789,7.59949],[-1.38641,7.60468],[-1.36841,7.60309],[-1.34229,7.61932],[-1.3158,7.62451],[-1.30792,7.62189]]]}},{"type":"Feature","properties":{"name":"Juaben Municipal","region":"Ashanti","pcode":"GH0227","level":"ADM2"},"geometry":{"type":"Polygon","coordinates":[[[-1.26678,6.66107],[-1.26721,6.6507],[-1.2796,6.63989],[-1.29211,6.65747],[-1.32397,6.6629],[-1.32581,6.67407],[-1.32959,6.67871],[-1.34918,6.68152],[-1.3623,6.69452],[-1.37451,6.69928],[-1.37921,6.71692],[-1.3988,6.72992],[-1.40912,6.73273],[-1.4176,6.74292],[-1.41931,6.75787],[-1.43341,6.76251],[-1.43811,6.77173],[-1.4585,6.78888],[-1.45239,6.79608],[-1.45862,6.80811],[-1.45923,6.82648],[-1.466,6.84949],[-1.46252,6.86932],[-1.44012,6.87231],[-1.44751,6.85651],[-1.44843,6.84711],[-1.4317,6.83948],[-1.42822,6.83228],[-1.40131,6.84509],[-1.39209,6.83551],[-1.38861,6.82751],[-1.37299,6.8269],[-1.36731,6.80933],[-1.35071,6.79431],[-1.33801,6.76508],[-1.33832,6.75391],[-1.35028,6.75488],[-1.35248,6.75208],[-1.35468,6.73053],[-1.35229,6.72693],[-1.32111,6.71393],[-1.31403,6.69873],[-1.29962,6.69409],[-1.26678,6.66107]]]}},{"type":"Feature","properties":{"name":"Kumasi Metropolitan","region":"Ashanti","pcode":"GH0228","level":"ADM2"},"geometry":{"type":"Polygon","coordinates":[[[-1.60211,6.70892],[-1.60901,6.70691],[-1.6153,6.6983],[-1.60101,6.69672],[-1.60132,6.6925],[-1.60468,6.69031],[-1.59552,6.6803],[-1.5979,6.66968],[-1.61121,6.66492],[-1.63373,6.66913],[-1.64581,6.6839],[-1.64319,6.70288],[-1.6347,6.70911],[-1.61658,6.71448],[-1.60773,6.71448],[-1.60211,6.70892]]]}},{"type":"Feature","properties":{"name":"Kwabre East","region":"Ashanti","pcode":"GH0229","level":"ADM2"},"geometry":{"type":"Polygon","coordinates":[[[-1.466,6.84949],[-1.45923,6.82648],[-1.45862,6.80811],[-1.45239,6.79608],[-1.4585,6.78888],[-1.4754,6.79431],[-1.4765,6.78992],[-1.49298,6.77509],[-1.49213,6.75592],[-1.49481,6.75348],[-1.51288,6.75012],[-1.52588,6.75531],[-1.5293,6.74933],[-1.53851,6.7467],[-1.54181,6.73712],[-1.55481,6.72772],[-1.5589,6.72913],[-1.56299,6.72668],[-1.56763,6.73352],[-1.56281,6.74091],[-1.58929,6.75067],[-1.60193,6.7627],[-1.60571,6.76288],[-1.61359,6.77588],[-1.59869,6.7887],[-1.54828,6.8139],[-1.54163,6.81952],[-1.52411,6.84747],[-1.50763,6.83948],[-1.49219,6.84192],[-1.47498,6.85028],[-1.466,6.84949]]]}},{"type":"Feature","properties":{"name":"Kwadaso Municipal","region":"Ashanti","pcode":"GH0230","level":"ADM2"},"geometry":{"type":"Polygon","coordinates":[[[-1.66302,6.7171],[-1.65582,6.7063],[-1.64319,6.70288],[-1.64581,6.6839],[-1.63373,6.66913],[-1.61121,6.66492],[-1.6098,6.6463],[-1.60321,6.63049],[-1.60498,6.62628],[-1.59802,6.6123],[-1.61481,6.61249],[-1.63562,6.61987],[-1.6441,6.63287],[-1.65271,6.63751],[-1.65509,6.65009],[-1.66998,6.66748],[-1.6908,6.65411],[-1.69952,6.6673],[-1.71002,6.66772],[-1.70178,6.67328],[-1.7049,6.6817],[-1.70361,6.68829],[-1.69849,6.6955],[-1.69659,6.70709],[-1.68488,6.7193],[-1.68793,6.72247],[-1.67688,6.72351],[-1.67688,6.71808],[-1.66302,6.7171]]]}},{"type":"Feature","properties":{"name":"Mampong Municipal","region":"Ashanti","pcode":"GH0231","level":"ADM2"},"geometry":{"type":"Polygon","coordinates":[[[-1.29822,7.23749],[-1.28491,7.2309],[-1.28229,7.22491],[-1.27753,7.22369],[-1.26233,7.22809],[-1.25348,7.22351],[-1.25049,7.22113],[-1.25641,7.21112],[-1.25531,7.20673],[-1.26709,7.1947],[-1.26831,7.18469],[-1.28351,7.1745],[-1.29321,7.15332],[-1.31091,7.14447],[-1.32678,7.12891],[-1.33929,7.12408],[-1.34381,7.11292],[-1.38361,7.0965],[-1.38672,7.08411],[-1.38641,7.0697],[-1.37592,7.05731],[-1.39252,7.04431],[-1.40118,7.03229],[-1.39819,7.02533],[-1.4068,7.00592],[-1.40308,6.9967],[-1.40521,6.9939],[-1.4101,6.98932],[-1.42041,6.99969],[-1.42529,6.99408],[-1.42181,6.97192],[-1.41553,6.96887],[-1.41071,6.95648],[-1.40289,6.95093],[-1.3963,6.95111],[-1.38812,6.94409],[-1.39282,6.92688],[-1.40503,6.91888],[-1.40869,6.93347],[-1.41388,6.94067],[-1.42603,6.94489],[-1.43018,6.95148],[-1.44238,6.95831],[-1.45941,6.96429],[-1.45532,6.9903],[-1.44843,6.99109],[-1.44861,6.99487],[-1.44458,6.99872],[-1.44531,7.0163],[-1.44897,7.02307],[-1.47052,7.02209],[-1.47638,7.03149],[-1.48029,7.04773],[-1.48541,7.04651],[-1.49103,7.05231],[-1.50171,7.05408],[-1.49408,7.07788],[-1.48541,7.08911],[-1.49359,7.1051],[-1.50568,7.11432],[-1.51941,7.11749],[-1.52191,7.12433],[-1.5274,7.12433],[-1.52692,7.13171],[-1.53418,7.13629],[-1.53522,7.13129],[-1.58661,7.12988],[-1.5921,7.13428],[-1.58008,7.17493],[-1.57672,7.17688],[-1.56348,7.20709],[-1.55542,7.21613],[-1.53442,7.22729],[-1.53009,7.23389],[-1.51703,7.23712],[-1.5094,7.2287],[-1.4978,7.2337],[-1.50238,7.2525],[-1.49341,7.25891],[-1.48132,7.26007],[-1.41028,7.28992],[-1.40613,7.29248],[-1.40332,7.30267],[-1.39209,7.29828],[-1.38519,7.30627],[-1.37701,7.30829],[-1.36963,7.30328],[-1.35699,7.28571],[-1.34869,7.28333],[-1.34442,7.27551],[-1.33099,7.2677],[-1.32361,7.26727],[-1.31299,7.25873],[-1.29822,7.23749]]]}},{"type":"Feature","properties":{"name":"Obuasi East","region":"Ashanti","pcode":"GH0232","level":"ADM2"},"geometry":{"type":"Polygon","coordinates":[[[-1.57141,6.23529],[-1.56378,6.22113],[-1.565,6.19452],[-1.57642,6.1825],[-1.58331,6.16431],[-1.58771,6.16388],[-1.59222,6.15613],[-1.60022,6.15112],[-1.60229,6.13849],[-1.60748,6.13409],[-1.61359,6.12073],[-1.61682,6.11951],[-1.6192,6.12292],[-1.64203,6.12152],[-1.65192,6.12769],[-1.65509,6.12653],[-1.64893,6.14093],[-1.63141,6.16608],[-1.63,6.17389],[-1.63678,6.19312],[-1.63428,6.20251],[-1.60718,6.23932],[-1.57611,6.2373],[-1.57141,6.23529]]]}},{"type":"Feature","properties":{"name":"Obuasi Municipal","region":"Ashanti","pcode":"GH0233","level":"ADM2"},"geometry":{"type":"Polygon","coordinates":[[[-1.60718,6.23932],[-1.63428,6.20251],[-1.63678,6.19312],[-1.63,6.17389],[-1.63141,6.16608],[-1.64893,6.14093],[-1.65631,6.12347],[-1.6626,6.12012],[-1.67468,6.13611],[-1.68188,6.13928],[-1.69202,6.13751],[-1.70551,6.14532],[-1.71088,6.14191],[-1.71521,6.1485],[-1.72729,6.15271],[-1.73059,6.15668],[-1.72662,6.16791],[-1.75061,6.18591],[-1.74701,6.19592],[-1.7384,6.20709],[-1.74432,6.2085],[-1.75201,6.20587],[-1.75983,6.20831],[-1.77032,6.20428],[-1.76923,6.21252],[-1.75092,6.22113],[-1.74048,6.23431],[-1.73212,6.2403],[-1.72498,6.2417],[-1.71082,6.25549],[-1.69318,6.25769],[-1.68738,6.2619],[-1.6825,6.26208],[-1.67529,6.25513],[-1.67761,6.2475],[-1.67322,6.23608],[-1.63379,6.23993],[-1.60718,6.23932]]]}},{"type":"Feature","properties":{"name":"Offinso Municipal","region":"Ashanti","pcode":"GH0234","level":"ADM2"},"geometry":{"type":"Polygon","coordinates":[[[-1.65417,7.24628],[-1.65948,7.23309],[-1.65179,7.2179],[-1.65692,7.20471],[-1.65381,7.1947],[-1.65869,7.18829],[-1.65802,7.16168],[-1.66071,7.15948],[-1.65161,7.1485],[-1.68018,7.11267],[-1.67743,7.10132],[-1.6687,7.0899],[-1.65411,7.08032],[-1.65668,7.0661],[-1.6546,7.05432],[-1.66528,7.04651],[-1.6593,7.04272],[-1.65149,7.02289],[-1.65033,7.0105],[-1.6391,6.9729],[-1.64172,6.94513],[-1.63922,6.93011],[-1.64178,6.91748],[-1.64728,6.91107],[-1.64893,6.8963],[-1.66168,6.88867],[-1.66199,6.88428],[-1.66791,6.88348],[-1.67023,6.87848],[-1.6734,6.87811],[-1.67249,6.87512],[-1.67981,6.87329],[-1.68201,6.8667],[-1.68939,6.8703],[-1.68811,6.88153],[-1.70093,6.89032],[-1.71198,6.89111],[-1.71252,6.89948],[-1.72058,6.91351],[-1.71619,6.9259],[-1.72028,6.93652],[-1.74341,6.93872],[-1.75769,6.95673],[-1.7757,6.97272],[-1.7948,6.97052],[-1.80298,6.9809],[-1.82172,6.9931],[-1.82123,6.99792],[-1.8255,7.00391],[-1.84167,7.01672],[-1.84711,7.02472],[-1.84521,7.0285],[-1.83752,7.03693],[-1.81799,7.04749],[-1.8147,7.05109],[-1.81732,7.05469],[-1.81598,7.05731],[-1.80981,7.0589],[-1.80762,7.06531],[-1.81421,7.06952],[-1.8114,7.07611],[-1.8205,7.07629],[-1.87042,7.10291],[-1.85773,7.1051],[-1.80981,7.1369],[-1.76172,7.1499],[-1.75372,7.15991],[-1.74792,7.17029],[-1.7486,7.18372],[-1.78168,7.2063],[-1.78912,7.21509],[-1.77661,7.23029],[-1.75891,7.24451],[-1.7486,7.24231],[-1.66699,7.24628],[-1.66309,7.24451],[-1.65588,7.25049],[-1.65417,7.24628]]]}},{"type":"Feature","properties":{"name":"Offinso North","region":"Ashanti","pcode":"GH0235","level":"ADM2"},"geometry":{"type":"Polygon","coordinates":[[[-1.86353,7.47693],[-1.86328,7.47009],[-1.85638,7.4613],[-1.8515,7.4621],[-1.84082,7.47131],[-1.836,7.47113],[-1.8399,7.42511],[-1.82861,7.3927],[-1.80719,7.34949],[-1.77399,7.34772],[-1.76239,7.32373],[-1.7403,7.32013],[-1.73029,7.31268],[-1.72638,7.3161],[-1.71881,7.31653],[-1.71008,7.32428],[-1.70038,7.32147],[-1.68268,7.32471],[-1.67621,7.32031],[-1.65723,7.31989],[-1.65381,7.31409],[-1.6416,7.32648],[-1.63593,7.32031],[-1.63971,7.3125],[-1.63629,7.30151],[-1.63782,7.28271],[-1.6427,7.27472],[-1.6438,7.26312],[-1.64679,7.26392],[-1.66309,7.24451],[-1.66699,7.24628],[-1.7486,7.24231],[-1.75891,7.24451],[-1.77661,7.23029],[-1.78912,7.21509],[-1.78821,7.21191],[-1.75452,7.1889],[-1.74762,7.1795],[-1.74792,7.17029],[-1.76172,7.1499],[-1.80981,7.1369],[-1.85773,7.1051],[-1.89209,7.10168],[-1.90259,7.0849],[-1.91199,7.08771],[-1.91711,7.08191],[-1.92322,7.08789],[-1.92981,7.08173],[-1.95392,7.08533],[-1.9325,7.13013],[-1.93292,7.1767],[-1.8689,7.20331],[-1.8642,7.21411],[-1.84991,7.23248],[-1.8385,7.23969],[-1.82941,7.25031],[-1.82703,7.25391],[-1.82831,7.25812],[-1.83502,7.25928],[-1.84491,7.27429],[-1.85919,7.27808],[-1.8681,7.27612],[-1.88123,7.26648],[-1.89648,7.2627],[-1.91211,7.25348],[-1.92621,7.26392],[-1.94531,7.26453],[-1.94989,7.26147],[-1.95453,7.2655],[-1.96472,7.29431],[-1.98718,7.29828],[-1.99579,7.31329],[-2.00439,7.31787],[-2.01599,7.3161],[-2.04028,7.30652],[-2.05438,7.30811],[-2.06061,7.31732],[-2.07568,7.32288],[-2.07922,7.32672],[-2.13647,7.39447],[-2.1405,7.40887],[-2.12793,7.41888],[-2.12701,7.4317],[-2.11407,7.44373],[-2.11401,7.4599],[-2.10852,7.46472],[-2.09149,7.45892],[-2.06049,7.45428],[-2.0401,7.45752],[-2.03601,7.45569],[-2.02448,7.4389],[-2.0174,7.42133],[-2.00171,7.42108],[-1.97638,7.4115],[-1.96649,7.4129],[-1.96478,7.4093],[-1.94989,7.42047],[-1.94122,7.43268],[-1.93323,7.43512],[-1.92712,7.44232],[-1.91931,7.44171],[-1.91589,7.43689],[-1.89728,7.43152],[-1.87109,7.4621],[-1.86682,7.47809],[-1.86353,7.47693]]]}},{"type":"Feature","properties":{"name":"Oforikrom Municipal","region":"Ashanti","pcode":"GH0236","level":"ADM2"},"geometry":{"type":"Polygon","coordinates":[[[-1.51471,6.64392],[-1.53949,6.64728],[-1.5528,6.64368],[-1.55621,6.64728],[-1.5542,6.65649],[-1.55591,6.6637],[-1.57812,6.66052],[-1.5849,6.67371],[-1.58972,6.67468],[-1.60468,6.69031],[-1.60132,6.6925],[-1.60101,6.69672],[-1.5918,6.69049],[-1.5863,6.69629],[-1.57483,6.70007],[-1.56592,6.69153],[-1.55469,6.70587],[-1.54541,6.70111],[-1.53351,6.70313],[-1.53479,6.70612],[-1.53229,6.7085],[-1.52283,6.7049],[-1.526,6.69409],[-1.51562,6.68829],[-1.51221,6.68109],[-1.51251,6.67352],[-1.505,6.6629],[-1.51471,6.64392]]]}},{"type":"Feature","properties":{"name":"Old Tafo Municipal","region":"Ashanti","pcode":"GH0237","level":"ADM2"},"geometry":{"type":"Polygon","coordinates":[[[-1.60571,6.76288],[-1.60193,6.7627],[-1.58929,6.75067],[-1.56281,6.74091],[-1.56763,6.73352],[-1.5896,6.72748],[-1.59631,6.72028],[-1.59882,6.70947],[-1.60211,6.70892],[-1.60773,6.71448],[-1.62671,6.7113],[-1.63263,6.73328],[-1.63159,6.7381],[-1.63782,6.74353],[-1.64288,6.75873],[-1.63849,6.76367],[-1.62878,6.76611],[-1.6203,6.7605],[-1.62018,6.75293],[-1.6145,6.75488],[-1.60822,6.75153],[-1.6012,6.75391],[-1.60571,6.76288]]]}},{"type":"Feature","properties":{"name":"Sekyere Afram Plains North","region":"Ashanti","pcode":"GH0238","level":"ADM2"},"geometry":{"type":"Polygon","coordinates":[[[-0.68988,7.54028],[-0.68158,7.52631],[-0.67761,7.52869],[-0.65778,7.5069],[-0.65161,7.50372],[-0.64838,7.47852],[-0.65131,7.46631],[-0.64868,7.46289],[-0.65381,7.43109],[-0.64142,7.41913],[-0.6366,7.39929],[-0.625,7.38409],[-0.61731,7.37891],[-0.59961,7.35028],[-0.59381,7.34772],[-0.57361,7.35327],[-0.55591,7.35193],[-0.552,7.35449],[-0.54089,7.35449],[-0.53479,7.34833],[-0.50421,7.34113],[-0.4989,7.34229],[-0.4975,7.3399],[-0.49213,7.34271],[-0.48309,7.33752],[-0.47211,7.33771],[-0.46228,7.33228],[-0.44702,7.33209],[-0.43158,7.32349],[-0.42749,7.32507],[-0.39331,7.31128],[-0.38489,7.31171],[-0.38318,7.31409],[-0.37628,7.30951],[-0.3631,7.31171],[-0.35559,7.30731],[-0.35638,7.30249],[-0.35101,7.29633],[-0.34418,7.29291],[-0.33698,7.29327],[-0.32397,7.28192],[-0.30988,7.28491],[-0.30621,7.27869],[-0.28888,7.2829],[-0.2757,7.27429],[-0.27289,7.2691],[-0.26202,7.2655],[-0.25592,7.22931],[-0.25269,7.2251],[-0.24341,7.22229],[-0.2431,7.21149],[-0.23932,7.20331],[-0.25043,7.1925],[-0.25659,7.1947],[-0.25922,7.19092],[-0.2713,7.19312],[-0.27972,7.1911],[-0.28601,7.1947],[-0.28839,7.19312],[-0.28619,7.18689],[-0.28821,7.18433],[-0.30499,7.17853],[-0.30542,7.17529],[-0.30103,7.17151],[-0.32239,7.14392],[-0.33038,7.14288],[-0.33698,7.13788],[-0.39038,7.1181],[-0.41919,7.11969],[-0.42731,7.12531],[-0.44122,7.1225],[-0.46179,7.1283],[-0.49469,7.12531],[-0.50739,7.12708],[-0.54199,7.1391],[-0.56,7.1377],[-0.58282,7.1507],[-0.5965,7.15009],[-0.6109,7.15448],[-0.61841,7.16571],[-0.6355,7.17389],[-0.59412,7.05212],[-0.59052,7.04431],[-0.58032,7.03809],[-0.56531,7.01947],[-0.56671,6.99847],[-0.57422,6.9787],[-0.57452,6.96271],[-0.58533,6.95093],[-0.60071,6.9483],[-0.63702,6.95312],[-0.65741,6.94733],[-0.6582,6.94067],[-0.65363,6.93127],[-0.69342,6.93951],[-0.7077,6.9469],[-0.7146,6.94672],[-0.72278,6.95251],[-0.73401,6.94849],[-0.742,6.94891],[-0.75311,6.93811],[-0.7616,6.90167],[-0.76062,6.8891],[-0.76569,6.88391],[-0.77612,6.88428],[-0.78229,6.88928],[-0.78259,6.89313],[-0.79071,6.8963],[-0.79388,6.88348],[-0.79852,6.88232],[-0.80389,6.88989],[-0.80981,6.8877],[-0.80933,6.90552],[-0.82013,6.89868],[-0.828,6.93793],[-0.83368,6.94611],[-0.83289,6.95172],[-0.83899,6.9679],[-0.84418,6.97308],[-0.84332,6.97589],[-0.85193,6.98511],[-0.85681,6.9837],[-0.87958,6.99628],[-0.87988,7.0011],[-0.89301,7.00989],[-0.90399,7.0127],[-0.90948,7.01947],[-0.9259,7.02991],[-0.95978,7.03748],[-0.98102,7.03027],[-0.99969,7.0343],[-1.00952,7.02332],[-1.01111,7.01471],[-1.02441,7.00891],[-1.052,6.98212],[-1.07031,6.97607],[-1.06628,6.94873],[-1.0885,6.94733],[-1.09741,6.95453],[-1.11591,6.95911],[-1.13782,6.95813],[-1.14899,6.96411],[-1.15729,6.96008],[-1.16492,6.96033],[-1.17792,6.95367],[-1.18628,6.95532],[-1.20581,6.94788],[-1.21338,6.94928],[-1.21222,6.9577],[-1.20349,6.96393],[-1.1991,6.9621],[-1.19641,6.96527],[-1.19061,6.9657],[-1.18451,6.96307],[-1.17999,6.9715],[-1.17059,6.97711],[-1.1651,6.98547],[-1.12341,7.01709],[-1.13928,7.04132],[-1.16309,7.02551],[-1.17419,7.01031],[-1.19061,7.00891],[-1.18903,7.03168],[-1.18402,7.0307],[-1.17639,7.03448],[-1.16162,7.04773],[-1.16058,7.05231],[-1.18182,7.07129],[-1.18018,7.0791],[-1.17151,7.0863],[-1.15002,7.08728],[-1.13812,7.09351],[-1.12488,7.08771],[-1.10712,7.0871],[-1.08942,7.12152],[-1.06958,7.12848],[-1.06189,7.12811],[-1.0556,7.13208],[-0.99579,7.13629],[-0.98962,7.14008],[-0.98132,7.13672],[-0.96582,7.13989],[-0.95361,7.13129],[-0.94202,7.13348],[-0.94891,7.14551],[-0.95978,7.15448],[-0.96301,7.16229],[-0.96198,7.1781],[-0.94678,7.19128],[-0.94879,7.22711],[-0.94232,7.24811],[-0.9292,7.26569],[-0.92249,7.27032],[-0.90887,7.29529],[-0.90698,7.34833],[-0.91461,7.40472],[-0.96411,7.41351],[-0.97882,7.40393],[-1.00403,7.40271],[-1.0116,7.40552],[-1.03778,7.40692],[-1.06421,7.41589],[-1.07178,7.42651],[-1.07111,7.44012],[-1.06561,7.45947],[-1.0705,7.4903],[-1.06738,7.50232],[-1.05261,7.50891],[-1.04431,7.51849],[-1.04108,7.52692],[-1.02478,7.53351],[-1.01489,7.53448],[-1.00281,7.52911],[-0.98401,7.53387],[-0.9726,7.5213],[-0.96558,7.52032],[-0.95471,7.5235],[-0.93872,7.51569],[-0.93341,7.50769],[-0.92291,7.50391],[-0.90271,7.50751],[-0.89301,7.5047],[-0.88971,7.51611],[-0.87622,7.51471],[-0.86621,7.52051],[-0.8598,7.51593],[-0.8562,7.51831],[-0.8446,7.51709],[-0.84308,7.50989],[-0.82849,7.51172],[-0.82233,7.5083],[-0.81958,7.50067],[-0.81482,7.50671],[-0.8078,7.50873],[-0.80731,7.50409],[-0.78412,7.49811],[-0.78149,7.50409],[-0.7774,7.50568],[-0.7486,7.50989],[-0.7326,7.52228],[-0.7196,7.52069],[-0.698,7.53113],[-0.68988,7.54028]]]}},{"type":"Feature","properties":{"name":"Sekyere Central","region":"Ashanti","pcode":"GH0239","level":"ADM2"},"geometry":{"type":"Polygon","coordinates":[[[-1.16058,7.05231],[-1.164,7.04413],[-1.17181,7.03729],[-1.18402,7.0307],[-1.18903,7.03168],[-1.19061,7.00891],[-1.2196,7.00189],[-1.23572,6.98071],[-1.25452,6.9671],[-1.2641,6.97491],[-1.29901,6.98511],[-1.3028,6.9801],[-1.33441,6.97333],[-1.35138,6.97571],[-1.36279,6.95532],[-1.3811,6.95392],[-1.38812,6.94409],[-1.3963,6.95111],[-1.40289,6.95093],[-1.40839,6.95428],[-1.41553,6.96887],[-1.42181,6.97192],[-1.42529,6.99408],[-1.42041,6.99969],[-1.4101,6.98932],[-1.40521,6.9939],[-1.40308,6.9967],[-1.4068,7.00592],[-1.39819,7.02533],[-1.40118,7.03229],[-1.39252,7.04431],[-1.37592,7.05731],[-1.38641,7.0697],[-1.38672,7.08411],[-1.38361,7.0965],[-1.34381,7.11292],[-1.33929,7.12408],[-1.32678,7.12891],[-1.31091,7.14447],[-1.29321,7.15332],[-1.28351,7.1745],[-1.26831,7.18469],[-1.26709,7.1947],[-1.25531,7.20673],[-1.25641,7.21112],[-1.25049,7.22113],[-1.25348,7.22351],[-1.26233,7.22809],[-1.27753,7.22369],[-1.28229,7.22491],[-1.28491,7.2309],[-1.28931,7.23248],[-1.29687,7.2641],[-1.29761,7.28693],[-1.27789,7.2887],[-1.27753,7.29547],[-1.28259,7.30188],[-1.27869,7.30792],[-1.27771,7.32373],[-1.27222,7.33331],[-1.2644,7.3421],[-1.23541,7.36212],[-1.21722,7.36353],[-1.20941,7.36151],[-1.19958,7.36572],[-1.18512,7.36432],[-1.17981,7.36731],[-1.17352,7.38672],[-1.17273,7.4007],[-1.16638,7.41229],[-1.16388,7.43073],[-1.14899,7.44592],[-1.14478,7.45892],[-1.14722,7.46851],[-1.14441,7.4707],[-1.13202,7.47168],[-1.12488,7.47632],[-1.10358,7.46588],[-1.08362,7.4873],[-1.0705,7.4903],[-1.06561,7.45947],[-1.07111,7.44012],[-1.07178,7.42651],[-1.06421,7.41589],[-1.03778,7.40692],[-1.0116,7.40552],[-1.00403,7.40271],[-0.97882,7.40393],[-0.96411,7.41351],[-0.91461,7.40472],[-0.90698,7.34833],[-0.90887,7.29529],[-0.92249,7.27032],[-0.9292,7.26569],[-0.94232,7.24811],[-0.94879,7.22711],[-0.94678,7.19128],[-0.96198,7.1781],[-0.96301,7.16229],[-0.95978,7.15448],[-0.94891,7.14551],[-0.94202,7.13348],[-0.95361,7.13129],[-0.96582,7.13989],[-0.98132,7.13672],[-0.98962,7.14008],[-0.99579,7.13629],[-1.0556,7.13208],[-1.06189,7.12811],[-1.08032,7.12531],[-1.08942,7.12152],[-1.10712,7.0871],[-1.12488,7.08771],[-1.13812,7.09351],[-1.15002,7.08728],[-1.17151,7.0863],[-1.18018,7.0791],[-1.18182,7.07129],[-1.16058,7.05231]]]}},{"type":"Feature","properties":{"name":"Sekyere East","region":"Ashanti","pcode":"GH0240","level":"ADM2"},"geometry":{"type":"Polygon","coordinates":[[[-1.26941,6.83148],[-1.26001,6.82269],[-1.2616,6.8147],[-1.25513,6.80048],[-1.25708,6.78931],[-1.25311,6.76288],[-1.23871,6.7467],[-1.23743,6.74072],[-1.23792,6.72247],[-1.24701,6.70868],[-1.2453,6.69092],[-1.24738,6.68591],[-1.25922,6.67792],[-1.25958,6.66931],[-1.26678,6.66107],[-1.29962,6.69409],[-1.31403,6.69873],[-1.32111,6.71393],[-1.35229,6.72693],[-1.35468,6.73053],[-1.35248,6.75208],[-1.35028,6.75488],[-1.33832,6.75391],[-1.33801,6.76508],[-1.35071,6.79431],[-1.36731,6.80933],[-1.37299,6.8269],[-1.38861,6.82751],[-1.39209,6.83551],[-1.40131,6.84509],[-1.42822,6.83228],[-1.4317,6.83948],[-1.44843,6.84711],[-1.44861,6.85248],[-1.44012,6.87231],[-1.42853,6.87872],[-1.42291,6.89569],[-1.41321,6.90009],[-1.40222,6.8877],[-1.3905,6.88568],[-1.38751,6.87073],[-1.35718,6.86908],[-1.34637,6.86151],[-1.33722,6.86609],[-1.33289,6.86432],[-1.32318,6.85571],[-1.3136,6.85211],[-1.30499,6.8407],[-1.29938,6.83893],[-1.28418,6.82428],[-1.27692,6.82288],[-1.26941,6.83148]]]}},{"type":"Feature","properties":{"name":"Sekyere Kumawu","region":"Ashanti","pcode":"GH0241","level":"ADM2"},"geometry":{"type":"Polygon","coordinates":[[[-1.0885,6.94733],[-1.06628,6.94873],[-1.05328,6.94409],[-1.04962,6.94153],[-1.05042,6.93768],[-1.06152,6.92249],[-1.06,6.91553],[-1.06561,6.90308],[-1.0741,6.89752],[-1.08728,6.89728],[-1.09479,6.88733],[-1.09637,6.88348],[-1.08899,6.87549],[-1.0965,6.86511],[-1.09778,6.85132],[-1.10461,6.84448],[-1.10681,6.8327],[-1.10461,6.82092],[-1.10132,6.81812],[-1.10492,6.80011],[-1.11621,6.78088],[-1.13123,6.77893],[-1.14062,6.78247],[-1.15051,6.77808],[-1.1684,6.78571],[-1.16962,6.78967],[-1.16632,6.79211],[-1.14709,6.7995],[-1.14819,6.80688],[-1.15118,6.80872],[-1.15558,6.80768],[-1.1557,6.80389],[-1.16492,6.79572],[-1.17249,6.79669],[-1.17712,6.79871],[-1.17828,6.80548],[-1.1933,6.80328],[-1.21198,6.82092],[-1.22137,6.8233],[-1.224,6.8299],[-1.23419,6.83112],[-1.24438,6.83691],[-1.26111,6.83051],[-1.26941,6.83148],[-1.27692,6.82288],[-1.28418,6.82428],[-1.29938,6.83893],[-1.30499,6.8407],[-1.3136,6.85211],[-1.32318,6.85571],[-1.33289,6.86432],[-1.33722,6.86609],[-1.34637,6.86151],[-1.35718,6.86908],[-1.38751,6.87073],[-1.3905,6.88568],[-1.40631,6.8905],[-1.41321,6.90009],[-1.41571,6.9093],[-1.40918,6.91669],[-1.3952,6.92352],[-1.38361,6.95172],[-1.37762,6.95508],[-1.36279,6.95532],[-1.35138,6.97571],[-1.33441,6.97333],[-1.3028,6.9801],[-1.29901,6.98511],[-1.29529,6.98529],[-1.2641,6.97491],[-1.25452,6.9671],[-1.23572,6.98071],[-1.2196,7.00189],[-1.20569,7.0069],[-1.17419,7.01031],[-1.16309,7.02551],[-1.13928,7.04132],[-1.12341,7.01709],[-1.1651,6.98547],[-1.17059,6.97711],[-1.17999,6.9715],[-1.18451,6.96307],[-1.19061,6.9657],[-1.19641,6.96527],[-1.1991,6.9621],[-1.20349,6.96393],[-1.21222,6.9577],[-1.21338,6.94928],[-1.20581,6.94788],[-1.18628,6.95532],[-1.17792,6.95367],[-1.16492,6.96033],[-1.15729,6.96008],[-1.14899,6.96411],[-1.13782,6.95813],[-1.11591,6.95911],[-1.09741,6.95453],[-1.0885,6.94733]]]}},{"type":"Feature","properties":{"name":"Sekyere South","region":"Ashanti","pcode":"GH0242","level":"ADM2"},"geometry":{"type":"Polygon","coordinates":[[[-1.58942,7.14551],[-1.5921,7.13428],[-1.58661,7.12988],[-1.53522,7.13129],[-1.53418,7.13629],[-1.52692,7.13171],[-1.5274,7.12433],[-1.52191,7.12433],[-1.51941,7.11749],[-1.50568,7.11432],[-1.49359,7.1051],[-1.48541,7.08911],[-1.49408,7.07788],[-1.50171,7.05408],[-1.49103,7.05231],[-1.48541,7.04651],[-1.48029,7.04773],[-1.47638,7.03149],[-1.47052,7.02209],[-1.44897,7.02307],[-1.44531,7.0163],[-1.44458,6.99872],[-1.44861,6.99487],[-1.44843,6.99109],[-1.45532,6.9903],[-1.45941,6.96429],[-1.43018,6.95148],[-1.42603,6.94489],[-1.4184,6.94373],[-1.40869,6.93347],[-1.40503,6.91888],[-1.41571,6.9093],[-1.41321,6.90009],[-1.42291,6.89569],[-1.42853,6.87872],[-1.43188,6.8761],[-1.44012,6.87231],[-1.46252,6.86932],[-1.466,6.84949],[-1.47498,6.85028],[-1.49219,6.84192],[-1.50763,6.83948],[-1.54089,6.85687],[-1.54578,6.86212],[-1.54578,6.87231],[-1.55139,6.88849],[-1.55292,6.90332],[-1.54779,6.91229],[-1.55188,6.91772],[-1.5611,6.91852],[-1.573,6.92792],[-1.57953,6.92767],[-1.58331,6.9389],[-1.59222,6.93591],[-1.60321,6.93652],[-1.5824,6.96112],[-1.56543,6.9621],[-1.55969,6.96729],[-1.55688,6.98309],[-1.55859,6.99731],[-1.57019,7.00653],[-1.5799,7.00513],[-1.58588,7.0213],[-1.59839,7.02551],[-1.59351,7.0451],[-1.59338,7.07928],[-1.60889,7.10248],[-1.60651,7.11249],[-1.6217,7.13153],[-1.61298,7.13928],[-1.61212,7.14752],[-1.6087,7.1499],[-1.59521,7.15033],[-1.58942,7.14551]]]}},{"type":"Feature","properties":{"name":"Suame Municipal","region":"Ashanti","pcode":"GH0243","level":"ADM2"},"geometry":{"type":"Polygon","coordinates":[[[-1.64288,6.75873],[-1.63782,6.74353],[-1.63159,6.7381],[-1.63263,6.73328],[-1.62671,6.7113],[-1.64319,6.70288],[-1.65582,6.7063],[-1.66302,6.7171],[-1.6651,6.74072],[-1.68231,6.74329],[-1.68311,6.74811],[-1.69861,6.74811],[-1.69879,6.7511],[-1.7085,6.75189],[-1.71051,6.75513],[-1.7019,6.76111],[-1.67529,6.7677],[-1.66199,6.7561],[-1.65192,6.7547],[-1.64288,6.75873]]]}},{"type":"Feature","properties":{"name":"Banda","region":"Bono","pcode":"GH0301","level":"ADM2"},"geometry":{"type":"Polygon","coordinates":[[[-2.5705,8.77289],[-2.5401,8.75751],[-2.53589,8.74091],[-2.53162,8.7359],[-2.51202,8.72949],[-2.49951,8.71869],[-2.48969,8.69751],[-2.48859,8.68689],[-2.46429,8.65228],[-2.45422,8.64728],[-2.44031,8.62909],[-2.41779,8.6123],[-2.41791,8.58551],[-2.41022,8.56812],[-2.40289,8.56451],[-2.39911,8.55792],[-2.38312,8.55389],[-2.37158,8.5401],[-2.36713,8.53931],[-2.35852,8.51831],[-2.37073,8.49933],[-2.36603,8.47607],[-2.35571,8.46851],[-2.35071,8.46033],[-2.33789,8.45453],[-2.32501,8.4173],[-2.31799,8.4115],[-2.3092,8.39893],[-2.30688,8.38953],[-2.29779,8.38068],[-2.30438,8.35388],[-2.29712,8.34229],[-2.29541,8.32751],[-2.28632,8.31873],[-2.28821,8.29688],[-2.27301,8.2915],[-2.25311,8.27753],[-2.23889,8.28052],[-2.22931,8.2641],[-2.21289,8.25629],[-2.20898,8.24792],[-2.2121,8.24231],[-2.20508,8.23187],[-2.19263,8.2229],[-2.17792,8.21887],[-2.16821,8.21149],[-2.16309,8.17633],[-2.15991,8.17273],[-2.15381,8.17151],[-2.13409,8.15112],[-2.12848,8.14807],[-2.12152,8.15088],[-2.11731,8.13593],[-2.12152,8.13049],[-2.11713,8.11951],[-2.11682,8.09949],[-2.1203,8.09772],[-2.12183,8.09131],[-2.12848,8.08832],[-2.12708,8.08551],[-2.13501,8.08148],[-2.12579,8.07593],[-2.12299,8.07111],[-2.12323,8.06207],[-2.11621,8.05328],[-2.1214,8.05249],[-2.1297,8.05609],[-2.13049,8.05151],[-2.11371,8.04248],[-2.11371,8.03931],[-2.12073,8.03632],[-2.12628,8.02728],[-2.12982,8.02692],[-2.1319,8.02991],[-2.13531,8.02808],[-2.13708,8.01929],[-2.1427,8.01508],[-2.14459,8.00348],[-2.14972,7.99573],[-2.15887,7.99213],[-2.1626,7.97992],[-2.16699,7.9743],[-2.17133,7.97491],[-2.17529,7.96509],[-2.1897,7.96527],[-2.19519,7.95868],[-2.20862,7.95392],[-2.21942,7.95831],[-2.22998,7.95831],[-2.24213,7.96429],[-2.25208,7.96429],[-2.29608,7.98511],[-2.31091,7.98468],[-2.32001,7.9895],[-2.33368,7.98328],[-2.3399,7.9765],[-2.34979,7.98212],[-2.35791,7.99829],[-2.36981,8.00513],[-2.38428,8.00629],[-2.3952,8.01147],[-2.40521,8.00891],[-2.43311,8.0191],[-2.4408,7.99829],[-2.43182,7.98468],[-2.435,7.97571],[-2.44489,7.96832],[-2.47223,7.92212],[-2.47968,7.91852],[-2.48779,7.92072],[-2.49689,7.94171],[-2.50458,7.94489],[-2.51422,7.9585],[-2.53528,7.97791],[-2.54108,7.9903],[-2.54071,7.99768],[-2.53448,8.0011],[-2.52832,8.0097],[-2.52643,8.02667],[-2.51599,8.05432],[-2.52759,8.08752],[-2.52551,8.09888],[-2.5368,8.11511],[-2.5285,8.14648],[-2.53021,8.1499],[-2.53601,8.1449],[-2.55408,8.14648],[-2.5448,8.17572],[-2.50891,8.19348],[-2.49481,8.20532],[-2.50439,8.33411],[-2.51642,8.38312],[-2.51752,8.40167],[-2.53302,8.4809],[-2.54901,8.5423],[-2.57391,8.69092],[-2.57343,8.70068],[-2.59052,8.78632],[-2.58429,8.78589],[-2.5705,8.77289]]]}},{"type":"Feature","properties":{"name":"Berekum East Municipal","region":"Bono","pcode":"GH0302","level":"ADM2"},"geometry":{"type":"Polygon","coordinates":[[[-2.48053,7.59308],[-2.47461,7.57812],[-2.47522,7.56873],[-2.48151,7.55988],[-2.49622,7.55389],[-2.50519,7.55353],[-2.51331,7.54791],[-2.51703,7.54071],[-2.51147,7.52472],[-2.51318,7.5213],[-2.51721,7.5213],[-2.52472,7.50549],[-2.52222,7.4975],[-2.4931,7.4873],[-2.49103,7.47272],[-2.51312,7.46527],[-2.51709,7.45709],[-2.53101,7.45251],[-2.54132,7.44452],[-2.53168,7.41791],[-2.52173,7.4129],[-2.50592,7.39691],[-2.50372,7.38629],[-2.50171,7.3739],[-2.50372,7.36627],[-2.51862,7.37109],[-2.5199,7.36713],[-2.51801,7.33087],[-2.5069,7.32172],[-2.51001,7.29993],[-2.51489,7.29089],[-2.52838,7.29547],[-2.53741,7.30292],[-2.5387,7.31592],[-2.54449,7.32953],[-2.5614,7.34369],[-2.57141,7.35889],[-2.57208,7.36969],[-2.5802,7.37567],[-2.5965,7.43988],[-2.62469,7.4729],[-2.64441,7.49048],[-2.65082,7.51672],[-2.64429,7.53589],[-2.63751,7.54547],[-2.633,7.58252],[-2.66071,7.62769],[-2.66632,7.64209],[-2.65979,7.65448],[-2.65558,7.67407],[-2.64368,7.67767],[-2.6109,7.67493],[-2.58911,7.68011],[-2.57361,7.67493],[-2.55981,7.66412],[-2.54761,7.66211],[-2.54138,7.6571],[-2.54199,7.64807],[-2.5304,7.62311],[-2.51562,7.62109],[-2.50958,7.61047],[-2.49731,7.60413],[-2.48712,7.59369],[-2.48053,7.59308]]]}},{"type":"Feature","properties":{"name":"Berekum West","region":"Bono","pcode":"GH0303","level":"ADM2"},"geometry":{"type":"Polygon","coordinates":[[[-2.53741,7.30292],[-2.55811,7.31293],[-2.57343,7.31567],[-2.61438,7.33087],[-2.66663,7.37128],[-2.6969,7.38068],[-2.71722,7.40692],[-2.72601,7.41132],[-2.73242,7.42712],[-2.73761,7.42407],[-2.74463,7.42468],[-2.75928,7.44769],[-2.77979,7.47028],[-2.7887,7.46033],[-2.7973,7.46252],[-2.79529,7.48212],[-2.76709,7.50153],[-2.7666,7.50549],[-2.77863,7.5249],[-2.78021,7.54651],[-2.76813,7.54932],[-2.73633,7.54688],[-2.71869,7.5415],[-2.72668,7.55432],[-2.73138,7.56891],[-2.69452,7.5625],[-2.68658,7.58472],[-2.68561,7.60712],[-2.6778,7.61572],[-2.6759,7.62531],[-2.66632,7.64209],[-2.66071,7.62769],[-2.633,7.58252],[-2.63751,7.54547],[-2.64429,7.53589],[-2.65082,7.51672],[-2.64441,7.49048],[-2.62469,7.4729],[-2.5965,7.43988],[-2.5802,7.37567],[-2.57208,7.36969],[-2.57141,7.35889],[-2.5614,7.34369],[-2.54449,7.32953],[-2.5387,7.31592],[-2.53741,7.30292]]]}},{"type":"Feature","properties":{"name":"Dormaa East","region":"Bono","pcode":"GH0304","level":"ADM2"},"geometry":{"type":"Polygon","coordinates":[[[-2.6969,7.38068],[-2.66663,7.37128],[-2.61438,7.33087],[-2.57343,7.31567],[-2.5528,7.31091],[-2.53021,7.29889],[-2.52838,7.29547],[-2.50781,7.28711],[-2.50043,7.2713],[-2.47351,7.24127],[-2.47998,7.23669],[-2.48792,7.21808],[-2.49231,7.21771],[-2.49512,7.2265],[-2.51147,7.22729],[-2.51642,7.23071],[-2.55719,7.22949],[-2.58051,7.20892],[-2.58051,7.18152],[-2.60681,7.18048],[-2.6286,7.15649],[-2.65082,7.1427],[-2.67401,7.13812],[-2.68408,7.13928],[-2.69049,7.13232],[-2.6947,7.13507],[-2.71112,7.15692],[-2.71271,7.16748],[-2.72699,7.17212],[-2.73651,7.17987],[-2.74182,7.18872],[-2.7326,7.20428],[-2.72961,7.21692],[-2.73169,7.2207],[-2.73932,7.22809],[-2.75751,7.23169],[-2.75891,7.23969],[-2.76849,7.24469],[-2.77679,7.25592],[-2.78992,7.2641],[-2.79309,7.27087],[-2.8114,7.27411],[-2.8147,7.29028],[-2.81311,7.3045],[-2.80621,7.30627],[-2.79669,7.30109],[-2.79468,7.31012],[-2.79138,7.3125],[-2.7934,7.31848],[-2.78802,7.33551],[-2.79419,7.3421],[-2.80231,7.3623],[-2.77618,7.38428],[-2.73328,7.38867],[-2.73291,7.3949],[-2.7218,7.38129],[-2.70819,7.37872],[-2.6969,7.38068]]]}},{"type":"Feature","properties":{"name":"Dormaa Municipal","region":"Bono","pcode":"GH0305","level":"ADM2"},"geometry":{"type":"Polygon","coordinates":[[[-2.7973,7.46252],[-2.7887,7.46033],[-2.77979,7.47028],[-2.75928,7.44769],[-2.74463,7.42468],[-2.73761,7.42407],[-2.73242,7.42712],[-2.72601,7.41132],[-2.71722,7.40692],[-2.6969,7.38068],[-2.70819,7.37872],[-2.7218,7.38129],[-2.73291,7.3949],[-2.73328,7.38867],[-2.77618,7.38428],[-2.80231,7.3623],[-2.79419,7.3421],[-2.78802,7.33551],[-2.7934,7.31848],[-2.79138,7.3125],[-2.79468,7.31012],[-2.79669,7.30109],[-2.80621,7.30627],[-2.81311,7.3045],[-2.8147,7.29028],[-2.8114,7.27411],[-2.79309,7.27087],[-2.78992,7.2641],[-2.77679,7.25592],[-2.76849,7.24469],[-2.75891,7.23969],[-2.75751,7.23169],[-2.73932,7.22809],[-2.73169,7.2207],[-2.72961,7.21692],[-2.7326,7.20428],[-2.74182,7.18872],[-2.73651,7.17987],[-2.72699,7.17212],[-2.71271,7.16748],[-2.71112,7.15692],[-2.70099,7.14172],[-2.69049,7.13232],[-2.69171,7.1145],[-2.70538,7.10291],[-2.71051,7.10107],[-2.71899,7.10291],[-2.72479,7.09711],[-2.73151,7.0957],[-2.75391,7.07751],[-2.76099,7.05811],[-2.76251,7.0343],[-2.77289,7.02069],[-2.93262,6.9967],[-2.97821,7.05688],[-2.97351,7.06708],[-3.01147,7.08691],[-3.01331,7.09552],[-3.02911,7.09668],[-3.0238,7.14148],[-2.98273,7.1947],[-2.95331,7.23932],[-2.95972,7.25092],[-2.97821,7.27209],[-2.9693,7.33447],[-2.94843,7.43011],[-2.94733,7.45648],[-2.93622,7.47949],[-2.9259,7.46289],[-2.91248,7.45227],[-2.90289,7.42529],[-2.8927,7.41772],[-2.88861,7.42609],[-2.815,7.46307],[-2.80371,7.4679],[-2.7973,7.46252]]]}},{"type":"Feature","properties":{"name":"Dormaa West","region":"Bono","pcode":"GH0306","level":"ADM2"},"geometry":{"type":"Polygon","coordinates":[[[-3.01147,7.08691],[-2.97351,7.06708],[-2.97821,7.05688],[-2.93262,6.9967],[-2.77972,7.01892],[-2.7901,7.01208],[-2.8125,6.97351],[-2.82068,6.96509],[-2.83118,6.96228],[-2.83191,6.95929],[-2.8396,6.95892],[-2.8479,6.9519],[-2.85132,6.94153],[-2.85089,6.92188],[-2.85559,6.91333],[-2.84991,6.88489],[-2.85242,6.87488],[-2.85883,6.86713],[-2.8598,6.85492],[-2.86292,6.85248],[-2.87189,6.85431],[-2.90558,6.9057],[-2.9173,6.91791],[-2.92078,6.92548],[-2.93762,6.94049],[-2.96899,6.93707],[-2.98462,6.94629],[-2.9892,6.94611],[-2.99481,6.94128],[-3.0083,6.93848],[-3.01648,6.9317],[-3.03259,6.92749],[-3.04633,6.93848],[-3.06378,6.9397],[-3.0719,6.9433],[-3.07501,6.9707],[-3.09021,6.97931],[-3.10028,6.99487],[-3.11658,7.00592],[-3.07489,7.06293],[-3.0321,7.07172],[-3.02911,7.09668],[-3.01331,7.09552],[-3.01147,7.08691]]]}},{"type":"Feature","properties":{"name":"Jaman North","region":"Bono","pcode":"GH0307","level":"ADM2"},"geometry":{"type":"Polygon","coordinates":[[[-2.55933,8.14532],[-2.53601,8.1449],[-2.53021,8.1499],[-2.5285,8.14648],[-2.5368,8.11511],[-2.52551,8.09888],[-2.52759,8.08752],[-2.51599,8.05432],[-2.52643,8.02667],[-2.52832,8.0097],[-2.54242,7.99432],[-2.53821,7.9845],[-2.54901,7.98273],[-2.5528,7.9787],[-2.55878,7.95868],[-2.5791,7.95428],[-2.57959,7.94409],[-2.57458,7.9317],[-2.58112,7.92133],[-2.60712,7.91333],[-2.6084,7.9093],[-2.60431,7.90149],[-2.5979,7.89752],[-2.59369,7.88452],[-2.5957,7.88129],[-2.5943,7.8739],[-2.58691,7.8667],[-2.58313,7.85828],[-2.58002,7.82849],[-2.57092,7.79468],[-2.573,7.77448],[-2.5874,7.7627],[-2.57678,7.75092],[-2.58441,7.74292],[-2.58722,7.73492],[-2.57782,7.72528],[-2.58899,7.71173],[-2.59113,7.70367],[-2.58911,7.68011],[-2.6109,7.67493],[-2.64368,7.67767],[-2.6665,7.6731],[-2.67072,7.68451],[-2.67639,7.6911],[-2.68793,7.69733],[-2.69513,7.69427],[-2.70349,7.69751],[-2.71179,7.71069],[-2.72211,7.71667],[-2.72913,7.73389],[-2.74298,7.74152],[-2.76691,7.77533],[-2.763,7.78992],[-2.76752,7.79492],[-2.78009,7.79431],[-2.79211,7.8045],[-2.80621,7.80847],[-2.82581,7.82391],[-2.83173,7.84692],[-2.8252,7.86829],[-2.82208,7.91248],[-2.8103,7.93848],[-2.80859,7.9657],[-2.79279,7.98352],[-2.7713,7.99731],[-2.75159,8.00189],[-2.71271,8.01727],[-2.69562,8.02972],[-2.66199,8.04211],[-2.65271,8.0423],[-2.63239,8.05432],[-2.63593,8.06732],[-2.63019,8.11292],[-2.6087,8.15051],[-2.5946,8.15253],[-2.57672,8.14532],[-2.56421,8.1485],[-2.55933,8.14532]]]}},{"type":"Feature","properties":{"name":"Jaman South Municipal","region":"Bono","pcode":"GH0308","level":"ADM2"},"geometry":{"type":"Polygon","coordinates":[[[-2.65558,7.67407],[-2.66138,7.65033],[-2.6759,7.62531],[-2.6778,7.61572],[-2.68561,7.60712],[-2.68658,7.58472],[-2.69452,7.5625],[-2.73138,7.56891],[-2.72668,7.55432],[-2.71869,7.5415],[-2.73633,7.54688],[-2.76813,7.54932],[-2.78021,7.54651],[-2.77863,7.5249],[-2.7666,7.50549],[-2.76709,7.50153],[-2.79529,7.48212],[-2.7973,7.46252],[-2.80371,7.4679],[-2.815,7.46307],[-2.88861,7.42609],[-2.8927,7.41772],[-2.90289,7.42529],[-2.91248,7.45227],[-2.9259,7.46289],[-2.93622,7.47949],[-2.92352,7.6087],[-2.88861,7.68372],[-2.86932,7.7323],[-2.85059,7.7619],[-2.84851,7.78027],[-2.82611,7.80573],[-2.82898,7.82129],[-2.82581,7.82391],[-2.82269,7.82233],[-2.80621,7.80847],[-2.79211,7.8045],[-2.78009,7.79431],[-2.76752,7.79492],[-2.763,7.78992],[-2.76691,7.77533],[-2.76361,7.76929],[-2.74298,7.74152],[-2.72913,7.73389],[-2.72211,7.71667],[-2.71179,7.71069],[-2.70349,7.69751],[-2.69513,7.69427],[-2.68793,7.69733],[-2.67981,7.69409],[-2.67072,7.68451],[-2.6665,7.6731],[-2.65558,7.67407]]]}},{"type":"Feature","properties":{"name":"Sunyani Municipal","region":"Bono","pcode":"GH0309","level":"ADM2"},"geometry":{"type":"Polygon","coordinates":[[[-2.32562,7.36731],[-2.30701,7.35291],[-2.29541,7.35052],[-2.28479,7.3537],[-2.27533,7.3501],[-2.26929,7.35327],[-2.2478,7.3479],[-2.2251,7.36212],[-2.21558,7.34912],[-2.20941,7.32147],[-2.21039,7.31372],[-2.21869,7.3103],[-2.21912,7.30188],[-2.24042,7.29169],[-2.24622,7.27991],[-2.26532,7.27649],[-2.26801,7.27271],[-2.26782,7.26471],[-2.2652,7.26208],[-2.26959,7.25452],[-2.26929,7.24933],[-2.26581,7.24652],[-2.27161,7.2453],[-2.27112,7.23871],[-2.27448,7.2381],[-2.28021,7.24609],[-2.28003,7.23352],[-2.28918,7.2251],[-2.29608,7.23248],[-2.31842,7.23328],[-2.32501,7.23651],[-2.3349,7.22809],[-2.34131,7.21588],[-2.3501,7.18707],[-2.31342,7.16168],[-2.3042,7.14807],[-2.29828,7.14771],[-2.28943,7.14172],[-2.30212,7.11951],[-2.29608,7.11353],[-2.29633,7.10571],[-2.2995,7.0993],[-2.30432,7.10291],[-2.31171,7.10052],[-2.31531,7.10413],[-2.33032,7.10687],[-2.33051,7.11407],[-2.32397,7.1217],[-2.32678,7.12433],[-2.33661,7.12268],[-2.35211,7.1275],[-2.36511,7.11511],[-2.36389,7.10773],[-2.3725,7.10211],[-2.43848,7.08893],[-2.40149,7.1123],[-2.44891,7.14032],[-2.46051,7.13428],[-2.46948,7.13629],[-2.4837,7.13171],[-2.49371,7.13428],[-2.49231,7.21771],[-2.48792,7.21808],[-2.47998,7.23669],[-2.4696,7.24792],[-2.4621,7.2467],[-2.45032,7.24951],[-2.43738,7.24609],[-2.43158,7.2655],[-2.4328,7.27533],[-2.4292,7.28851],[-2.43573,7.30591],[-2.42291,7.3175],[-2.41339,7.31549],[-2.40149,7.32349],[-2.35681,7.33447],[-2.34711,7.36133],[-2.32562,7.36731]]]}},{"type":"Feature","properties":{"name":"Sunyani West","region":"Bono","pcode":"GH0310","level":"ADM2"},"geometry":{"type":"Polygon","coordinates":[[[-2.11371,7.49451],[-2.11279,7.47388],[-2.10852,7.46472],[-2.11401,7.4599],[-2.11407,7.44373],[-2.12701,7.4317],[-2.12793,7.41888],[-2.1405,7.40887],[-2.13647,7.39447],[-2.13971,7.38629],[-2.13599,7.37488],[-2.13818,7.36987],[-2.14709,7.36548],[-2.15271,7.34167],[-2.16089,7.32953],[-2.16882,7.32471],[-2.18341,7.3205],[-2.1886,7.3219],[-2.21039,7.31372],[-2.20941,7.32147],[-2.21411,7.34528],[-2.21912,7.35687],[-2.2251,7.36212],[-2.2478,7.3479],[-2.26929,7.35327],[-2.27533,7.3501],[-2.28479,7.3537],[-2.29541,7.35052],[-2.30701,7.35291],[-2.32562,7.36731],[-2.34711,7.36133],[-2.35681,7.33447],[-2.40149,7.32349],[-2.41339,7.31549],[-2.42291,7.3175],[-2.43573,7.30591],[-2.4292,7.28851],[-2.4328,7.27533],[-2.43158,7.2655],[-2.43738,7.24609],[-2.45032,7.24951],[-2.4621,7.2467],[-2.4696,7.24792],[-2.47351,7.24127],[-2.50043,7.2713],[-2.50781,7.28711],[-2.51489,7.29089],[-2.51001,7.29993],[-2.5069,7.32172],[-2.51801,7.33087],[-2.5199,7.36713],[-2.51862,7.37109],[-2.50372,7.36627],[-2.50171,7.3739],[-2.50372,7.38629],[-2.50592,7.39691],[-2.52173,7.4129],[-2.53168,7.41791],[-2.54132,7.44452],[-2.53101,7.45251],[-2.51709,7.45709],[-2.51312,7.46527],[-2.49103,7.47272],[-2.4931,7.4873],[-2.52222,7.4975],[-2.52429,7.51031],[-2.51721,7.5213],[-2.51318,7.5213],[-2.51147,7.52472],[-2.51703,7.54071],[-2.51331,7.54791],[-2.50519,7.55353],[-2.49622,7.55389],[-2.48151,7.55988],[-2.47693,7.56567],[-2.47388,7.57471],[-2.48053,7.59308],[-2.47028,7.60028],[-2.46503,7.60071],[-2.45453,7.59387],[-2.4469,7.59308],[-2.4303,7.57611],[-2.41931,7.57068],[-2.39362,7.57349],[-2.38519,7.56348],[-2.3811,7.56927],[-2.37048,7.56708],[-2.36102,7.57251],[-2.33862,7.57672],[-2.33551,7.5799],[-2.33002,7.57672],[-2.32098,7.57867],[-2.3111,7.57672],[-2.28802,7.58948],[-2.2796,7.58447],[-2.27319,7.58551],[-2.26678,7.60431],[-2.25128,7.60748],[-2.24951,7.59668],[-2.25372,7.58252],[-2.24323,7.57489],[-2.24011,7.56671],[-2.24341,7.5639],[-2.2453,7.54907],[-2.25488,7.5423],[-2.25439,7.53552],[-2.26178,7.5271],[-2.26251,7.51208],[-2.26703,7.50031],[-2.26062,7.48969],[-2.24591,7.48688],[-2.24121,7.47931],[-2.23218,7.4787],[-2.229,7.46973],[-2.22443,7.46948],[-2.20941,7.4715],[-2.1936,7.47827],[-2.19031,7.4765],[-2.1698,7.47888],[-2.16663,7.48431],[-2.1474,7.49548],[-2.11371,7.49451]]]}},{"type":"Feature","properties":{"name":"Tain","region":"Bono","pcode":"GH0311","level":"ADM2"},"geometry":{"type":"Polygon","coordinates":[[[-2.14972,7.99573],[-2.14551,7.98572],[-2.13818,7.97772],[-2.14288,7.96991],[-2.14258,7.96252],[-2.13788,7.95453],[-2.14008,7.94672],[-2.14752,7.94269],[-2.14648,7.93469],[-2.15417,7.93793],[-2.15759,7.93451],[-2.15729,7.92432],[-2.1629,7.91827],[-2.16321,7.91388],[-2.14203,7.8855],[-2.14752,7.88507],[-2.14758,7.88129],[-2.13611,7.87048],[-2.13861,7.8667],[-2.1507,7.87012],[-2.15289,7.86829],[-2.1474,7.84369],[-2.1557,7.84387],[-2.1521,7.83691],[-2.15479,7.83228],[-2.16443,7.83472],[-2.16699,7.83069],[-2.16681,7.81592],[-2.17981,7.80487],[-2.19482,7.79749],[-2.19751,7.77972],[-2.1947,7.76233],[-2.198,7.75952],[-2.20532,7.75989],[-2.211,7.75452],[-2.19812,7.74951],[-2.19751,7.74512],[-2.1994,7.73993],[-2.20398,7.7395],[-2.20361,7.72571],[-2.21301,7.71393],[-2.21741,7.71429],[-2.2193,7.7113],[-2.21649,7.69312],[-2.20862,7.68988],[-2.20288,7.68347],[-2.20569,7.67151],[-2.21521,7.6673],[-2.21271,7.65289],[-2.22308,7.63831],[-2.21771,7.63391],[-2.21808,7.62628],[-2.21509,7.6203],[-2.21918,7.60931],[-2.24622,7.6087],[-2.26678,7.60431],[-2.27161,7.58832],[-2.27643,7.58447],[-2.28802,7.58948],[-2.3111,7.57672],[-2.32098,7.57867],[-2.33002,7.57672],[-2.33551,7.5799],[-2.33862,7.57672],[-2.36102,7.57251],[-2.37048,7.56708],[-2.3811,7.56927],[-2.38519,7.56348],[-2.39362,7.57349],[-2.40778,7.57373],[-2.41632,7.57013],[-2.42621,7.57373],[-2.4469,7.59308],[-2.45453,7.59387],[-2.46503,7.60071],[-2.47028,7.60028],[-2.48053,7.59308],[-2.48712,7.59369],[-2.49731,7.60413],[-2.50958,7.61047],[-2.51562,7.62109],[-2.5304,7.62311],[-2.54199,7.64807],[-2.54138,7.6571],[-2.54498,7.66071],[-2.55981,7.66412],[-2.57361,7.67493],[-2.58911,7.68011],[-2.59113,7.70367],[-2.58899,7.71173],[-2.57782,7.72528],[-2.58722,7.73492],[-2.58441,7.74292],[-2.57678,7.75092],[-2.5874,7.7627],[-2.573,7.77448],[-2.57092,7.79468],[-2.58002,7.82849],[-2.58313,7.85828],[-2.58691,7.8667],[-2.5943,7.8739],[-2.5957,7.88129],[-2.59369,7.88452],[-2.5979,7.89752],[-2.60431,7.90149],[-2.6084,7.9093],[-2.60712,7.91333],[-2.58112,7.92133],[-2.57458,7.9317],[-2.57959,7.94409],[-2.5791,7.95428],[-2.55878,7.95868],[-2.55463,7.97467],[-2.54901,7.98273],[-2.53821,7.9845],[-2.53528,7.97791],[-2.51422,7.9585],[-2.50458,7.94489],[-2.49689,7.94171],[-2.48779,7.92072],[-2.47968,7.91852],[-2.47223,7.92212],[-2.44489,7.96832],[-2.435,7.97571],[-2.43182,7.98468],[-2.4408,7.99829],[-2.43311,8.0191],[-2.40521,8.00891],[-2.3952,8.01147],[-2.38428,8.00629],[-2.36981,8.00513],[-2.35791,7.99829],[-2.34979,7.98212],[-2.3399,7.9765],[-2.32361,7.98871],[-2.32001,7.9895],[-2.31091,7.98468],[-2.30011,7.98651],[-2.27222,7.97552],[-2.26031,7.9671],[-2.20862,7.95392],[-2.19519,7.95868],[-2.1897,7.96527],[-2.17529,7.96509],[-2.17133,7.97491],[-2.16699,7.9743],[-2.1626,7.97992],[-2.15887,7.99213],[-2.14972,7.99573]]]}},{"type":"Feature","properties":{"name":"Wenchi Municipal","region":"Bono","pcode":"GH0312","level":"ADM2"},"geometry":{"type":"Polygon","coordinates":[[[-1.9231,7.80731],[-1.92761,7.80933],[-1.94373,7.7995],[-1.95258,7.79968],[-1.96191,7.80609],[-1.98291,7.8031],[-2.02643,7.77948],[-2.07593,7.77869],[-2.08142,7.76648],[-2.08032,7.7583],[-2.07159,7.74969],[-2.07361,7.7453],[-2.07031,7.72791],[-2.07288,7.71509],[-2.0625,7.70227],[-2.05609,7.68549],[-2.04889,7.67932],[-2.04828,7.67108],[-2.0517,7.66608],[-2.06732,7.66071],[-2.0708,7.65088],[-2.08899,7.6319],[-2.09119,7.62231],[-2.08832,7.61133],[-2.11182,7.57233],[-2.10931,7.55292],[-2.13672,7.52832],[-2.13531,7.51868],[-2.12189,7.51508],[-2.1178,7.50189],[-2.1109,7.49609],[-2.1474,7.49548],[-2.16663,7.48431],[-2.1698,7.47888],[-2.19031,7.4765],[-2.1936,7.47827],[-2.20941,7.4715],[-2.22443,7.46948],[-2.229,7.46973],[-2.23218,7.4787],[-2.24121,7.47931],[-2.24591,7.48688],[-2.26062,7.48969],[-2.26703,7.50031],[-2.26251,7.51208],[-2.26178,7.5271],[-2.25439,7.53552],[-2.25488,7.5423],[-2.2453,7.54907],[-2.24341,7.5639],[-2.24011,7.56671],[-2.24323,7.57489],[-2.25372,7.58252],[-2.24951,7.59668],[-2.25128,7.60748],[-2.22601,7.60791],[-2.21698,7.61188],[-2.21509,7.6203],[-2.21808,7.62628],[-2.21771,7.63391],[-2.22308,7.63831],[-2.21271,7.65289],[-2.21521,7.6673],[-2.203,7.67529],[-2.2052,7.68732],[-2.21649,7.69312],[-2.2193,7.7113],[-2.21741,7.71429],[-2.21301,7.71393],[-2.20361,7.72571],[-2.20398,7.7395],[-2.1994,7.73993],[-2.19751,7.74512],[-2.19812,7.74951],[-2.211,7.75452],[-2.20532,7.75989],[-2.198,7.75952],[-2.1947,7.76233],[-2.19751,7.77972],[-2.19482,7.79749],[-2.17981,7.80487],[-2.16681,7.81592],[-2.16699,7.83069],[-2.16443,7.83472],[-2.15479,7.83228],[-2.1521,7.83691],[-2.1557,7.84387],[-2.1474,7.84369],[-2.15289,7.86829],[-2.1507,7.87012],[-2.13861,7.8667],[-2.13611,7.87048],[-2.14758,7.88129],[-2.14752,7.88507],[-2.14203,7.8855],[-2.1593,7.90668],[-2.1629,7.91827],[-2.15729,7.92432],[-2.15759,7.93451],[-2.15417,7.93793],[-2.14648,7.93469],[-2.14752,7.94269],[-2.14008,7.94672],[-2.13788,7.95453],[-2.14258,7.96252],[-2.14288,7.96991],[-2.13818,7.97772],[-2.14551,7.98572],[-2.14972,7.99573],[-2.14459,8.00348],[-2.1427,8.01508],[-2.13708,8.01929],[-2.13531,8.02808],[-2.1319,8.02991],[-2.12982,8.02692],[-2.12628,8.02728],[-2.12073,8.03632],[-2.11371,8.03931],[-2.11371,8.04248],[-2.13049,8.05151],[-2.1297,8.05609],[-2.1214,8.05249],[-2.11621,8.05328],[-2.12323,8.06207],[-2.12299,8.07111],[-2.12579,8.07593],[-2.13501,8.08148],[-2.12708,8.08551],[-2.12848,8.08832],[-2.12183,8.09131],[-2.1203,8.09772],[-2.11682,8.09949],[-2.11713,8.11951],[-2.12152,8.13049],[-2.11731,8.13593],[-2.1015,8.13507],[-2.08008,8.09991],[-2.06549,8.0899],[-2.05499,8.0603],[-2.05713,8.0531],[-2.03741,8.03113],[-2.02588,8.02289],[-2.02649,7.99573],[-2.04352,7.97229],[-2.04102,7.96448],[-2.0318,7.95709],[-2.02081,7.95569],[-1.99438,7.96753],[-1.98633,7.96692],[-1.95032,7.9187],[-1.9151,7.87769],[-1.90289,7.8313],[-1.91443,7.81329],[-1.9231,7.80731]]]}},{"type":"Feature","properties":{"name":"Atebubu Amantin","region":"Bono East","pcode":"GH0401","level":"ADM2"},"geometry":{"type":"Polygon","coordinates":[[[-0.82269,7.96307],[-0.81891,7.9317],[-0.82111,7.92371],[-0.8385,7.9007],[-0.84003,7.87372],[-0.83661,7.86047],[-0.82739,7.84711],[-0.8244,7.81567],[-0.81439,7.80072],[-0.81329,7.79187],[-0.81653,7.78412],[-0.80859,7.76892],[-0.8103,7.72632],[-0.80322,7.71631],[-0.80249,7.67828],[-0.79541,7.66888],[-0.79572,7.64832],[-0.80139,7.63251],[-0.7793,7.60193],[-0.78461,7.58569],[-0.78589,7.57013],[-0.77332,7.55591],[-0.77429,7.54388],[-0.76233,7.52649],[-0.763,7.52209],[-0.76721,7.5199],[-0.7674,7.51471],[-0.77502,7.51251],[-0.78412,7.49811],[-0.80731,7.50409],[-0.8078,7.50873],[-0.81482,7.50671],[-0.81958,7.50067],[-0.82233,7.5083],[-0.82849,7.51172],[-0.84308,7.50989],[-0.8446,7.51709],[-0.8562,7.51831],[-0.8598,7.51593],[-0.86621,7.52051],[-0.87622,7.51471],[-0.88971,7.51611],[-0.89301,7.5047],[-0.90271,7.50751],[-0.92291,7.50391],[-0.93341,7.50769],[-0.93872,7.51569],[-0.95471,7.5235],[-0.96558,7.52032],[-0.9726,7.5213],[-0.98401,7.53387],[-1.00281,7.52911],[-1.01489,7.53448],[-1.02478,7.53351],[-1.04108,7.52692],[-1.04431,7.51849],[-1.05261,7.50891],[-1.06738,7.50232],[-1.0705,7.4903],[-1.08362,7.4873],[-1.10358,7.46588],[-1.12488,7.47632],[-1.13202,7.47168],[-1.14191,7.47247],[-1.14722,7.46851],[-1.15448,7.46887],[-1.15759,7.47949],[-1.18042,7.48187],[-1.20251,7.49512],[-1.20679,7.4931],[-1.22589,7.49469],[-1.23859,7.48969],[-1.24561,7.49268],[-1.26251,7.51251],[-1.26599,7.52087],[-1.29041,7.53589],[-1.2951,7.5473],[-1.29419,7.5589],[-1.30029,7.57147],[-1.3111,7.57727],[-1.31329,7.58148],[-1.31311,7.60211],[-1.31659,7.6095],[-1.30798,7.61908],[-1.30261,7.62012],[-1.29303,7.61572],[-1.2843,7.61609],[-1.28058,7.61951],[-1.28473,7.62671],[-1.29071,7.63068],[-1.29468,7.62988],[-1.31122,7.6463],[-1.32483,7.65253],[-1.32971,7.65808],[-1.33801,7.6593],[-1.36719,7.65308],[-1.36871,7.64648],[-1.37482,7.64392],[-1.38831,7.6441],[-1.39301,7.64093],[-1.39691,7.64429],[-1.40088,7.64313],[-1.40631,7.63507],[-1.41119,7.63489],[-1.40222,7.65308],[-1.38202,7.67749],[-1.37909,7.68732],[-1.3689,7.70093],[-1.38208,7.7309],[-1.38141,7.7605],[-1.3681,7.77271],[-1.35559,7.77789],[-1.35883,7.78632],[-1.37549,7.78992],[-1.38129,7.79449],[-1.37799,7.79907],[-1.34692,7.79028],[-1.33173,7.79071],[-1.33099,7.7879],[-1.32141,7.78888],[-1.3139,7.78528],[-1.30261,7.78912],[-1.29938,7.78668],[-1.2876,7.78967],[-1.2771,7.78888],[-1.27069,7.79449],[-1.25171,7.80029],[-1.24591,7.80389],[-1.245,7.80792],[-1.25018,7.81531],[-1.23798,7.83752],[-1.23041,7.8429],[-1.2041,7.84387],[-1.19281,7.8515],[-1.19281,7.85492],[-1.2002,7.86047],[-1.19922,7.8725],[-1.18701,7.87109],[-1.17871,7.88867],[-1.18182,7.89392],[-1.19409,7.89893],[-1.19043,7.90033],[-1.18311,7.89752],[-1.1734,7.90448],[-1.1593,7.90509],[-1.14801,7.9115],[-1.14172,7.90833],[-1.13281,7.91589],[-1.12128,7.90948],[-1.1203,7.9021],[-1.11749,7.90051],[-1.10541,7.9043],[-1.09979,7.9173],[-1.10272,7.92548],[-1.10138,7.93311],[-1.112,7.93469],[-1.1181,7.94629],[-1.11078,7.95428],[-1.08972,7.96228],[-1.08478,7.9787],[-1.08008,7.98328],[-1.0575,7.98108],[-1.05151,7.96649],[-1.03638,7.9903],[-1.02289,7.99127],[-1.01758,7.98907],[-1.01239,7.97949],[-1.005,7.97449],[-1.00409,7.96332],[-0.96771,7.9541],[-0.95691,7.94873],[-0.94989,7.94128],[-0.93658,7.9389],[-0.93018,7.93048],[-0.92023,7.92792],[-0.90698,7.9295],[-0.90118,7.93311],[-0.89032,7.9317],[-0.88391,7.93848],[-0.86011,7.93927],[-0.8515,7.95288],[-0.84351,7.9469],[-0.82532,7.95673],[-0.82269,7.96307]]]}},{"type":"Feature","properties":{"name":"Kintampo North Municipal","region":"Bono East","pcode":"GH0402","level":"ADM2"},"geometry":{"type":"Polygon","coordinates":[[[-1.40479,8.77393],[-1.37842,8.76813],[-1.35602,8.75909],[-1.31152,8.72351],[-1.30219,8.72009],[-1.29022,8.72089],[-1.28552,8.7179],[-1.2616,8.6897],[-1.23029,8.67529],[-1.20679,8.66809],[-1.198,8.6701],[-1.18591,8.67828],[-1.14441,8.67749],[-1.14728,8.6557],[-1.1449,8.64612],[-1.15051,8.6333],[-1.14661,8.62549],[-1.146,8.59131],[-1.14148,8.57648],[-1.146,8.55847],[-1.15552,8.54211],[-1.16101,8.53748],[-1.17072,8.53571],[-1.17102,8.52753],[-1.16528,8.5235],[-1.16602,8.5119],[-1.16931,8.50848],[-1.17371,8.50873],[-1.17529,8.51672],[-1.17981,8.51593],[-1.18323,8.51129],[-1.19562,8.51111],[-1.19238,8.5011],[-1.1955,8.49469],[-1.21771,8.49091],[-1.2204,8.48907],[-1.22137,8.47809],[-1.22803,8.47729],[-1.23242,8.4707],[-1.24371,8.46832],[-1.25812,8.45453],[-1.26221,8.43488],[-1.26178,8.43109],[-1.25519,8.42731],[-1.25458,8.41852],[-1.25909,8.40692],[-1.25342,8.37848],[-1.26111,8.36871],[-1.25732,8.3587],[-1.25891,8.35413],[-1.26532,8.34088],[-1.27289,8.3349],[-1.27759,8.32068],[-1.27631,8.31152],[-1.27899,8.30811],[-1.2746,8.29053],[-1.28943,8.27911],[-1.29749,8.27649],[-1.3197,8.24908],[-1.32709,8.23547],[-1.33661,8.23328],[-1.34711,8.23651],[-1.37018,8.23273],[-1.40381,8.20673],[-1.39929,8.1853],[-1.40039,8.17889],[-1.41498,8.15991],[-1.41888,8.14288],[-1.4165,8.12549],[-1.4389,8.08313],[-1.43872,8.05292],[-1.43542,8.04388],[-1.45612,8.04089],[-1.47009,8.03369],[-1.48541,8.0307],[-1.49109,8.02533],[-1.49219,8.00568],[-1.51093,8.0105],[-1.51703,8.01489],[-1.53308,8.01508],[-1.54071,8.01251],[-1.54718,7.9989],[-1.56201,8.00891],[-1.56201,8.0155],[-1.56842,8.0177],[-1.57501,8.0307],[-1.62592,8.03168],[-1.63641,8.03351],[-1.66083,8.04749],[-1.67151,8.03992],[-1.67493,8.04633],[-1.70172,8.05048],[-1.71667,8.04907],[-1.72449,8.03809],[-1.74219,8.04651],[-1.7464,8.05969],[-1.82269,8.07672],[-1.82599,8.07629],[-1.85309,8.05029],[-1.86243,8.04932],[-1.8844,8.0545],[-1.90851,8.05353],[-1.90851,8.0589],[-1.9137,8.0639],[-1.92499,8.06049],[-1.9325,8.07172],[-1.96838,8.1087],[-1.98071,8.10968],[-1.98712,8.10468],[-2.02789,8.14447],[-2.0307,8.15369],[-2.02399,8.15613],[-2.00623,8.1557],[-1.9798,8.16589],[-1.96033,8.16992],[-1.94049,8.18951],[-1.9314,8.21033],[-1.91351,8.22968],[-1.90802,8.24689],[-1.89508,8.26172],[-1.86859,8.25952],[-1.84491,8.25348],[-1.81549,8.2381],[-1.8045,8.22913],[-1.78912,8.22632],[-1.77191,8.23273],[-1.75659,8.24847],[-1.74738,8.26331],[-1.74841,8.28009],[-1.76141,8.29993],[-1.77191,8.32373],[-1.78992,8.33588],[-1.80652,8.3399],[-1.81659,8.33929],[-1.8443,8.3299],[-1.8562,8.32953],[-1.87091,8.33411],[-1.88379,8.34869],[-1.90778,8.39691],[-1.90881,8.44031],[-1.88641,8.46448],[-1.88312,8.48029],[-1.89868,8.54028],[-1.89288,8.55609],[-1.88928,8.5863],[-1.86823,8.6413],[-1.84479,8.65973],[-1.81641,8.66193],[-1.78888,8.65253],[-1.75519,8.63013],[-1.7334,8.62653],[-1.69098,8.64587],[-1.6825,8.66107],[-1.68201,8.67987],[-1.67871,8.68469],[-1.6593,8.69489],[-1.64539,8.6925],[-1.62891,8.68091],[-1.61511,8.67749],[-1.55499,8.67572],[-1.53131,8.68109],[-1.51111,8.69128],[-1.49902,8.73871],[-1.48419,8.75989],[-1.47388,8.76532],[-1.45001,8.76569],[-1.40479,8.77393]]]}},{"type":"Feature","properties":{"name":"Kintampo South","region":"Bono East","pcode":"GH0403","level":"ADM2"},"geometry":{"type":"Polygon","coordinates":[[[-2.0307,8.15369],[-2.02789,8.14447],[-1.98712,8.10468],[-1.98071,8.10968],[-1.96838,8.1087],[-1.9325,8.07172],[-1.92499,8.06049],[-1.9137,8.0639],[-1.90851,8.0589],[-1.90851,8.05353],[-1.8844,8.0545],[-1.86243,8.04932],[-1.85309,8.05029],[-1.82599,8.07629],[-1.82269,8.07672],[-1.7464,8.05969],[-1.74219,8.04651],[-1.72449,8.03809],[-1.71667,8.04907],[-1.70172,8.05048],[-1.67493,8.04633],[-1.67151,8.03992],[-1.66083,8.04749],[-1.63641,8.03351],[-1.62592,8.03168],[-1.57501,8.0307],[-1.56842,8.0177],[-1.56201,8.0155],[-1.56201,8.00891],[-1.54718,7.9989],[-1.54071,8.01251],[-1.53308,8.01508],[-1.51703,8.01489],[-1.51093,8.0105],[-1.49219,8.00568],[-1.4917,7.98993],[-1.5022,7.98053],[-1.50781,7.96307],[-1.50751,7.95612],[-1.49933,7.94092],[-1.4989,7.92389],[-1.51703,7.8811],[-1.50958,7.86871],[-1.50812,7.8573],[-1.51221,7.85468],[-1.53351,7.8703],[-1.55652,7.87329],[-1.56531,7.88129],[-1.5777,7.88232],[-1.60461,7.85608],[-1.60699,7.84412],[-1.6156,7.84167],[-1.6308,7.82312],[-1.64642,7.81409],[-1.65613,7.81628],[-1.66193,7.81128],[-1.67291,7.80908],[-1.68622,7.81427],[-1.69781,7.81372],[-1.70898,7.80487],[-1.71631,7.80408],[-1.7226,7.79547],[-1.73041,7.79071],[-1.75311,7.78668],[-1.75891,7.78009],[-1.77631,7.78448],[-1.78949,7.7829],[-1.79919,7.77771],[-1.80902,7.75269],[-1.8833,7.75232],[-1.90979,7.72888],[-1.91962,7.73248],[-1.9317,7.74152],[-1.93701,7.75372],[-1.94391,7.76147],[-1.94263,7.76508],[-1.92621,7.77307],[-1.9389,7.77509],[-1.93829,7.78387],[-1.94788,7.7843],[-1.91443,7.81329],[-1.90289,7.8313],[-1.9151,7.87769],[-1.95032,7.9187],[-1.98633,7.96692],[-1.99438,7.96753],[-2.02081,7.95569],[-2.0318,7.95709],[-2.04102,7.96448],[-2.04352,7.97229],[-2.02649,7.99573],[-2.02588,8.02289],[-2.03741,8.03113],[-2.05713,8.0531],[-2.05499,8.0603],[-2.06549,8.0899],[-2.08008,8.09991],[-2.1015,8.13507],[-2.11731,8.13593],[-2.12152,8.15088],[-2.117,8.15692],[-2.1062,8.15729],[-2.08331,8.1535],[-2.06372,8.14612],[-2.04358,8.14771],[-2.0307,8.15369]]]}},{"type":"Feature","properties":{"name":"Nkoranza North","region":"Bono East","pcode":"GH0404","level":"ADM2"},"geometry":{"type":"Polygon","coordinates":[[[-1.50812,7.8573],[-1.50421,7.8465],[-1.49579,7.84808],[-1.48572,7.83789],[-1.47992,7.81488],[-1.474,7.80548],[-1.44489,7.81128],[-1.43182,7.79907],[-1.40289,7.81012],[-1.38019,7.8031],[-1.37799,7.79907],[-1.38129,7.79449],[-1.37549,7.78992],[-1.35883,7.78632],[-1.35559,7.77789],[-1.3681,7.77271],[-1.38141,7.7605],[-1.38208,7.7309],[-1.3689,7.70093],[-1.37909,7.68732],[-1.38202,7.67749],[-1.40222,7.65308],[-1.41119,7.63489],[-1.40631,7.63507],[-1.40088,7.64313],[-1.39691,7.64429],[-1.39301,7.64093],[-1.38831,7.6441],[-1.37482,7.64392],[-1.36871,7.64648],[-1.36719,7.65308],[-1.35571,7.65692],[-1.33319,7.65887],[-1.31122,7.6463],[-1.29468,7.62988],[-1.29071,7.63068],[-1.28473,7.62671],[-1.28058,7.61951],[-1.2843,7.61609],[-1.29303,7.61572],[-1.30261,7.62012],[-1.30798,7.61908],[-1.30792,7.62189],[-1.3158,7.62451],[-1.3349,7.62152],[-1.3465,7.61749],[-1.35681,7.60828],[-1.36249,7.60828],[-1.36841,7.60309],[-1.38361,7.60529],[-1.39789,7.59949],[-1.4093,7.58649],[-1.42029,7.58087],[-1.43091,7.58368],[-1.44702,7.5769],[-1.45288,7.5849],[-1.46899,7.58411],[-1.47137,7.57709],[-1.4743,7.57892],[-1.47772,7.57648],[-1.48151,7.56769],[-1.50403,7.55829],[-1.51508,7.55872],[-1.52948,7.5661],[-1.5495,7.55829],[-1.55829,7.56152],[-1.57141,7.55969],[-1.57709,7.5639],[-1.58569,7.56451],[-1.5874,7.56873],[-1.59088,7.56952],[-1.6134,7.57373],[-1.61981,7.56989],[-1.62939,7.5769],[-1.64752,7.58411],[-1.65228,7.59088],[-1.6673,7.59229],[-1.68121,7.58972],[-1.68878,7.59308],[-1.7002,7.59088],[-1.71149,7.59387],[-1.71179,7.59088],[-1.7359,7.5755],[-1.74658,7.57709],[-1.76758,7.57269],[-1.77802,7.58173],[-1.78601,7.58289],[-1.7937,7.60468],[-1.80072,7.60992],[-1.81439,7.6131],[-1.83142,7.62433],[-1.83063,7.64032],[-1.8374,7.65472],[-1.83051,7.67633],[-1.83258,7.68732],[-1.83759,7.69287],[-1.84113,7.69611],[-1.85779,7.6983],[-1.85541,7.70752],[-1.87878,7.71509],[-1.90442,7.70111],[-1.90991,7.70892],[-1.9115,7.71552],[-1.9054,7.72589],[-1.90979,7.72888],[-1.8833,7.75232],[-1.80902,7.75269],[-1.80103,7.77509],[-1.78949,7.7829],[-1.76862,7.7843],[-1.75891,7.78009],[-1.75311,7.78668],[-1.73041,7.79071],[-1.7226,7.79547],[-1.71631,7.80408],[-1.70898,7.80487],[-1.703,7.81189],[-1.69141,7.81512],[-1.67291,7.80908],[-1.66193,7.81128],[-1.65613,7.81628],[-1.64642,7.81409],[-1.6308,7.82312],[-1.6156,7.84167],[-1.60699,7.84412],[-1.60461,7.85608],[-1.5777,7.88232],[-1.56531,7.88129],[-1.55652,7.87329],[-1.53351,7.8703],[-1.51221,7.85468],[-1.50812,7.8573]]]}},{"type":"Feature","properties":{"name":"Nkoranza South","region":"Bono East","pcode":"GH0405","level":"ADM2"},"geometry":{"type":"Polygon","coordinates":[[[-1.42542,7.5827],[-1.42511,7.57629],[-1.43359,7.57349],[-1.43628,7.55768],[-1.45172,7.54108],[-1.4624,7.5235],[-1.4718,7.49847],[-1.4942,7.48108],[-1.51923,7.44873],[-1.51251,7.44189],[-1.50989,7.42908],[-1.51001,7.42108],[-1.51562,7.40973],[-1.51581,7.39227],[-1.51819,7.39032],[-1.52191,7.39648],[-1.52789,7.39911],[-1.54041,7.39587],[-1.56342,7.40491],[-1.5769,7.40253],[-1.59241,7.38409],[-1.60681,7.35992],[-1.6178,7.35132],[-1.62592,7.33893],[-1.6394,7.33691],[-1.6438,7.32233],[-1.65381,7.31409],[-1.65723,7.31989],[-1.67621,7.32031],[-1.68268,7.32471],[-1.70038,7.32147],[-1.71008,7.32428],[-1.71881,7.31653],[-1.72638,7.3161],[-1.73029,7.31268],[-1.7403,7.32013],[-1.76239,7.32373],[-1.77399,7.34772],[-1.80719,7.34949],[-1.82861,7.3927],[-1.8399,7.42511],[-1.836,7.47113],[-1.84082,7.47131],[-1.8515,7.4621],[-1.85638,7.4613],[-1.86328,7.47009],[-1.86353,7.47693],[-1.85101,7.48212],[-1.84839,7.49188],[-1.85522,7.49847],[-1.83801,7.49487],[-1.81512,7.50873],[-1.8114,7.5307],[-1.79413,7.54352],[-1.79608,7.55011],[-1.79413,7.55432],[-1.79932,7.56372],[-1.81049,7.56909],[-1.80243,7.57629],[-1.79248,7.56909],[-1.78131,7.57727],[-1.7735,7.57672],[-1.76758,7.57269],[-1.74658,7.57709],[-1.7359,7.5755],[-1.71179,7.59088],[-1.71149,7.59387],[-1.7002,7.59088],[-1.68878,7.59308],[-1.68121,7.58972],[-1.6673,7.59229],[-1.65228,7.59088],[-1.64752,7.58411],[-1.62939,7.5769],[-1.61981,7.56989],[-1.6134,7.57373],[-1.59088,7.56952],[-1.5874,7.56873],[-1.58569,7.56451],[-1.57709,7.5639],[-1.57141,7.55969],[-1.55829,7.56152],[-1.5495,7.55829],[-1.52948,7.5661],[-1.51508,7.55872],[-1.50403,7.55829],[-1.48151,7.56769],[-1.47772,7.57648],[-1.4743,7.57892],[-1.47137,7.57709],[-1.46899,7.58411],[-1.45288,7.5849],[-1.44702,7.5769],[-1.44281,7.5769],[-1.43451,7.58289],[-1.42542,7.5827]]]}},{"type":"Feature","properties":{"name":"Pru East","region":"Bono East","pcode":"GH0406","level":"ADM2"},"geometry":{"type":"Polygon","coordinates":[[[-0.77979,8.33551],[-0.74078,8.33551],[-0.63953,8.26947],[-0.54248,8.18768],[-0.5658,8.15771],[-0.57031,8.14551],[-0.55518,8.12769],[-0.55542,8.12372],[-0.56311,8.1153],[-0.5835,8.10748],[-0.59088,8.10889],[-0.60162,8.1059],[-0.61353,8.1109],[-0.61761,8.10968],[-0.61829,8.09808],[-0.62958,8.09131],[-0.63501,8.08392],[-0.64502,8.08112],[-0.64929,8.0733],[-0.66602,8.06128],[-0.66949,8.05231],[-0.6781,8.05768],[-0.67603,8.06549],[-0.67908,8.06628],[-0.69641,8.06171],[-0.7229,8.04871],[-0.73041,8.03888],[-0.73401,8.02692],[-0.74719,8.01111],[-0.75592,7.98633],[-0.76489,7.97491],[-0.77008,7.94812],[-0.79822,7.95508],[-0.81421,7.96851],[-0.81769,7.96869],[-0.82532,7.95673],[-0.84351,7.9469],[-0.8515,7.95288],[-0.86011,7.93927],[-0.88391,7.93848],[-0.89032,7.9317],[-0.90118,7.93311],[-0.90698,7.9295],[-0.92023,7.92792],[-0.93018,7.93048],[-0.93658,7.9389],[-0.94989,7.94128],[-0.95691,7.94873],[-0.96771,7.9541],[-1.00409,7.96332],[-1.005,7.97449],[-1.01239,7.97949],[-1.01758,7.98907],[-1.02289,7.99127],[-1.03638,7.9903],[-1.05151,7.96649],[-1.05408,8.00732],[-1.06592,8.02393],[-1.04871,8.02972],[-1.03668,8.02551],[-1.02948,8.01752],[-1.01941,8.01611],[-1.01691,8.01849],[-1.01929,8.0307],[-1.03351,8.0451],[-1.03619,8.05731],[-1.04681,8.06189],[-1.0473,8.0697],[-1.04102,8.08148],[-1.04352,8.09308],[-1.0675,8.12793],[-1.04102,8.16791],[-1.04291,8.20892],[-1.03839,8.24371],[-1.01923,8.26111],[-1.00891,8.2475],[-0.99249,8.24573],[-0.98871,8.24213],[-0.98743,8.23529],[-0.979,8.22729],[-0.96771,8.23309],[-0.9657,8.2467],[-0.9599,8.25067],[-0.94861,8.24652],[-0.93793,8.25171],[-0.89508,8.25769],[-0.86572,8.27087],[-0.8623,8.27411],[-0.8526,8.31488],[-0.85901,8.32233],[-0.85779,8.32849],[-0.80139,8.33972],[-0.77979,8.33551]]]}},{"type":"Feature","properties":{"name":"Pru West","region":"Bono East","pcode":"GH0407","level":"ADM2"},"geometry":{"type":"Polygon","coordinates":[[[-1.06592,8.02393],[-1.05408,8.00732],[-1.05322,7.97192],[-1.0575,7.98108],[-1.08008,7.98328],[-1.08478,7.9787],[-1.08972,7.96228],[-1.11548,7.9505],[-1.1181,7.94629],[-1.112,7.93469],[-1.10138,7.93311],[-1.10272,7.92548],[-1.09979,7.9173],[-1.10278,7.9071],[-1.11749,7.90051],[-1.1203,7.9021],[-1.12128,7.90948],[-1.13281,7.91589],[-1.14172,7.90833],[-1.14801,7.9115],[-1.1593,7.90509],[-1.1734,7.90448],[-1.18311,7.89752],[-1.19043,7.90033],[-1.19409,7.89893],[-1.18182,7.89392],[-1.17871,7.88867],[-1.18701,7.87109],[-1.19922,7.8725],[-1.2002,7.86047],[-1.19281,7.85492],[-1.19281,7.8515],[-1.2041,7.84387],[-1.23041,7.8429],[-1.23798,7.83752],[-1.25018,7.81531],[-1.245,7.80792],[-1.24591,7.80389],[-1.27069,7.79449],[-1.2771,7.78888],[-1.2876,7.78967],[-1.29938,7.78668],[-1.30261,7.78912],[-1.3139,7.78528],[-1.32141,7.78888],[-1.33099,7.7879],[-1.33173,7.79071],[-1.34271,7.78949],[-1.37799,7.79907],[-1.38019,7.8031],[-1.40289,7.81012],[-1.43182,7.79907],[-1.44489,7.81128],[-1.474,7.80548],[-1.47992,7.81488],[-1.48572,7.83789],[-1.49579,7.84808],[-1.50421,7.8465],[-1.50958,7.86871],[-1.51703,7.8811],[-1.4989,7.92389],[-1.49933,7.94092],[-1.50751,7.95612],[-1.50781,7.96307],[-1.5022,7.98053],[-1.4917,7.98993],[-1.49109,8.02533],[-1.48541,8.0307],[-1.47009,8.03369],[-1.45612,8.04089],[-1.43542,8.04388],[-1.43872,8.05292],[-1.4389,8.08313],[-1.4165,8.12549],[-1.41888,8.14288],[-1.41498,8.15991],[-1.40039,8.17889],[-1.39929,8.1853],[-1.40381,8.20673],[-1.37018,8.23273],[-1.34711,8.23651],[-1.33661,8.23328],[-1.32709,8.23547],[-1.3197,8.24908],[-1.29749,8.27649],[-1.28943,8.27911],[-1.2746,8.29053],[-1.26868,8.27692],[-1.26648,8.25732],[-1.25128,8.2431],[-1.23712,8.22369],[-1.22949,8.2049],[-1.15723,8.0899],[-1.15741,8.08209],[-1.16479,8.07111],[-1.16559,8.05847],[-1.15942,8.0343],[-1.15961,8.02228],[-1.16241,8.01648],[-1.15723,8.00012],[-1.1319,7.99548],[-1.125,7.99731],[-1.12109,7.99432],[-1.10699,7.99268],[-1.09662,7.99768],[-1.08051,8.01709],[-1.06592,8.02393]]]}},{"type":"Feature","properties":{"name":"Sene East","region":"Bono East","pcode":"GH0408","level":"ADM2"},"geometry":{"type":"Polygon","coordinates":[[[-0.4472,8.15851],[-0.41901,8.15289],[-0.3847,8.15289],[-0.31927,8.13049],[-0.29492,8.11731],[-0.24878,8.07709],[-0.2406,8.04968],[-0.21472,8.03088],[-0.17322,8.02472],[-0.15411,8.03131],[-0.14148,8.01788],[-0.14423,8.00549],[-0.17023,7.96991],[-0.17383,7.95752],[-0.14111,7.9585],[-0.13489,7.94849],[-0.13647,7.9397],[-0.14172,7.93512],[-0.14539,7.90308],[-0.13611,7.82489],[-0.1264,7.78833],[-0.11102,7.76031],[-0.1001,7.75049],[-0.07721,7.74731],[-0.05859,7.74872],[-0.04248,7.75452],[-0.01453,7.7569],[0.00409,7.74249],[0.0025,7.71771],[-0.0152,7.68408],[-0.01678,7.64832],[-0.01428,7.6261],[0.00952,7.57849],[0.04309,7.53912],[0.07709,7.48212],[0.08331,7.44849],[0.09113,7.42932],[0.09991,7.42572],[0.12408,7.40649],[0.13647,7.40228],[0.15051,7.39093],[0.17273,7.38049],[0.17889,7.3811],[0.19873,7.3681],[0.2085,7.35089],[0.21509,7.31012],[0.2041,7.27551],[0.19208,7.21912],[0.18268,7.1933],[0.18231,7.17969],[0.12329,7.1839],[0.11029,7.18268],[0.0979,7.17767],[0.08112,7.1817],[0.0675,7.17371],[0.05048,7.17212],[0.04089,7.18091],[0.02911,7.18549],[0.0213,7.18311],[0.01111,7.18628],[0.00452,7.19409],[-0.00421,7.1911],[-0.0141,7.1933],[-0.02753,7.19153],[-0.05261,7.19647],[-0.06152,7.18811],[-0.08441,7.17932],[-0.09772,7.18488],[-0.10181,7.19232],[-0.10712,7.19513],[-0.1275,7.19348],[-0.14032,7.19513],[-0.14948,7.19952],[-0.15503,7.19489],[-0.1601,7.19489],[-0.16351,7.19971],[-0.18011,7.1991],[-0.18158,7.20312],[-0.20221,7.20288],[-0.21552,7.19971],[-0.21692,7.20947],[-0.2215,7.21173],[-0.23651,7.20227],[-0.2431,7.21149],[-0.24341,7.22229],[-0.25269,7.2251],[-0.25592,7.22931],[-0.26202,7.2655],[-0.27289,7.2691],[-0.2757,7.27429],[-0.28888,7.2829],[-0.30621,7.27869],[-0.30988,7.28491],[-0.32397,7.28192],[-0.33698,7.29327],[-0.34418,7.29291],[-0.35101,7.29633],[-0.35638,7.30249],[-0.35559,7.30731],[-0.35938,7.30988],[-0.3728,7.31171],[-0.37628,7.30951],[-0.38647,7.31769],[-0.39331,7.33972],[-0.40649,7.35669],[-0.40649,7.36353],[-0.42749,7.40527],[-0.42529,7.41388],[-0.42871,7.42047],[-0.42621,7.42468],[-0.42749,7.43311],[-0.42023,7.4527],[-0.40918,7.47009],[-0.38959,7.4859],[-0.38593,7.49188],[-0.3576,7.49933],[-0.35059,7.50452],[-0.33948,7.50732],[-0.30621,7.52869],[-0.33643,7.52948],[-0.3418,7.5423],[-0.34381,7.55933],[-0.3327,7.58789],[-0.3291,7.6203],[-0.3324,7.64807],[-0.39301,7.64832],[-0.39441,7.65948],[-0.40649,7.67493],[-0.40302,7.68048],[-0.4035,7.6853],[-0.41199,7.6911],[-0.41321,7.69708],[-0.42181,7.70868],[-0.42181,7.7265],[-0.43542,7.73871],[-0.4353,7.74231],[-0.42828,7.74768],[-0.4118,7.77393],[-0.41083,7.78088],[-0.41272,7.78693],[-0.4397,7.78729],[-0.44489,7.79248],[-0.43793,7.8053],[-0.44171,7.81512],[-0.43451,7.82593],[-0.43689,7.84888],[-0.43341,7.86353],[-0.44562,7.88507],[-0.44,7.90009],[-0.44098,7.9057],[-0.44843,7.9079],[-0.45178,7.91968],[-0.44531,7.93689],[-0.44562,7.95673],[-0.45129,7.96289],[-0.4364,7.9751],[-0.43372,7.98633],[-0.42731,7.9895],[-0.42041,7.98889],[-0.46008,8.07111],[-0.46143,8.0827],[-0.4472,8.15851]]]}},{"type":"Feature","properties":{"name":"Sene West","region":"Bono East","pcode":"GH0409","level":"ADM2"},"geometry":{"type":"Polygon","coordinates":[[[-0.4472,8.15851],[-0.46143,8.0827],[-0.46008,8.07111],[-0.42041,7.98889],[-0.42731,7.9895],[-0.43372,7.98633],[-0.4364,7.9751],[-0.45129,7.96289],[-0.44562,7.95673],[-0.44531,7.93689],[-0.45178,7.91968],[-0.44843,7.9079],[-0.44098,7.9057],[-0.44,7.90009],[-0.44562,7.88507],[-0.43341,7.86353],[-0.43689,7.84888],[-0.43451,7.82593],[-0.44171,7.81512],[-0.43793,7.8053],[-0.44489,7.79248],[-0.4397,7.78729],[-0.41272,7.78693],[-0.41083,7.78088],[-0.4118,7.77393],[-0.42828,7.74768],[-0.4353,7.74231],[-0.43542,7.73871],[-0.42181,7.7265],[-0.42181,7.70868],[-0.41321,7.69708],[-0.41199,7.6911],[-0.4035,7.6853],[-0.40302,7.68048],[-0.40649,7.67493],[-0.39441,7.65948],[-0.39301,7.64832],[-0.3324,7.64807],[-0.3291,7.6203],[-0.3327,7.58789],[-0.34381,7.55933],[-0.3418,7.5423],[-0.33643,7.52948],[-0.30621,7.52869],[-0.33948,7.50732],[-0.35059,7.50452],[-0.3576,7.49933],[-0.38593,7.49188],[-0.38959,7.4859],[-0.40918,7.47009],[-0.42023,7.4527],[-0.42749,7.43311],[-0.42621,7.42468],[-0.42871,7.42047],[-0.42529,7.41388],[-0.42749,7.40527],[-0.40649,7.36353],[-0.40649,7.35669],[-0.39331,7.33972],[-0.38892,7.32233],[-0.38318,7.31409],[-0.38489,7.31171],[-0.39728,7.31232],[-0.42749,7.32507],[-0.43158,7.32349],[-0.44702,7.33209],[-0.46228,7.33228],[-0.47211,7.33771],[-0.48309,7.33752],[-0.49213,7.34271],[-0.4975,7.3399],[-0.4989,7.34229],[-0.50421,7.34113],[-0.53479,7.34833],[-0.54089,7.35449],[-0.552,7.35449],[-0.55591,7.35193],[-0.57361,7.35327],[-0.59381,7.34772],[-0.59961,7.35028],[-0.61731,7.37891],[-0.625,7.38409],[-0.6366,7.39929],[-0.64142,7.41913],[-0.65381,7.43109],[-0.64868,7.46289],[-0.65131,7.46631],[-0.64838,7.47852],[-0.65161,7.50372],[-0.65778,7.5069],[-0.67761,7.52869],[-0.68158,7.52631],[-0.68811,7.53333],[-0.68988,7.54028],[-0.698,7.53113],[-0.7196,7.52069],[-0.7326,7.52228],[-0.7486,7.50989],[-0.7774,7.50568],[-0.77502,7.51251],[-0.7674,7.51471],[-0.76721,7.5199],[-0.763,7.52209],[-0.76233,7.52649],[-0.77429,7.54388],[-0.77332,7.55591],[-0.78589,7.57013],[-0.78461,7.58569],[-0.7793,7.60193],[-0.80139,7.63251],[-0.79572,7.64832],[-0.79541,7.66888],[-0.80249,7.67828],[-0.80322,7.71631],[-0.8103,7.72632],[-0.80859,7.76892],[-0.81653,7.78412],[-0.81329,7.79187],[-0.81439,7.80072],[-0.8244,7.81567],[-0.82739,7.84711],[-0.83661,7.86047],[-0.84003,7.87372],[-0.8385,7.9007],[-0.82111,7.92371],[-0.81891,7.9317],[-0.82269,7.96307],[-0.82062,7.96667],[-0.81421,7.96851],[-0.79822,7.95508],[-0.77008,7.94812],[-0.76489,7.97491],[-0.75592,7.98633],[-0.74719,8.01111],[-0.73401,8.02692],[-0.72559,8.04651],[-0.69641,8.06171],[-0.67908,8.06628],[-0.67603,8.06549],[-0.6781,8.05768],[-0.66949,8.05231],[-0.66602,8.06128],[-0.64929,8.0733],[-0.64502,8.08112],[-0.63501,8.08392],[-0.62958,8.09131],[-0.61829,8.09808],[-0.61761,8.10968],[-0.61353,8.1109],[-0.60162,8.1059],[-0.59088,8.10889],[-0.5835,8.10748],[-0.56311,8.1153],[-0.55542,8.12372],[-0.55518,8.12769],[-0.57031,8.14551],[-0.5658,8.15771],[-0.54248,8.18768],[-0.50299,8.18091],[-0.48743,8.17212],[-0.4472,8.15851]]]}},{"type":"Feature","properties":{"name":"Techiman Municipal","region":"Bono East","pcode":"GH0410","level":"ADM2"},"geometry":{"type":"Polygon","coordinates":[[[-1.91809,7.6333],[-1.90381,7.63269],[-1.90002,7.6275],[-1.88141,7.62592],[-1.84039,7.62927],[-1.83221,7.62708],[-1.8233,7.6181],[-1.80072,7.60992],[-1.7937,7.60468],[-1.78778,7.58533],[-1.7821,7.58112],[-1.77802,7.58173],[-1.7735,7.57672],[-1.78131,7.57727],[-1.79248,7.56909],[-1.80243,7.57629],[-1.80939,7.5719],[-1.81049,7.56909],[-1.79932,7.56372],[-1.79413,7.55432],[-1.79608,7.55011],[-1.79413,7.54352],[-1.8114,7.5307],[-1.81512,7.50873],[-1.83801,7.49487],[-1.85522,7.49847],[-1.84839,7.49188],[-1.85101,7.48212],[-1.86353,7.47693],[-1.86682,7.47809],[-1.87109,7.4621],[-1.89728,7.43152],[-1.91589,7.43689],[-1.91931,7.44171],[-1.92712,7.44232],[-1.93323,7.43512],[-1.94122,7.43268],[-1.94989,7.42047],[-1.96478,7.4093],[-1.96649,7.4129],[-1.97638,7.4115],[-2.00171,7.42108],[-2.0174,7.42133],[-2.02448,7.4389],[-2.03601,7.45569],[-2.0401,7.45752],[-2.06049,7.45428],[-2.09149,7.45892],[-2.10852,7.46472],[-2.11407,7.48212],[-2.11371,7.49451],[-2.1109,7.49609],[-2.1178,7.50189],[-2.12189,7.51508],[-2.13531,7.51868],[-2.13739,7.52411],[-2.13672,7.52832],[-2.10931,7.55292],[-2.11182,7.57233],[-2.08832,7.61133],[-2.09119,7.62231],[-2.08899,7.6319],[-2.08191,7.64032],[-2.07812,7.64288],[-2.06012,7.63892],[-2.05518,7.64172],[-2.03748,7.6405],[-2.02209,7.61853],[-1.9942,7.60248],[-1.98859,7.59967],[-1.96729,7.60229],[-1.95972,7.60809],[-1.9552,7.60571],[-1.95831,7.59668],[-1.95111,7.5957],[-1.94458,7.59552],[-1.92682,7.62567],[-1.91809,7.6333]]]}},{"type":"Feature","properties":{"name":"Techiman North","region":"Bono East","pcode":"GH0411","level":"ADM2"},"geometry":{"type":"Polygon","coordinates":[[[-1.9231,7.80731],[-1.94788,7.7843],[-1.93829,7.78387],[-1.9389,7.77509],[-1.92621,7.77307],[-1.94263,7.76508],[-1.94232,7.75812],[-1.927,7.7373],[-1.9054,7.72589],[-1.9115,7.71552],[-1.90442,7.70111],[-1.87878,7.71509],[-1.85541,7.70752],[-1.85779,7.6983],[-1.84113,7.69611],[-1.83258,7.68732],[-1.83051,7.67633],[-1.8374,7.65472],[-1.83063,7.64032],[-1.83221,7.62708],[-1.84039,7.62927],[-1.88141,7.62592],[-1.90002,7.6275],[-1.90381,7.63269],[-1.91809,7.6333],[-1.92682,7.62567],[-1.94458,7.59552],[-1.95111,7.5957],[-1.95831,7.59668],[-1.9552,7.60571],[-1.95972,7.60809],[-1.96729,7.60229],[-1.98859,7.59967],[-1.9942,7.60248],[-2.02209,7.61853],[-2.03748,7.6405],[-2.05518,7.64172],[-2.06012,7.63892],[-2.07812,7.64288],[-2.0708,7.65088],[-2.06732,7.66071],[-2.0517,7.66608],[-2.04791,7.67468],[-2.05109,7.68311],[-2.05609,7.68549],[-2.0625,7.70227],[-2.07288,7.71509],[-2.07031,7.72791],[-2.07361,7.7453],[-2.07159,7.74969],[-2.08032,7.7583],[-2.08142,7.76648],[-2.07593,7.77869],[-2.02643,7.77948],[-1.98291,7.8031],[-1.96191,7.80609],[-1.95258,7.79968],[-1.94373,7.7995],[-1.92761,7.80933],[-1.9231,7.80731]]]}},{"type":"Feature","properties":{"name":"Abura-Asebu-Kwamankese","region":"Central","pcode":"GH0501","level":"ADM2"},"geometry":{"type":"Polygon","coordinates":[[[-1.12378,5.41608],[-1.1236,5.40948],[-1.13702,5.38031],[-1.13129,5.3761],[-1.11652,5.37567],[-1.11578,5.37073],[-1.12842,5.34613],[-1.12262,5.34052],[-1.12,5.32813],[-1.1095,5.3139],[-1.0896,5.29907],[-1.05511,5.28668],[-1.0528,5.28369],[-1.05939,5.27148],[-1.07721,5.27307],[-1.08301,5.27032],[-1.08759,5.2547],[-1.08618,5.24512],[-1.10608,5.24432],[-1.10858,5.24152],[-1.1203,5.25189],[-1.13361,5.25708],[-1.16052,5.25372],[-1.1684,5.25928],[-1.18829,5.25592],[-1.19281,5.24231],[-1.20148,5.22949],[-1.21002,5.2243],[-1.2066,5.21631],[-1.20551,5.19427],[-1.2121,5.19269],[-1.23248,5.17432],[-1.23279,5.1701],[-1.22662,5.1673],[-1.22638,5.16272],[-1.21161,5.14691],[-1.21143,5.14368],[-1.2027,5.13892],[-1.19781,5.13153],[-1.20471,5.12048],[-1.2121,5.11969],[-1.21838,5.13507],[-1.23938,5.13171],[-1.23761,5.1427],[-1.24512,5.15808],[-1.2511,5.15747],[-1.26202,5.16229],[-1.28168,5.16168],[-1.28528,5.17072],[-1.28119,5.17072],[-1.27991,5.17389],[-1.28802,5.19269],[-1.29883,5.20367],[-1.30518,5.20428],[-1.30969,5.2099],[-1.30432,5.21429],[-1.28198,5.22113],[-1.28223,5.24731],[-1.2912,5.25153],[-1.29608,5.26532],[-1.2948,5.27393],[-1.28632,5.28168],[-1.28693,5.29108],[-1.29388,5.2973],[-1.29309,5.30133],[-1.29962,5.3111],[-1.30182,5.32391],[-1.29718,5.3291],[-1.30048,5.34351],[-1.29523,5.35431],[-1.28693,5.36029],[-1.28351,5.35168],[-1.28571,5.34589],[-1.28162,5.34027],[-1.27631,5.33972],[-1.25439,5.34253],[-1.24841,5.35107],[-1.24292,5.34833],[-1.2298,5.35089],[-1.22461,5.35608],[-1.21283,5.3559],[-1.20789,5.35968],[-1.20569,5.38593],[-1.1933,5.38348],[-1.1853,5.38507],[-1.18091,5.38232],[-1.17761,5.3725],[-1.17462,5.3725],[-1.16821,5.38171],[-1.15662,5.38208],[-1.1496,5.37769],[-1.14642,5.38049],[-1.1521,5.38373],[-1.15179,5.38733],[-1.14392,5.3927],[-1.14081,5.40308],[-1.13788,5.40491],[-1.13812,5.41168],[-1.12878,5.4173],[-1.12378,5.41608]]]}},{"type":"Feature","properties":{"name":"Agona East","region":"Central","pcode":"GH0502","level":"ADM2"},"geometry":{"type":"Polygon","coordinates":[[[-0.68628,5.73907],[-0.64368,5.73492],[-0.62988,5.72192],[-0.62231,5.72113],[-0.62183,5.71429],[-0.61841,5.71472],[-0.61841,5.7077],[-0.6142,5.70209],[-0.60651,5.69891],[-0.58972,5.68188],[-0.59161,5.6731],[-0.60718,5.66028],[-0.60492,5.65613],[-0.59723,5.64948],[-0.58838,5.64929],[-0.58038,5.6535],[-0.57361,5.64929],[-0.57971,5.63092],[-0.5694,5.61713],[-0.56293,5.61493],[-0.55762,5.60571],[-0.56738,5.58392],[-0.58698,5.58051],[-0.5921,5.56927],[-0.59021,5.56073],[-0.60071,5.54352],[-0.60669,5.54388],[-0.61218,5.53931],[-0.62561,5.54968],[-0.63782,5.5517],[-0.64099,5.54608],[-0.64819,5.5423],[-0.65088,5.54388],[-0.65582,5.5351],[-0.6626,5.53131],[-0.67169,5.53693],[-0.6839,5.53912],[-0.6842,5.54309],[-0.6886,5.54608],[-0.70331,5.54932],[-0.7088,5.55371],[-0.71252,5.56073],[-0.71179,5.57568],[-0.72778,5.61371],[-0.72632,5.6261],[-0.72839,5.63013],[-0.74121,5.63928],[-0.7453,5.63672],[-0.7561,5.63867],[-0.7608,5.64929],[-0.75598,5.65448],[-0.75293,5.67633],[-0.74951,5.68231],[-0.75763,5.6955],[-0.75891,5.7085],[-0.73798,5.71088],[-0.73181,5.71448],[-0.71112,5.7121],[-0.69849,5.71429],[-0.69562,5.71753],[-0.69342,5.73389],[-0.68921,5.7373],[-0.68628,5.73907]]]}},{"type":"Feature","properties":{"name":"Agona West Municipal","region":"Central","pcode":"GH0503","level":"ADM2"},"geometry":{"type":"Polygon","coordinates":[[[-0.75891,5.7085],[-0.75763,5.6955],[-0.74951,5.68231],[-0.75293,5.67633],[-0.75598,5.65448],[-0.7608,5.64929],[-0.75842,5.64209],[-0.75189,5.63647],[-0.74121,5.63928],[-0.73639,5.6377],[-0.72839,5.63013],[-0.72632,5.6261],[-0.72778,5.61371],[-0.71179,5.57568],[-0.71252,5.56073],[-0.7088,5.55371],[-0.70331,5.54932],[-0.6886,5.54608],[-0.6842,5.54309],[-0.6839,5.53912],[-0.67169,5.53693],[-0.65887,5.52667],[-0.65991,5.51312],[-0.66302,5.50848],[-0.67792,5.50092],[-0.68622,5.5011],[-0.69379,5.51251],[-0.70239,5.51367],[-0.70642,5.51929],[-0.70789,5.52893],[-0.71503,5.52869],[-0.73541,5.51849],[-0.7439,5.52051],[-0.75012,5.52753],[-0.75208,5.54449],[-0.77808,5.52148],[-0.78961,5.52289],[-0.7923,5.52649],[-0.8222,5.52612],[-0.82788,5.53729],[-0.84308,5.54871],[-0.85773,5.55048],[-0.86279,5.56427],[-0.87549,5.57532],[-0.8847,5.57788],[-0.90149,5.59113],[-0.89331,5.59027],[-0.88501,5.60272],[-0.87799,5.60651],[-0.8819,5.61713],[-0.87891,5.62848],[-0.86029,5.6413],[-0.8678,5.66412],[-0.86761,5.67169],[-0.86261,5.67749],[-0.86139,5.68689],[-0.86481,5.70752],[-0.8634,5.73029],[-0.867,5.73792],[-0.87793,5.73889],[-0.87579,5.7453],[-0.88019,5.75787],[-0.84778,5.75732],[-0.8371,5.75348],[-0.83069,5.74652],[-0.81342,5.74451],[-0.81378,5.7309],[-0.78821,5.72467],[-0.78589,5.71051],[-0.7829,5.70813],[-0.77771,5.71368],[-0.75891,5.7085]]]}},{"type":"Feature","properties":{"name":"Ajumako-Enyan-Essiam","region":"Central","pcode":"GH0504","level":"ADM2"},"geometry":{"type":"Polygon","coordinates":[[[-1.08588,5.46332],[-1.07562,5.46649],[-1.08031,5.46687],[-1.0885,5.47331],[-1.09363,5.49213],[-1.11621,5.5097],[-1.12201,5.5235],[-1.12311,5.53333],[-1.12109,5.53528],[-1.11292,5.53729],[-1.10321,5.53369],[-1.09308,5.53711],[-1.0896,5.53412],[-1.08643,5.5119],[-1.08392,5.5097],[-1.07861,5.5083],[-1.06653,5.51648],[-1.0614,5.51569],[-1.0567,5.51312],[-1.05573,5.50427],[-1.0506,5.50208],[-1.04138,5.50391],[-1.0379,5.50812],[-1.01581,5.50513],[-0.99841,5.51331],[-0.97968,5.50873],[-0.97333,5.51129],[-0.97028,5.51813],[-0.96179,5.52252],[-0.94263,5.51569],[-0.94171,5.51251],[-0.9248,5.5011],[-0.91901,5.50531],[-0.89972,5.53552],[-0.86963,5.51349],[-0.86298,5.51208],[-0.85028,5.49768],[-0.8689,5.47827],[-0.86438,5.4657],[-0.86639,5.45929],[-0.86292,5.4397],[-0.87109,5.41852],[-0.86481,5.40833],[-0.86719,5.39752],[-0.8736,5.40009],[-0.88342,5.40973],[-0.88721,5.4093],[-0.89929,5.39789],[-0.89893,5.3811],[-0.9043,5.3819],[-0.91681,5.37531],[-0.92242,5.37549],[-0.91351,5.35608],[-0.91638,5.34692],[-0.91449,5.33252],[-0.91962,5.32593],[-0.93219,5.31873],[-0.93292,5.30573],[-0.95428,5.29608],[-0.96619,5.29852],[-0.97522,5.29529],[-0.98901,5.29852],[-0.9928,5.2923],[-1.00452,5.28711],[-1.00531,5.29053],[-1.01642,5.29932],[-1.02832,5.30591],[-1.03308,5.3161],[-1.04999,5.3233],[-1.06122,5.33228],[-1.06201,5.34131],[-1.05731,5.35052],[-1.06268,5.36652],[-1.08002,5.3725],[-1.0824,5.38708],[-1.09229,5.39929],[-1.09192,5.40308],[-1.10181,5.41248],[-1.11511,5.41669],[-1.11731,5.4201],[-1.12378,5.41608],[-1.12878,5.4173],[-1.12781,5.43091],[-1.09918,5.44373],[-1.10309,5.45728],[-1.09821,5.47192],[-1.08906,5.47352],[-1.08588,5.46332]],[[-1.07111,5.4649],[-1.07172,5.4577],[-1.0694,5.4527],[-1.065,5.45148],[-1.06451,5.45508],[-1.07111,5.4649]]]}},{"type":"Feature","properties":{"name":"Asikuma-Odoben-Brakwa","region":"Central","pcode":"GH0505","level":"ADM2"},"geometry":{"type":"Polygon","coordinates":[[[-0.87842,5.74847],[-0.87579,5.7453],[-0.87793,5.73889],[-0.867,5.73792],[-0.8634,5.73029],[-0.86481,5.70752],[-0.86139,5.68689],[-0.86261,5.67749],[-0.86761,5.67169],[-0.8678,5.66412],[-0.86029,5.6413],[-0.87891,5.62848],[-0.8819,5.61713],[-0.87799,5.60651],[-0.88501,5.60272],[-0.89331,5.59027],[-0.90149,5.59113],[-0.8847,5.57788],[-0.87549,5.57532],[-0.86279,5.56427],[-0.85822,5.54633],[-0.86829,5.53448],[-0.88391,5.52509],[-0.89972,5.53552],[-0.91901,5.50531],[-0.9248,5.5011],[-0.94171,5.51251],[-0.94263,5.51569],[-0.96179,5.52252],[-0.97028,5.51813],[-0.97333,5.51129],[-0.97968,5.50873],[-0.99841,5.51331],[-1.01581,5.50513],[-1.0379,5.50812],[-1.04138,5.50391],[-1.0506,5.50208],[-1.05573,5.50427],[-1.0567,5.51312],[-1.0614,5.51569],[-1.06653,5.51648],[-1.07861,5.5083],[-1.08392,5.5097],[-1.08643,5.5119],[-1.0896,5.53412],[-1.09308,5.53711],[-1.10651,5.53412],[-1.12921,5.54291],[-1.13818,5.55511],[-1.14111,5.56812],[-1.14758,5.57727],[-1.14722,5.58972],[-1.15002,5.5943],[-1.1615,5.59851],[-1.16168,5.60571],[-1.16632,5.61047],[-1.17688,5.64288],[-1.16699,5.65991],[-1.17261,5.67407],[-1.16919,5.70551],[-1.16199,5.71753],[-1.1629,5.72247],[-1.15808,5.72089],[-1.151,5.7251],[-1.14221,5.71289],[-1.14392,5.70428],[-1.13568,5.70453],[-1.1344,5.72131],[-1.12091,5.72052],[-1.09979,5.70093],[-1.09442,5.71368],[-1.09711,5.72607],[-1.09113,5.74268],[-1.07721,5.74933],[-1.04309,5.75171],[-1.03998,5.74353],[-1.03229,5.73792],[-0.9986,5.7453],[-0.99402,5.73993],[-0.99109,5.7475],[-0.97241,5.7533],[-0.95209,5.73871],[-0.90521,5.73871],[-0.8797,5.74268],[-0.87842,5.74847]]]}},{"type":"Feature","properties":{"name":"Assin Fosu","region":"Central","pcode":"GH0506","level":"ADM2"},"geometry":{"type":"Polygon","coordinates":[[[-1.16571,5.71051],[-1.16919,5.70551],[-1.17261,5.67407],[-1.16699,5.65991],[-1.17242,5.65009],[-1.18762,5.65271],[-1.18512,5.6731],[-1.18878,5.67987],[-1.2077,5.6969],[-1.21521,5.69092],[-1.2215,5.6897],[-1.2226,5.68188],[-1.22961,5.6767],[-1.23499,5.6759],[-1.24652,5.68188],[-1.26251,5.67291],[-1.26721,5.6665],[-1.27301,5.6709],[-1.28119,5.6687],[-1.29321,5.67548],[-1.29852,5.69208],[-1.3045,5.6947],[-1.35461,5.69452],[-1.36432,5.69708],[-1.3725,5.69391],[-1.39203,5.71887],[-1.42322,5.70251],[-1.42621,5.71552],[-1.44012,5.71509],[-1.46179,5.74951],[-1.44202,5.74707],[-1.42761,5.75067],[-1.42059,5.76471],[-1.39331,5.78851],[-1.36713,5.78131],[-1.35999,5.77191],[-1.34448,5.76947],[-1.32428,5.78247],[-1.29687,5.79327],[-1.2804,5.79431],[-1.23962,5.78528],[-1.22931,5.76709],[-1.19482,5.74707],[-1.16571,5.71051]]]}},{"type":"Feature","properties":{"name":"Assin North","region":"Central","pcode":"GH0507","level":"ADM2"},"geometry":{"type":"Polygon","coordinates":[[[-1.22479,5.9353],[-1.19781,5.91669],[-1.19391,5.9173],[-1.17712,5.90887],[-1.1684,5.90833],[-1.16321,5.89771],[-1.1626,5.88672],[-1.16821,5.86627],[-1.16321,5.86169],[-1.16022,5.85291],[-1.16888,5.8407],[-1.15851,5.81812],[-1.15869,5.81232],[-1.16498,5.80188],[-1.16791,5.78448],[-1.16742,5.77649],[-1.16278,5.76752],[-1.16602,5.75171],[-1.16199,5.71753],[-1.16571,5.71051],[-1.19482,5.74707],[-1.22931,5.76709],[-1.23962,5.78528],[-1.2804,5.79431],[-1.29687,5.79327],[-1.32428,5.78247],[-1.34448,5.76947],[-1.35999,5.77191],[-1.36713,5.78131],[-1.39331,5.78851],[-1.42059,5.76471],[-1.42761,5.75067],[-1.44202,5.74707],[-1.46808,5.75153],[-1.47198,5.75452],[-1.47589,5.76611],[-1.48242,5.7713],[-1.50513,5.77631],[-1.51581,5.7735],[-1.52948,5.77533],[-1.54712,5.76349],[-1.57379,5.75891],[-1.57233,5.77148],[-1.57922,5.77948],[-1.5791,5.80371],[-1.58441,5.80969],[-1.58478,5.8255],[-1.59882,5.84613],[-1.58868,5.86591],[-1.59082,5.87311],[-1.57721,5.89227],[-1.57648,5.90167],[-1.56171,5.91852],[-1.55908,5.92529],[-1.54059,5.93127],[-1.54669,5.93591],[-1.54498,5.93872],[-1.53082,5.93927],[-1.52771,5.93652],[-1.53003,5.92328],[-1.52618,5.92212],[-1.52209,5.92908],[-1.51501,5.91351],[-1.50452,5.90869],[-1.50049,5.90289],[-1.50378,5.89612],[-1.49878,5.89252],[-1.50092,5.88892],[-1.50677,5.88751],[-1.51111,5.8913],[-1.51672,5.88953],[-1.5202,5.87469],[-1.51678,5.87292],[-1.50232,5.87628],[-1.49908,5.87433],[-1.50049,5.86987],[-1.492,5.86389],[-1.48749,5.8631],[-1.48743,5.86749],[-1.4826,5.86652],[-1.47522,5.85608],[-1.47052,5.86072],[-1.46198,5.86267],[-1.4613,5.86609],[-1.45941,5.88708],[-1.46472,5.89349],[-1.46698,5.90369],[-1.46332,5.90509],[-1.46143,5.8963],[-1.45752,5.8941],[-1.44971,5.90613],[-1.43799,5.90149],[-1.42889,5.90887],[-1.42218,5.90393],[-1.4165,5.91449],[-1.41632,5.92212],[-1.38031,5.9165],[-1.37518,5.92188],[-1.37659,5.9339],[-1.3559,5.9339],[-1.34851,5.93152],[-1.34692,5.92108],[-1.33679,5.92651],[-1.34271,5.9115],[-1.3363,5.91632],[-1.3244,5.91412],[-1.31958,5.91632],[-1.3175,5.92389],[-1.30933,5.9259],[-1.30688,5.92291],[-1.31158,5.91589],[-1.31201,5.90771],[-1.3045,5.90088],[-1.30731,5.88928],[-1.29633,5.88611],[-1.28961,5.88989],[-1.28271,5.89948],[-1.27588,5.90228],[-1.27271,5.90167],[-1.27002,5.89471],[-1.26459,5.89093],[-1.26111,5.89368],[-1.25928,5.90393],[-1.26251,5.9057],[-1.263,5.91071],[-1.26031,5.91571],[-1.2561,5.91571],[-1.25549,5.9115],[-1.24463,5.91449],[-1.24548,5.92352],[-1.24152,5.93152],[-1.22479,5.9353]]]}},{"type":"Feature","properties":{"name":"Assin South","region":"Central","pcode":"GH0508","level":"ADM2"},"geometry":{"type":"MultiPolygon","coordinates":[[[[-1.06451,5.45508],[-1.065,5.45148],[-1.0694,5.4527],[-1.07111,5.4649],[-1.06451,5.45508]]],[[[-1.07562,5.46649],[-1.08588,5.46332],[-1.08906,5.47352],[-1.09821,5.47192],[-1.10309,5.45728],[-1.09918,5.44373],[-1.12781,5.43091],[-1.12878,5.4173],[-1.13568,5.41492],[-1.14392,5.3927],[-1.15179,5.38733],[-1.1521,5.38373],[-1.14642,5.38049],[-1.1496,5.37769],[-1.15662,5.38208],[-1.16821,5.38171],[-1.17462,5.3725],[-1.17761,5.3725],[-1.18091,5.38232],[-1.1853,5.38507],[-1.1933,5.38348],[-1.20569,5.38593],[-1.20789,5.35968],[-1.21283,5.3559],[-1.22461,5.35608],[-1.2298,5.35089],[-1.24292,5.34833],[-1.24841,5.35107],[-1.25439,5.34253],[-1.27283,5.34009],[-1.28162,5.34027],[-1.28571,5.34589],[-1.28351,5.35168],[-1.28693,5.36029],[-1.29523,5.35431],[-1.31219,5.35168],[-1.31622,5.35229],[-1.31763,5.3559],[-1.32739,5.35449],[-1.34003,5.37152],[-1.34082,5.3783],[-1.35199,5.39612],[-1.35968,5.4007],[-1.37451,5.40033],[-1.3927,5.41589],[-1.38391,5.43372],[-1.3924,5.45068],[-1.40521,5.45972],[-1.42371,5.4613],[-1.4328,5.4765],[-1.43213,5.49371],[-1.42548,5.49072],[-1.40631,5.5025],[-1.40613,5.50568],[-1.41211,5.5141],[-1.4137,5.52771],[-1.43201,5.5351],[-1.43903,5.54211],[-1.43622,5.54993],[-1.44427,5.58368],[-1.43188,5.5943],[-1.43719,5.60388],[-1.42249,5.61932],[-1.427,5.62872],[-1.43372,5.62793],[-1.43518,5.64093],[-1.42853,5.66028],[-1.43042,5.6745],[-1.42542,5.68512],[-1.42322,5.70251],[-1.39203,5.71887],[-1.3725,5.69391],[-1.36432,5.69708],[-1.35461,5.69452],[-1.3045,5.6947],[-1.29852,5.69208],[-1.29602,5.67969],[-1.28668,5.66992],[-1.27301,5.6709],[-1.26721,5.6665],[-1.26251,5.67291],[-1.24652,5.68188],[-1.23499,5.6759],[-1.22559,5.67871],[-1.2215,5.6897],[-1.21521,5.69092],[-1.2077,5.6969],[-1.18878,5.67987],[-1.18512,5.6731],[-1.18762,5.65271],[-1.17242,5.65009],[-1.17688,5.64288],[-1.16632,5.61047],[-1.16168,5.60571],[-1.1615,5.59851],[-1.15002,5.5943],[-1.14722,5.58972],[-1.14758,5.57727],[-1.14111,5.56812],[-1.13818,5.55511],[-1.12921,5.54291],[-1.11292,5.53729],[-1.12311,5.53333],[-1.11621,5.5097],[-1.09363,5.49213],[-1.0885,5.47331],[-1.08031,5.46687],[-1.07562,5.46649]]]]}},{"type":"Feature","properties":{"name":"Awutu Senya","region":"Central","pcode":"GH0509","level":"ADM2"},"geometry":{"type":"Polygon","coordinates":[[[-0.56201,5.73688],[-0.54993,5.73889],[-0.52448,5.73413],[-0.51868,5.73767],[-0.50891,5.73669],[-0.51129,5.73431],[-0.50879,5.7149],[-0.5202,5.70428],[-0.51959,5.69489],[-0.51721,5.68732],[-0.50922,5.68311],[-0.49579,5.6601],[-0.49432,5.65552],[-0.49701,5.64752],[-0.49463,5.64471],[-0.47968,5.64648],[-0.45782,5.63672],[-0.43091,5.62073],[-0.42682,5.61407],[-0.42761,5.6051],[-0.44421,5.60449],[-0.44958,5.60828],[-0.45502,5.60327],[-0.46179,5.60492],[-0.47498,5.59967],[-0.48181,5.60388],[-0.50018,5.59229],[-0.49878,5.5863],[-0.49103,5.58508],[-0.48138,5.57629],[-0.47278,5.57349],[-0.47693,5.55969],[-0.48529,5.55688],[-0.48828,5.54651],[-0.49548,5.54932],[-0.49731,5.55328],[-0.50232,5.55328],[-0.50983,5.54291],[-0.49548,5.52612],[-0.49548,5.52271],[-0.505,5.5119],[-0.50421,5.50153],[-0.52362,5.51208],[-0.54102,5.51532],[-0.54822,5.5307],[-0.5542,5.53632],[-0.56738,5.58392],[-0.55762,5.60571],[-0.56293,5.61493],[-0.5694,5.61713],[-0.57971,5.63092],[-0.57361,5.64929],[-0.58038,5.6535],[-0.58838,5.64929],[-0.59723,5.64948],[-0.60492,5.65613],[-0.60718,5.66028],[-0.59161,5.6731],[-0.58972,5.68188],[-0.60651,5.69891],[-0.6142,5.70209],[-0.61841,5.7077],[-0.61841,5.71472],[-0.62183,5.71429],[-0.62231,5.72113],[-0.61969,5.72388],[-0.61011,5.72369],[-0.58099,5.73688],[-0.57208,5.73529],[-0.56671,5.73932],[-0.56201,5.73688]]]}},{"type":"Feature","properties":{"name":"Awutu Senya East","region":"Central","pcode":"GH0510","level":"ADM2"},"geometry":{"type":"MultiPolygon","coordinates":[[[[-0.44958,5.60828],[-0.44421,5.60449],[-0.42761,5.6051],[-0.40778,5.58032],[-0.40082,5.56689],[-0.41028,5.55652],[-0.41443,5.54449],[-0.41461,5.53247],[-0.41992,5.52991],[-0.43121,5.53333],[-0.453,5.52771],[-0.4566,5.53491],[-0.45618,5.54852],[-0.47009,5.55908],[-0.47693,5.55969],[-0.47278,5.57349],[-0.47742,5.57391],[-0.50018,5.58911],[-0.50018,5.59229],[-0.48181,5.60388],[-0.47498,5.59967],[-0.46179,5.60492],[-0.45502,5.60327],[-0.44958,5.60828]]],[[[-0.5166,5.44171],[-0.48309,5.43292],[-0.47461,5.41052],[-0.47382,5.40668],[-0.48059,5.4021],[-0.48932,5.3855],[-0.50128,5.37732],[-0.55432,5.36548],[-0.55713,5.36792],[-0.5564,5.37653],[-0.54938,5.39392],[-0.5578,5.40472],[-0.55908,5.41632],[-0.54791,5.41632],[-0.54272,5.42047],[-0.53259,5.42108],[-0.5166,5.44171]]]]}},{"type":"Feature","properties":{"name":"Cape Coast Metropolitan","region":"Central","pcode":"GH0511","level":"ADM2"},"geometry":{"type":"Polygon","coordinates":[[[-1.2121,5.11969],[-1.24738,5.10071],[-1.32239,5.09631],[-1.3147,5.10968],[-1.31122,5.11133],[-1.3053,5.12653],[-1.29712,5.13489],[-1.29639,5.14313],[-1.30798,5.14392],[-1.315,5.15033],[-1.31818,5.16687],[-1.3266,5.16931],[-1.32971,5.17572],[-1.34192,5.17371],[-1.34381,5.18311],[-1.35162,5.19531],[-1.35382,5.21112],[-1.36151,5.21631],[-1.35901,5.2309],[-1.33099,5.24847],[-1.32098,5.25092],[-1.31262,5.24487],[-1.2937,5.25531],[-1.28223,5.24731],[-1.28198,5.22113],[-1.30432,5.21429],[-1.30969,5.2099],[-1.30518,5.20428],[-1.29883,5.20367],[-1.28802,5.19269],[-1.27991,5.17389],[-1.28119,5.17072],[-1.28528,5.17072],[-1.28168,5.16168],[-1.26202,5.16229],[-1.2511,5.15747],[-1.24512,5.15808],[-1.23761,5.1427],[-1.23938,5.13171],[-1.21838,5.13507],[-1.2121,5.11969]]]}},{"type":"Feature","properties":{"name":"Effutu Municipal","region":"Central","pcode":"GH0512","level":"ADM2"},"geometry":{"type":"Polygon","coordinates":[[[-0.56073,5.43707],[-0.5578,5.40472],[-0.54938,5.39392],[-0.5564,5.37653],[-0.55713,5.36792],[-0.55432,5.36548],[-0.62323,5.33148],[-0.6402,5.3277],[-0.64313,5.33752],[-0.66272,5.35132],[-0.67059,5.35388],[-0.67322,5.37048],[-0.63959,5.3855],[-0.61749,5.40448],[-0.61261,5.40668],[-0.60541,5.40369],[-0.59833,5.40692],[-0.5863,5.41589],[-0.59351,5.41748],[-0.59271,5.42169],[-0.56439,5.44171],[-0.56073,5.43707]]]}},{"type":"Feature","properties":{"name":"Ekumfi","region":"Central","pcode":"GH0513","level":"ADM2"},"geometry":{"type":"Polygon","coordinates":[[[-0.91681,5.37531],[-0.90271,5.36469],[-0.89038,5.36212],[-0.89252,5.34833],[-0.88531,5.32928],[-0.86908,5.32452],[-0.85938,5.3139],[-0.84979,5.3139],[-0.82269,5.29852],[-0.8053,5.27032],[-0.79742,5.24933],[-0.79932,5.2229],[-0.81299,5.21411],[-0.83801,5.2099],[-1.0144,5.2019],[-1.01721,5.20428],[-1.01941,5.2179],[-1.01398,5.2301],[-1.0072,5.2345],[-1.02191,5.25592],[-1.0202,5.26392],[-1.01318,5.26312],[-1.01178,5.26648],[-1.01398,5.27411],[-1.01147,5.28113],[-0.9928,5.2923],[-0.98901,5.29852],[-0.97522,5.29529],[-0.96619,5.29852],[-0.95428,5.29608],[-0.93292,5.30573],[-0.93219,5.31873],[-0.91962,5.32593],[-0.91449,5.33252],[-0.91638,5.34692],[-0.91351,5.35608],[-0.92242,5.37549],[-0.91681,5.37531]]]}},{"type":"Feature","properties":{"name":"Gomoa Central","region":"Central","pcode":"GH0514","level":"ADM2"},"geometry":{"type":"Polygon","coordinates":[[[-0.67322,5.37048],[-0.67059,5.35388],[-0.66272,5.35132],[-0.64313,5.33752],[-0.6402,5.3277],[-0.66888,5.32092],[-0.72339,5.30029],[-0.73041,5.29492],[-0.72803,5.2851],[-0.74878,5.27307],[-0.74408,5.28693],[-0.74841,5.30792],[-0.75909,5.32208],[-0.7821,5.34271],[-0.78088,5.35687],[-0.7702,5.36652],[-0.76428,5.3783],[-0.77612,5.4043],[-0.76282,5.43347],[-0.75531,5.42328],[-0.75763,5.41589],[-0.75549,5.41193],[-0.73602,5.39709],[-0.73029,5.39569],[-0.72198,5.38391],[-0.6853,5.39532],[-0.67981,5.3891],[-0.67969,5.3797],[-0.67322,5.37048]]]}},{"type":"Feature","properties":{"name":"Gomoa East","region":"Central","pcode":"GH0515","level":"ADM2"},"geometry":{"type":"Polygon","coordinates":[[[-0.48529,5.55688],[-0.47009,5.55908],[-0.45618,5.54852],[-0.4566,5.53491],[-0.453,5.52771],[-0.43921,5.53247],[-0.4278,5.53308],[-0.41992,5.52991],[-0.41461,5.53247],[-0.4126,5.52429],[-0.4054,5.51453],[-0.40112,5.48633],[-0.40558,5.47949],[-0.40588,5.46973],[-0.40973,5.46191],[-0.41998,5.45288],[-0.46149,5.43268],[-0.46667,5.42609],[-0.4635,5.41827],[-0.46558,5.4129],[-0.47382,5.40668],[-0.48309,5.43292],[-0.49878,5.43549],[-0.51343,5.4425],[-0.5188,5.4397],[-0.53259,5.42108],[-0.54272,5.42047],[-0.54791,5.41632],[-0.55908,5.41632],[-0.56073,5.43707],[-0.56439,5.44171],[-0.59271,5.42169],[-0.59351,5.41748],[-0.5863,5.41589],[-0.59833,5.40692],[-0.60541,5.40369],[-0.61261,5.40668],[-0.61749,5.40448],[-0.63959,5.3855],[-0.67322,5.37048],[-0.67969,5.3797],[-0.67981,5.3891],[-0.6853,5.39532],[-0.72198,5.38391],[-0.73029,5.39569],[-0.73602,5.39709],[-0.75549,5.41193],[-0.75781,5.4281],[-0.76569,5.43793],[-0.77753,5.44391],[-0.77161,5.47113],[-0.77521,5.51727],[-0.77808,5.52148],[-0.75208,5.54449],[-0.75012,5.52753],[-0.7439,5.52051],[-0.73541,5.51849],[-0.71503,5.52869],[-0.70789,5.52893],[-0.70642,5.51929],[-0.70239,5.51367],[-0.69379,5.51251],[-0.68622,5.5011],[-0.67792,5.50092],[-0.66302,5.50848],[-0.65991,5.51312],[-0.65887,5.52667],[-0.6626,5.53131],[-0.65582,5.5351],[-0.65088,5.54388],[-0.64819,5.5423],[-0.64099,5.54608],[-0.63782,5.5517],[-0.62561,5.54968],[-0.61218,5.53931],[-0.60669,5.54388],[-0.60071,5.54352],[-0.59021,5.56073],[-0.5921,5.56927],[-0.58698,5.58051],[-0.56738,5.58392],[-0.55719,5.5423],[-0.54822,5.5307],[-0.54529,5.52069],[-0.54102,5.51532],[-0.52362,5.51208],[-0.50421,5.50153],[-0.505,5.5119],[-0.49548,5.52271],[-0.49548,5.52612],[-0.50983,5.54291],[-0.50232,5.55328],[-0.49731,5.55328],[-0.49548,5.54932],[-0.48828,5.54651],[-0.48529,5.55688]]]}},{"type":"Feature","properties":{"name":"Gomoa West","region":"Central","pcode":"GH0516","level":"ADM2"},"geometry":{"type":"Polygon","coordinates":[[[-0.77808,5.52148],[-0.77521,5.51727],[-0.77161,5.47113],[-0.77753,5.44391],[-0.76569,5.43793],[-0.76282,5.43347],[-0.77612,5.4043],[-0.76428,5.3783],[-0.7702,5.36652],[-0.78088,5.35687],[-0.7821,5.34271],[-0.75909,5.32208],[-0.74841,5.30792],[-0.74408,5.28693],[-0.74878,5.27307],[-0.75659,5.26288],[-0.7561,5.25873],[-0.76038,5.25391],[-0.77753,5.24652],[-0.79071,5.22772],[-0.79932,5.2229],[-0.79742,5.24933],[-0.8053,5.27032],[-0.82269,5.29852],[-0.84979,5.3139],[-0.85938,5.3139],[-0.86908,5.32452],[-0.88531,5.32928],[-0.89252,5.34833],[-0.89038,5.36212],[-0.90271,5.36469],[-0.91681,5.37531],[-0.9043,5.3819],[-0.89893,5.3811],[-0.89929,5.39789],[-0.88721,5.4093],[-0.88342,5.40973],[-0.8736,5.40009],[-0.86719,5.39752],[-0.86481,5.40833],[-0.87109,5.41852],[-0.86292,5.4397],[-0.86639,5.45929],[-0.86438,5.4657],[-0.8689,5.47827],[-0.85028,5.49768],[-0.86298,5.51208],[-0.86963,5.51349],[-0.88391,5.52509],[-0.86511,5.53748],[-0.85773,5.55048],[-0.84308,5.54871],[-0.82788,5.53729],[-0.8222,5.52612],[-0.7923,5.52649],[-0.78961,5.52289],[-0.77808,5.52148]]]}},{"type":"Feature","properties":{"name":"Komenda-Edina-Eguafo-Abirem Municipal","region":"Central","pcode":"GH0517","level":"ADM2"},"geometry":{"type":"Polygon","coordinates":[[[-1.36151,5.21631],[-1.35382,5.21112],[-1.35162,5.19531],[-1.34381,5.18311],[-1.34192,5.17371],[-1.32971,5.17572],[-1.3266,5.16931],[-1.31818,5.16687],[-1.315,5.15033],[-1.30798,5.14392],[-1.29639,5.14313],[-1.29712,5.13489],[-1.3053,5.12653],[-1.31122,5.11133],[-1.3147,5.10968],[-1.32239,5.09631],[-1.34558,5.08972],[-1.3501,5.0813],[-1.39423,5.0705],[-1.4231,5.06732],[-1.44482,5.05829],[-1.47351,5.05548],[-1.50482,5.04327],[-1.5802,5.03308],[-1.58148,5.15491],[-1.56781,5.1601],[-1.54999,5.16052],[-1.53809,5.16388],[-1.53442,5.17249],[-1.52661,5.17029],[-1.52301,5.1825],[-1.52448,5.19348],[-1.52228,5.2005],[-1.50842,5.20709],[-1.44678,5.21033],[-1.44751,5.22272],[-1.42859,5.22693],[-1.42151,5.22308],[-1.41492,5.21472],[-1.40448,5.22388],[-1.39423,5.2251],[-1.38428,5.22168],[-1.37488,5.22449],[-1.3681,5.21667],[-1.36151,5.21631]]]}},{"type":"Feature","properties":{"name":"Mfantseman Municipal","region":"Central","pcode":"GH0518","level":"ADM2"},"geometry":{"type":"Polygon","coordinates":[[[-1.00452,5.28711],[-1.0127,5.2785],[-1.01318,5.26312],[-1.0202,5.26392],[-1.02191,5.25592],[-1.0072,5.2345],[-1.01398,5.2301],[-1.01941,5.2179],[-1.01721,5.20428],[-1.0144,5.2019],[-1.06738,5.19873],[-1.09161,5.1933],[-1.11823,5.1745],[-1.1488,5.1637],[-1.16608,5.14551],[-1.19983,5.13428],[-1.21143,5.14368],[-1.21161,5.14691],[-1.22638,5.16272],[-1.22662,5.1673],[-1.23279,5.1701],[-1.22919,5.17853],[-1.2121,5.19269],[-1.20551,5.19427],[-1.2066,5.21631],[-1.21002,5.2243],[-1.20148,5.22949],[-1.19281,5.24231],[-1.18829,5.25592],[-1.1684,5.25928],[-1.16052,5.25372],[-1.13361,5.25708],[-1.1203,5.25189],[-1.10858,5.24152],[-1.10608,5.24432],[-1.08618,5.24512],[-1.08759,5.2547],[-1.08051,5.27271],[-1.06232,5.2713],[-1.05701,5.27393],[-1.0528,5.28369],[-1.05511,5.28668],[-1.08582,5.29669],[-1.10461,5.30951],[-1.11731,5.32312],[-1.12262,5.34052],[-1.12842,5.34613],[-1.11578,5.37073],[-1.11652,5.37567],[-1.13129,5.3761],[-1.13702,5.38031],[-1.1236,5.40948],[-1.12378,5.41608],[-1.11731,5.4201],[-1.11511,5.41669],[-1.10181,5.41248],[-1.09192,5.40308],[-1.09229,5.39929],[-1.0824,5.38708],[-1.08002,5.3725],[-1.06268,5.36652],[-1.05731,5.35052],[-1.06201,5.34131],[-1.06122,5.33228],[-1.04999,5.3233],[-1.03308,5.3161],[-1.02832,5.30591],[-1.01642,5.29932],[-1.00531,5.29053],[-1.00452,5.28711]]]}},{"type":"Feature","properties":{"name":"Twifo Atti-Morkwa","region":"Central","pcode":"GH0519","level":"ADM2"},"geometry":{"type":"Polygon","coordinates":[[[-1.60773,5.85449],[-1.59589,5.84387],[-1.59198,5.83289],[-1.58478,5.8255],[-1.58441,5.80969],[-1.5791,5.80371],[-1.57922,5.77948],[-1.57233,5.77148],[-1.57379,5.75891],[-1.54712,5.76349],[-1.52948,5.77533],[-1.51581,5.7735],[-1.50513,5.77631],[-1.48242,5.7713],[-1.47351,5.76233],[-1.47198,5.75452],[-1.46179,5.74951],[-1.44012,5.71509],[-1.42621,5.71552],[-1.42322,5.69531],[-1.43042,5.6745],[-1.42792,5.66528],[-1.435,5.63568],[-1.43372,5.62793],[-1.427,5.62872],[-1.42249,5.61932],[-1.43719,5.60388],[-1.43188,5.5943],[-1.44427,5.58368],[-1.43622,5.54993],[-1.44171,5.5401],[-1.46301,5.53931],[-1.46942,5.53333],[-1.47601,5.53229],[-1.48523,5.52252],[-1.48761,5.51453],[-1.49139,5.51288],[-1.53308,5.50891],[-1.5481,5.51648],[-1.5874,5.50452],[-1.58539,5.50873],[-1.58783,5.5155],[-1.60541,5.51868],[-1.6142,5.5155],[-1.61542,5.51947],[-1.60999,5.52991],[-1.60669,5.53192],[-1.59442,5.52991],[-1.59229,5.5625],[-1.6059,5.56671],[-1.62402,5.60211],[-1.64319,5.61688],[-1.65649,5.6181],[-1.6687,5.6109],[-1.6759,5.60992],[-1.67853,5.6347],[-1.68488,5.64148],[-1.71521,5.63489],[-1.71899,5.63092],[-1.73871,5.62408],[-1.74829,5.62628],[-1.76208,5.6217],[-1.82397,5.59332],[-1.83221,5.59253],[-1.81812,5.67468],[-1.80951,5.6781],[-1.80731,5.68231],[-1.7843,5.68127],[-1.78082,5.6875],[-1.7691,5.68573],[-1.76019,5.69928],[-1.77081,5.72168],[-1.73511,5.77289],[-1.72711,5.77728],[-1.71082,5.8053],[-1.71088,5.81488],[-1.70111,5.81451],[-1.68091,5.82233],[-1.66803,5.81769],[-1.64221,5.8161],[-1.64069,5.81927],[-1.65369,5.84387],[-1.651,5.84888],[-1.63922,5.8515],[-1.6366,5.85468],[-1.61493,5.85712],[-1.60773,5.85449]]]}},{"type":"Feature","properties":{"name":"Twifo Hemang Lower Denkyira","region":"Central","pcode":"GH0520","level":"ADM2"},"geometry":{"type":"Polygon","coordinates":[[[-1.29523,5.35431],[-1.30048,5.34351],[-1.29718,5.3291],[-1.30182,5.32391],[-1.29962,5.3111],[-1.29309,5.30133],[-1.29388,5.2973],[-1.28693,5.29108],[-1.28632,5.28168],[-1.2948,5.27393],[-1.2937,5.25531],[-1.30908,5.24548],[-1.31262,5.24487],[-1.32098,5.25092],[-1.33441,5.24652],[-1.35901,5.2309],[-1.36151,5.21631],[-1.3681,5.21667],[-1.37488,5.22449],[-1.38428,5.22168],[-1.39423,5.2251],[-1.40448,5.22388],[-1.41492,5.21472],[-1.42151,5.22308],[-1.42859,5.22693],[-1.44751,5.22272],[-1.44781,5.2475],[-1.44409,5.26788],[-1.43549,5.26752],[-1.42761,5.28912],[-1.39978,5.2981],[-1.40759,5.31207],[-1.4375,5.33832],[-1.45349,5.34509],[-1.4621,5.3819],[-1.474,5.37793],[-1.47931,5.38989],[-1.48932,5.39929],[-1.50531,5.40009],[-1.51343,5.3927],[-1.52612,5.40271],[-1.54828,5.40729],[-1.56232,5.41492],[-1.58038,5.41089],[-1.59601,5.41107],[-1.60101,5.41272],[-1.60779,5.42212],[-1.61969,5.42548],[-1.62592,5.42047],[-1.62811,5.4231],[-1.6239,5.43829],[-1.60168,5.4519],[-1.61261,5.46729],[-1.61682,5.50311],[-1.6142,5.5155],[-1.60541,5.51868],[-1.58783,5.5155],[-1.58539,5.50873],[-1.5874,5.50452],[-1.5481,5.51648],[-1.53308,5.50891],[-1.52069,5.51147],[-1.51068,5.50952],[-1.50531,5.5127],[-1.48761,5.51453],[-1.48523,5.52252],[-1.47601,5.53229],[-1.46942,5.53333],[-1.46301,5.53931],[-1.44562,5.53949],[-1.43903,5.54211],[-1.43201,5.5351],[-1.4137,5.52771],[-1.41211,5.52393],[-1.41211,5.5141],[-1.4071,5.50909],[-1.40631,5.5025],[-1.42548,5.49072],[-1.43213,5.49371],[-1.4328,5.4765],[-1.42371,5.4613],[-1.40521,5.45972],[-1.38989,5.44769],[-1.38391,5.43372],[-1.3927,5.41589],[-1.39008,5.41229],[-1.37451,5.40033],[-1.35968,5.4007],[-1.35199,5.39612],[-1.34082,5.3783],[-1.34003,5.37152],[-1.32739,5.35449],[-1.31763,5.3559],[-1.31622,5.35229],[-1.31219,5.35168],[-1.29523,5.35431]]]}},{"type":"Feature","properties":{"name":"Upper Denkyira East Municipal","region":"Central","pcode":"GH0521","level":"ADM2"},"geometry":{"type":"Polygon","coordinates":[[[-1.79321,5.99048],[-1.77521,5.98071],[-1.77679,5.97113],[-1.76941,5.96088],[-1.76599,5.96887],[-1.74762,5.9621],[-1.74908,5.9679],[-1.74371,5.96667],[-1.73669,5.97028],[-1.72388,5.95288],[-1.71301,5.95691],[-1.71051,5.95331],[-1.71429,5.9455],[-1.7132,5.93671],[-1.7074,5.9303],[-1.70331,5.9295],[-1.6983,5.93347],[-1.69299,5.94312],[-1.69061,5.94092],[-1.69263,5.93292],[-1.6745,5.92249],[-1.67139,5.91528],[-1.664,5.91852],[-1.66089,5.92352],[-1.65442,5.9223],[-1.64691,5.92548],[-1.6452,5.93011],[-1.63843,5.93329],[-1.6344,5.92853],[-1.62372,5.92749],[-1.62048,5.93152],[-1.62,5.92731],[-1.61249,5.9281],[-1.6095,5.92572],[-1.6015,5.92889],[-1.59418,5.9245],[-1.59009,5.92749],[-1.59003,5.93488],[-1.58258,5.92688],[-1.58191,5.91827],[-1.57233,5.92493],[-1.57397,5.93127],[-1.57068,5.93268],[-1.56763,5.92609],[-1.55908,5.92529],[-1.56171,5.91852],[-1.57422,5.90552],[-1.58063,5.88489],[-1.59082,5.87311],[-1.58868,5.86591],[-1.59882,5.84613],[-1.60309,5.84747],[-1.60773,5.85449],[-1.61493,5.85712],[-1.6366,5.85468],[-1.63922,5.8515],[-1.651,5.84888],[-1.65369,5.84387],[-1.64069,5.81927],[-1.64221,5.8161],[-1.66803,5.81769],[-1.68091,5.82233],[-1.70111,5.81451],[-1.71088,5.81488],[-1.71082,5.8053],[-1.72711,5.77728],[-1.73511,5.77289],[-1.77081,5.72168],[-1.76019,5.69928],[-1.7691,5.68573],[-1.78082,5.6875],[-1.7843,5.68127],[-1.79883,5.68109],[-1.80731,5.68231],[-1.79211,5.69531],[-1.79102,5.7099],[-1.78522,5.72089],[-1.78461,5.72968],[-1.7865,5.73273],[-1.79059,5.7323],[-1.81653,5.72607],[-1.81348,5.73572],[-1.8009,5.74451],[-1.80139,5.75128],[-1.8111,5.75952],[-1.85052,5.76727],[-1.84021,5.78149],[-1.82971,5.78571],[-1.83032,5.7923],[-1.83411,5.79413],[-1.83588,5.79089],[-1.8432,5.80487],[-1.83972,5.80609],[-1.83191,5.8219],[-1.8324,5.82709],[-1.82269,5.85388],[-1.8147,5.86853],[-1.81561,5.89032],[-1.82562,5.89929],[-1.82959,5.8999],[-1.83063,5.89612],[-1.83661,5.89551],[-1.841,5.90112],[-1.85382,5.89508],[-1.8559,5.8891],[-1.8703,5.88428],[-1.88818,5.89911],[-1.88788,5.9079],[-1.8949,5.9173],[-1.86371,5.9353],[-1.85559,5.93469],[-1.8382,5.94312],[-1.81921,5.94568],[-1.79321,5.99048]]]}},{"type":"Feature","properties":{"name":"Upper Denkyira West","region":"Central","pcode":"GH0522","level":"ADM2"},"geometry":{"type":"Polygon","coordinates":[[[-2.07062,6.29529],[-2.04492,6.28528],[-2.01788,6.29132],[-2.01147,6.2915],[-2.0097,6.2887],[-2.01422,6.26788],[-2.02191,6.2597],[-2.02161,6.2251],[-2.02911,6.21393],[-2.03821,6.20691],[-2.0401,6.19733],[-2.02289,6.1731],[-2.02368,6.15887],[-2.02008,6.1535],[-2.02533,6.14392],[-2.02429,6.13611],[-2.01471,6.1239],[-2.01428,6.11469],[-2.0069,6.11133],[-2.0061,6.11749],[-1.99738,6.11688],[-1.99103,6.12372],[-1.98108,6.11871],[-1.97913,6.11267],[-1.98401,6.11469],[-1.98718,6.11108],[-1.98761,6.10272],[-1.97729,6.09369],[-1.97711,6.08447],[-1.97021,6.0675],[-1.97412,6.06653],[-1.96832,6.05371],[-1.96582,6.05231],[-1.96448,6.05609],[-1.96051,6.05731],[-1.95563,6.0509],[-1.95203,6.05029],[-1.95221,6.0567],[-1.94928,6.05609],[-1.9472,6.04932],[-1.9317,6.03552],[-1.92731,6.03552],[-1.91913,6.01648],[-1.91302,6.0119],[-1.90509,6.01428],[-1.90271,6.0119],[-1.89313,6.01569],[-1.89148,6.02393],[-1.88208,6.03271],[-1.87201,6.02087],[-1.86981,6.0119],[-1.86591,6.00989],[-1.86078,6.0155],[-1.85309,6.0141],[-1.84802,6.02789],[-1.83728,6.03528],[-1.82941,6.03473],[-1.82312,6.0379],[-1.82379,6.03149],[-1.81702,6.02911],[-1.80481,6.0307],[-1.80249,6.0271],[-1.81201,6.01093],[-1.80328,5.99408],[-1.79858,5.99829],[-1.79321,5.99048],[-1.81921,5.94568],[-1.8382,5.94312],[-1.85559,5.93469],[-1.86371,5.9353],[-1.8949,5.9173],[-1.90308,5.91748],[-1.91193,5.93268],[-1.90942,5.9361],[-1.9281,5.94269],[-1.93921,5.95587],[-1.93921,5.96973],[-1.94531,5.98352],[-1.95312,5.98413],[-1.96851,6.0011],[-1.98419,6.01068],[-1.98529,6.01648],[-1.99219,6.02173],[-2.01819,6.02771],[-2.02661,6.04169],[-2.05103,6.0509],[-2.04761,6.05933],[-2.05872,6.07147],[-2.13141,6.09229],[-2.14001,6.09167],[-2.14221,6.10052],[-2.1535,6.10553],[-2.16553,6.12152],[-2.17169,6.12347],[-2.17853,6.11987],[-2.18182,6.12292],[-2.20441,6.19849],[-2.17548,6.21429],[-2.13123,6.25769],[-2.12671,6.2511],[-2.10571,6.24512],[-2.09979,6.24072],[-2.08063,6.27448],[-2.07739,6.28967],[-2.07062,6.29529]]]}},{"type":"Feature","properties":{"name":"Abuakwa North","region":"Eastern","pcode":"GH0601","level":"ADM2"},"geometry":{"type":"Polygon","coordinates":[[[-0.36298,6.28308],[-0.36353,6.2785],[-0.35071,6.26868],[-0.33368,6.26709],[-0.32361,6.25732],[-0.31042,6.2533],[-0.31201,6.20947],[-0.32269,6.20007],[-0.31781,6.1803],[-0.32141,6.17889],[-0.3208,6.17572],[-0.3302,6.17273],[-0.34113,6.17548],[-0.35492,6.18811],[-0.36353,6.18127],[-0.375,6.18127],[-0.38251,6.19208],[-0.41388,6.20691],[-0.45361,6.20752],[-0.45941,6.20972],[-0.45148,6.22827],[-0.45251,6.23187],[-0.46289,6.24268],[-0.47888,6.27069],[-0.46863,6.2973],[-0.45959,6.29712],[-0.45789,6.29211],[-0.4458,6.28809],[-0.4173,6.29132],[-0.3988,6.2757],[-0.38611,6.28333],[-0.37793,6.28027],[-0.36298,6.28308]]]}},{"type":"Feature","properties":{"name":"Abuakwa South","region":"Eastern","pcode":"GH0602","level":"ADM2"},"geometry":{"type":"Polygon","coordinates":[[[-0.47803,6.27667],[-0.47742,6.26672],[-0.45148,6.22827],[-0.45941,6.20972],[-0.45361,6.20752],[-0.41388,6.20691],[-0.38251,6.19208],[-0.375,6.18127],[-0.36353,6.18127],[-0.35492,6.18811],[-0.34113,6.17548],[-0.34369,6.17352],[-0.3443,6.16571],[-0.34668,6.16229],[-0.35352,6.16772],[-0.35748,6.1665],[-0.36963,6.15411],[-0.3725,6.13971],[-0.36621,6.1275],[-0.37872,6.12848],[-0.39471,6.12231],[-0.41602,6.13208],[-0.43323,6.12152],[-0.43201,6.11853],[-0.44202,6.10132],[-0.44751,6.10193],[-0.45898,6.09668],[-0.48242,6.10553],[-0.4881,6.0979],[-0.50458,6.09027],[-0.51813,6.07611],[-0.53589,6.0719],[-0.55798,6.05872],[-0.57452,6.06409],[-0.5921,6.09088],[-0.59583,6.09991],[-0.58832,6.11047],[-0.6073,6.14069],[-0.60071,6.16748],[-0.59149,6.17529],[-0.58429,6.1731],[-0.565,6.18988],[-0.55072,6.18951],[-0.5506,6.2019],[-0.53912,6.21252],[-0.54633,6.22009],[-0.52869,6.22992],[-0.5304,6.23309],[-0.52478,6.24213],[-0.52478,6.25952],[-0.52252,6.26367],[-0.4939,6.27649],[-0.48901,6.2843],[-0.48419,6.28589],[-0.48822,6.27332],[-0.47803,6.27667]]]}},{"type":"Feature","properties":{"name":"Achiase","region":"Eastern","pcode":"GH0603","level":"ADM2"},"geometry":{"type":"Polygon","coordinates":[[[-0.87329,5.88049],[-0.87378,5.87189],[-0.85498,5.85431],[-0.85132,5.84027],[-0.86218,5.80609],[-0.86719,5.8067],[-0.86963,5.80371],[-0.87073,5.79327],[-0.8797,5.78052],[-0.87408,5.77667],[-0.8736,5.77271],[-0.8811,5.76172],[-0.8797,5.74268],[-0.90521,5.73871],[-0.95209,5.73871],[-0.97241,5.7533],[-0.99109,5.7475],[-0.99402,5.73993],[-0.9986,5.7453],[-1.03229,5.73792],[-1.03998,5.74353],[-1.04309,5.75171],[-1.07721,5.74933],[-1.09113,5.74268],[-1.09711,5.72607],[-1.09442,5.71368],[-1.09979,5.70093],[-1.12091,5.72052],[-1.1344,5.72131],[-1.13568,5.70453],[-1.14392,5.70428],[-1.14221,5.71289],[-1.151,5.7251],[-1.15808,5.72089],[-1.1629,5.72247],[-1.16602,5.75171],[-1.16278,5.76752],[-1.16742,5.77649],[-1.16791,5.78448],[-1.16498,5.80188],[-1.15869,5.81232],[-1.1615,5.82428],[-1.13049,5.83392],[-1.1051,5.83832],[-1.02899,5.84668],[-1.008,5.8457],[-0.99402,5.84808],[-0.98633,5.8421],[-0.98273,5.84229],[-0.95038,5.8551],[-0.94232,5.87207],[-0.9339,5.87988],[-0.92102,5.88568],[-0.91351,5.88708],[-0.90399,5.87592],[-0.90051,5.87549],[-0.87329,5.88049]]]}},{"type":"Feature","properties":{"name":"Akwapem North","region":"Eastern","pcode":"GH0604","level":"ADM2"},"geometry":{"type":"Polygon","coordinates":[[[-0.01361,5.9967],[-0.00812,5.99353],[-0.00458,5.98572],[-0.00629,5.97131],[-0.04089,5.94409],[-0.06091,5.93311],[-0.0835,5.90729],[-0.11591,5.88568],[-0.12653,5.87488],[-0.13062,5.85272],[-0.1377,5.85132],[-0.15887,5.86493],[-0.16791,5.86432],[-0.17108,5.8667],[-0.1731,5.86951],[-0.1673,5.8819],[-0.1676,5.88708],[-0.1759,5.88593],[-0.18182,5.8913],[-0.18451,5.8985],[-0.2002,5.90131],[-0.20648,5.89569],[-0.21991,5.8913],[-0.21881,5.90009],[-0.21051,5.91107],[-0.20831,5.91913],[-0.21832,5.9223],[-0.224,5.93469],[-0.25739,5.93689],[-0.27539,5.9339],[-0.30042,5.94373],[-0.26147,6.00153],[-0.26892,6.02112],[-0.28131,6.03149],[-0.28223,6.03668],[-0.27271,6.0387],[-0.26251,6.04529],[-0.26062,6.04248],[-0.25171,6.04431],[-0.24591,6.0495],[-0.23761,6.06567],[-0.23352,6.06268],[-0.23639,6.05713],[-0.23309,6.05011],[-0.22888,6.04712],[-0.22961,6.03931],[-0.23468,6.03491],[-0.23181,6.02869],[-0.22552,6.0257],[-0.21161,6.0271],[-0.20312,6.02271],[-0.19751,6.02753],[-0.19012,6.02667],[-0.17981,6.02252],[-0.17328,6.00671],[-0.16168,5.99268],[-0.15918,5.98248],[-0.1507,5.97211],[-0.15302,5.95831],[-0.14868,5.96332],[-0.14313,5.9599],[-0.1275,5.9585],[-0.11609,5.96112],[-0.11871,5.94409],[-0.11542,5.9425],[-0.10522,5.94989],[-0.10571,5.96869],[-0.09711,5.97211],[-0.09418,5.97949],[-0.0824,5.98712],[-0.06311,6.00708],[-0.0376,6.00653],[-0.03278,6.00232],[-0.0304,5.99512],[-0.01361,5.9967]]]}},{"type":"Feature","properties":{"name":"Akwapem South","region":"Eastern","pcode":"GH0605","level":"ADM2"},"geometry":{"type":"Polygon","coordinates":[[[-0.25739,5.93689],[-0.224,5.93469],[-0.21832,5.9223],[-0.20831,5.91913],[-0.21051,5.91107],[-0.21881,5.90009],[-0.21991,5.8913],[-0.20648,5.89569],[-0.2002,5.90131],[-0.18451,5.8985],[-0.18182,5.8913],[-0.1759,5.88593],[-0.1676,5.88708],[-0.1673,5.8819],[-0.1731,5.86951],[-0.17108,5.8667],[-0.16791,5.86432],[-0.15887,5.86493],[-0.14392,5.85492],[-0.15399,5.84967],[-0.164,5.83868],[-0.15289,5.8399],[-0.151,5.83771],[-0.1546,5.81451],[-0.17188,5.81311],[-0.1723,5.80548],[-0.18201,5.79309],[-0.19421,5.7843],[-0.2019,5.78247],[-0.2038,5.75989],[-0.2135,5.75049],[-0.21802,5.75092],[-0.224,5.74091],[-0.22729,5.74353],[-0.22699,5.75208],[-0.24298,5.75909],[-0.23541,5.77271],[-0.2348,5.78271],[-0.24469,5.78528],[-0.25641,5.77789],[-0.26422,5.80267],[-0.26648,5.80713],[-0.26959,5.80627],[-0.26892,5.82312],[-0.27362,5.83551],[-0.27002,5.85608],[-0.27533,5.8623],[-0.27539,5.87549],[-0.28998,5.87927],[-0.29559,5.88452],[-0.31653,5.8761],[-0.32812,5.87469],[-0.33502,5.87909],[-0.33252,5.88867],[-0.34009,5.89789],[-0.33502,5.90808],[-0.31842,5.91412],[-0.31268,5.9231],[-0.3125,5.93073],[-0.30042,5.94373],[-0.27539,5.9339],[-0.25739,5.93689]]]}},{"type":"Feature","properties":{"name":"Akyem Mansa","region":"Eastern","pcode":"GH0606","level":"ADM2"},"geometry":{"type":"Polygon","coordinates":[[[-0.99573,6.19708],[-1.01422,6.16412],[-1.03259,6.07928],[-0.97931,6.10449],[-0.96912,6.08832],[-0.96442,6.0733],[-0.95251,6.06073],[-0.974,6.05768],[-0.9798,6.04669],[-0.98779,6.03931],[-1.00238,6.03333],[-1.00592,6.01971],[-1.0036,6.01709],[-0.9964,6.01691],[-1.02679,5.98492],[-1.03912,5.98492],[-1.0415,5.98187],[-1.03882,5.97113],[-1.0636,5.95569],[-1.07831,5.94189],[-1.08221,5.94391],[-1.08392,5.9397],[-1.08661,5.9411],[-1.08771,5.93793],[-1.09448,5.93549],[-1.09723,5.94208],[-1.09473,5.95367],[-1.09851,5.9577],[-1.10358,5.95813],[-1.1059,5.96588],[-1.1109,5.96649],[-1.11621,5.9613],[-1.11407,5.95892],[-1.11682,5.95551],[-1.13348,5.95728],[-1.1366,5.95471],[-1.13599,5.95129],[-1.14911,5.94733],[-1.15521,5.95172],[-1.1532,5.95587],[-1.1651,5.96808],[-1.17279,5.9679],[-1.17889,5.97308],[-1.18152,5.97028],[-1.198,5.97089],[-1.19751,5.9765],[-1.20093,5.97693],[-1.21021,5.96393],[-1.21619,5.96887],[-1.21588,5.97369],[-1.21912,5.97632],[-1.22137,5.97369],[-1.22601,5.98053],[-1.23938,5.98132],[-1.23907,5.98431],[-1.24622,5.98993],[-1.24152,5.99707],[-1.24011,6.01172],[-1.23328,6.01288],[-1.22858,6.01929],[-1.2326,6.02869],[-1.22931,6.03833],[-1.20929,6.05249],[-1.20801,6.05652],[-1.21149,6.05829],[-1.21008,6.06268],[-1.21411,6.06812],[-1.20691,6.07172],[-1.2074,6.07593],[-1.1983,6.0827],[-1.20331,6.09052],[-1.1897,6.09369],[-1.18738,6.09772],[-1.1908,6.10229],[-1.19,6.10828],[-1.1944,6.11353],[-1.20142,6.1109],[-1.20569,6.1123],[-1.20551,6.11572],[-1.19342,6.1225],[-1.19843,6.12628],[-1.2005,6.13287],[-1.19318,6.13672],[-1.18811,6.14447],[-1.18408,6.1441],[-1.17963,6.15631],[-1.18549,6.16913],[-1.18231,6.16748],[-1.17902,6.17389],[-1.18011,6.1803],[-1.18829,6.18408],[-1.18903,6.19348],[-1.1933,6.19952],[-1.18188,6.20471],[-1.17969,6.20227],[-1.16351,6.20508],[-1.16089,6.20172],[-1.15613,6.20331],[-1.15338,6.19928],[-1.13171,6.20093],[-1.12109,6.20972],[-1.12183,6.22589],[-1.11749,6.22931],[-1.10901,6.22729],[-1.09961,6.2193],[-1.09979,6.21588],[-1.09619,6.21527],[-1.06927,6.22272],[-1.07172,6.2113],[-1.06708,6.20551],[-1.04321,6.19769],[-1.03381,6.19672],[-1.01428,6.20752],[-0.99573,6.19708]]]}},{"type":"Feature","properties":{"name":"Asene Akroso Manso","region":"Eastern","pcode":"GH0607","level":"ADM2"},"geometry":{"type":"Polygon","coordinates":[[[-0.82892,5.96613],[-0.81549,5.94513],[-0.81,5.94269],[-0.79303,5.91791],[-0.77759,5.90851],[-0.76288,5.88611],[-0.7627,5.87207],[-0.75751,5.86188],[-0.76172,5.85468],[-0.75732,5.84271],[-0.75873,5.8385],[-0.75403,5.83789],[-0.75043,5.83051],[-0.73938,5.82269],[-0.72552,5.81891],[-0.7204,5.78333],[-0.71539,5.77191],[-0.70831,5.76532],[-0.70673,5.75769],[-0.69678,5.7511],[-0.69519,5.74609],[-0.70068,5.74451],[-0.70258,5.73712],[-0.70032,5.73169],[-0.69342,5.73389],[-0.69562,5.71753],[-0.69849,5.71429],[-0.71112,5.7121],[-0.73181,5.71448],[-0.73798,5.71088],[-0.75891,5.7085],[-0.77771,5.71368],[-0.7829,5.70813],[-0.78589,5.71051],[-0.78821,5.72467],[-0.81378,5.7309],[-0.81342,5.74451],[-0.83069,5.74652],[-0.8371,5.75348],[-0.84778,5.75732],[-0.88019,5.75787],[-0.88031,5.76532],[-0.87512,5.7677],[-0.8736,5.77271],[-0.87408,5.77667],[-0.8797,5.78052],[-0.87073,5.79327],[-0.86963,5.80371],[-0.86719,5.8067],[-0.86218,5.80609],[-0.85132,5.84027],[-0.85498,5.85431],[-0.87378,5.87189],[-0.87329,5.8877],[-0.88129,5.89673],[-0.91718,5.9057],[-0.9248,5.91449],[-0.92712,5.92249],[-0.9306,5.92249],[-0.93829,5.91467],[-0.94812,5.91528],[-0.94897,5.93091],[-0.94049,5.94708],[-0.95062,5.95288],[-0.95038,5.9563],[-0.94049,5.9635],[-0.9278,5.96051],[-0.92041,5.96509],[-0.91681,5.97571],[-0.91772,5.98291],[-0.90668,5.99591],[-0.89673,5.99628],[-0.89069,5.9931],[-0.89111,5.99847],[-0.87842,6.00208],[-0.84998,5.98413],[-0.83228,5.97693],[-0.82892,5.96613]]]}},{"type":"Feature","properties":{"name":"Asuogyaman","region":"Eastern","pcode":"GH0608","level":"ADM2"},"geometry":{"type":"Polygon","coordinates":[[[0.1629,6.57031],[0.18732,6.56787],[0.19348,6.5639],[0.19928,6.5495],[0.19348,6.53491],[0.17828,6.51251],[0.18213,6.49573],[0.1795,6.48792],[0.1875,6.48108],[0.1889,6.47632],[0.1839,6.46552],[0.18628,6.44171],[0.17828,6.42468],[0.20929,6.40228],[0.21552,6.38391],[0.21332,6.37952],[0.20007,6.3703],[0.20428,6.35773],[0.2005,6.35352],[0.19672,6.35352],[0.18591,6.33948],[0.18048,6.3399],[0.1731,6.32788],[0.16949,6.32629],[0.1687,6.31348],[0.1759,6.30768],[0.17407,6.30231],[0.16052,6.3009],[0.1557,6.28949],[0.13531,6.2605],[0.12872,6.2561],[0.12329,6.23248],[0.10492,6.18469],[0.09631,6.17731],[0.09167,6.15887],[0.09692,6.14911],[0.07507,6.15033],[0.0683,6.15472],[0.06732,6.1593],[0.06787,6.16351],[0.0769,6.17389],[0.07233,6.18451],[0.05249,6.19952],[0.05292,6.20911],[0.06207,6.21033],[0.0683,6.21509],[0.06671,6.22168],[0.0603,6.22168],[0.04651,6.21368],[0.03052,6.21368],[0.01147,6.19373],[0.00513,6.1947],[0.00348,6.20508],[-0.01068,6.20612],[0.00708,6.2287],[0.00769,6.24829],[0.0177,6.25269],[0.02087,6.25708],[0.0177,6.26172],[0.0199,6.26611],[0.02649,6.26813],[0.0387,6.28528],[0.04669,6.28931],[0.04791,6.29791],[0.04529,6.29968],[0.03528,6.29529],[0.0271,6.28912],[0.02612,6.28369],[0.0155,6.27869],[0.01129,6.29492],[0.02631,6.30652],[0.03113,6.3125],[0.03009,6.31732],[0.00952,6.32507],[-0.00153,6.3233],[-0.0069,6.33069],[-0.01709,6.33209],[-0.00421,6.4021],[-0.00391,6.45068],[0.0025,6.53632],[0.12872,6.5755],[0.15271,6.57709],[0.1629,6.57031]]]}},{"type":"Feature","properties":{"name":"Atiwa East","region":"Eastern","pcode":"GH0609","level":"ADM2"},"geometry":{"type":"Polygon","coordinates":[[[-0.47882,6.40149],[-0.49371,6.38531],[-0.49792,6.37329],[-0.49512,6.36713],[-0.49182,6.36853],[-0.48608,6.36188],[-0.48969,6.35608],[-0.49042,6.34729],[-0.50562,6.35168],[-0.52051,6.34351],[-0.61572,6.38867],[-0.64722,6.39191],[-0.6618,6.38428],[-0.6781,6.38611],[-0.70093,6.36871],[-0.70972,6.35309],[-0.71741,6.32971],[-0.72559,6.31989],[-0.75061,6.31128],[-0.76648,6.29608],[-0.77142,6.28271],[-0.77802,6.27893],[-0.7821,6.28412],[-0.78339,6.29309],[-0.79492,6.29688],[-0.80658,6.3103],[-0.81122,6.3103],[-0.83002,6.32611],[-0.85199,6.33588],[-0.85828,6.34229],[-0.8559,6.35712],[-0.8811,6.37292],[-0.88373,6.38647],[-0.8764,6.39752],[-0.88428,6.41913],[-0.88672,6.43811],[-0.88263,6.44427],[-0.88342,6.46112],[-0.8761,6.45868],[-0.85773,6.46289],[-0.85852,6.47009],[-0.84619,6.47491],[-0.84113,6.46991],[-0.8363,6.4693],[-0.83191,6.47351],[-0.83191,6.47931],[-0.82318,6.48547],[-0.82361,6.47168],[-0.82928,6.46527],[-0.80322,6.46173],[-0.80011,6.47113],[-0.7829,6.47571],[-0.7749,6.46472],[-0.74762,6.44849],[-0.73499,6.43213],[-0.73291,6.42853],[-0.7381,6.41089],[-0.72449,6.39172],[-0.7207,6.37073],[-0.71588,6.37012],[-0.71649,6.38092],[-0.71051,6.3877],[-0.70612,6.40472],[-0.69623,6.41589],[-0.69122,6.42987],[-0.68768,6.44287],[-0.68909,6.45587],[-0.65912,6.47168],[-0.65369,6.47931],[-0.63672,6.48511],[-0.62958,6.49652],[-0.63,6.50427],[-0.62659,6.5061],[-0.61768,6.5025],[-0.61298,6.48712],[-0.60602,6.47711],[-0.60132,6.48108],[-0.60071,6.49072],[-0.59589,6.49652],[-0.59271,6.49091],[-0.54419,6.51233],[-0.49048,6.45068],[-0.46082,6.42389],[-0.46301,6.40869],[-0.47882,6.40149]]]}},{"type":"Feature","properties":{"name":"Atiwa West","region":"Eastern","pcode":"GH0610","level":"ADM2"},"geometry":{"type":"Polygon","coordinates":[[[-0.5835,6.05328],[-0.59369,6.05627],[-0.59332,6.05249],[-0.59729,6.0517],[-0.59491,6.04529],[-0.59729,6.04291],[-0.60052,6.04633],[-0.60968,6.04169],[-0.61963,6.03052],[-0.62891,6.03528],[-0.65869,6.0257],[-0.65839,6.03607],[-0.64972,6.04633],[-0.65729,6.0589],[-0.66211,6.05811],[-0.66309,6.06409],[-0.66821,6.06427],[-0.67529,6.0705],[-0.67719,6.07452],[-0.6698,6.07727],[-0.66803,6.08429],[-0.67261,6.08533],[-0.68042,6.0979],[-0.67621,6.10272],[-0.67218,6.10492],[-0.67041,6.10248],[-0.66321,6.10773],[-0.66309,6.11188],[-0.65808,6.11511],[-0.64673,6.11713],[-0.63971,6.13092],[-0.63892,6.1413],[-0.61731,6.16211],[-0.61792,6.16553],[-0.63312,6.17291],[-0.63141,6.17987],[-0.63959,6.1875],[-0.68481,6.19031],[-0.68628,6.20032],[-0.69843,6.2049],[-0.71033,6.2019],[-0.71069,6.21033],[-0.72168,6.22028],[-0.72601,6.21948],[-0.72821,6.22351],[-0.74182,6.22528],[-0.74719,6.2215],[-0.75092,6.23468],[-0.75818,6.23572],[-0.76068,6.24072],[-0.7757,6.25031],[-0.76831,6.25891],[-0.77069,6.27032],[-0.77802,6.27893],[-0.77142,6.28271],[-0.76648,6.29608],[-0.75061,6.31128],[-0.72559,6.31989],[-0.71741,6.32971],[-0.70972,6.35309],[-0.70093,6.36871],[-0.6781,6.38611],[-0.6618,6.38428],[-0.64722,6.39191],[-0.61572,6.38867],[-0.52051,6.34351],[-0.53088,6.32892],[-0.53333,6.31689],[-0.53668,6.31329],[-0.5354,6.30969],[-0.52722,6.31091],[-0.5191,6.3031],[-0.52472,6.28571],[-0.52252,6.26367],[-0.52478,6.25952],[-0.52478,6.24213],[-0.5304,6.23309],[-0.52869,6.22992],[-0.54633,6.22009],[-0.53912,6.21252],[-0.5506,6.2019],[-0.55072,6.18951],[-0.565,6.18988],[-0.58429,6.1731],[-0.59149,6.17529],[-0.59698,6.17291],[-0.60468,6.15631],[-0.6073,6.14069],[-0.58832,6.11047],[-0.59583,6.09991],[-0.57452,6.06409],[-0.5686,6.06207],[-0.5694,6.05591],[-0.5744,6.05908],[-0.58221,6.05731],[-0.58334,6.05377],[-0.57532,6.05212],[-0.5719,6.03912],[-0.58142,6.04388],[-0.5835,6.05328]]]}},{"type":"Feature","properties":{"name":"Ayensuano","region":"Eastern","pcode":"GH0611","level":"ADM2"},"geometry":{"type":"Polygon","coordinates":[[[-0.5835,6.05328],[-0.58142,6.04388],[-0.5719,6.03912],[-0.57532,6.05212],[-0.58289,6.05318],[-0.58221,6.05731],[-0.5744,6.05908],[-0.5694,6.05591],[-0.5686,6.06207],[-0.54382,6.05469],[-0.54071,6.04749],[-0.5423,6.03729],[-0.5329,6.02148],[-0.50348,6.0105],[-0.50488,6.00708],[-0.4906,5.99048],[-0.48572,5.9715],[-0.474,5.96472],[-0.46362,5.96527],[-0.46118,5.96912],[-0.44751,5.9729],[-0.44458,5.99707],[-0.43781,6.01672],[-0.43359,6.01868],[-0.42511,6.01172],[-0.42108,6.01849],[-0.41211,6.01929],[-0.4104,6.03009],[-0.40161,6.03168],[-0.3938,6.02972],[-0.39301,6.00812],[-0.38281,5.99652],[-0.37329,6.0011],[-0.36609,5.99689],[-0.36353,5.98248],[-0.35553,5.98273],[-0.33081,5.97333],[-0.32428,5.95648],[-0.32111,5.95428],[-0.29108,5.95691],[-0.3125,5.93073],[-0.31268,5.9231],[-0.31842,5.91412],[-0.33502,5.90808],[-0.34009,5.89789],[-0.36639,5.89612],[-0.37921,5.89111],[-0.37,5.87311],[-0.39478,5.85388],[-0.39728,5.84912],[-0.40479,5.8457],[-0.4137,5.83447],[-0.42529,5.8363],[-0.43268,5.8327],[-0.44141,5.84308],[-0.46381,5.83008],[-0.46429,5.84369],[-0.4668,5.84613],[-0.49841,5.84833],[-0.50043,5.8631],[-0.51892,5.86688],[-0.53119,5.88452],[-0.55243,5.8905],[-0.55731,5.88831],[-0.5733,5.90051],[-0.58588,5.8963],[-0.59259,5.90271],[-0.57758,5.91571],[-0.58179,5.92188],[-0.57898,5.92493],[-0.58099,5.93573],[-0.58313,5.93872],[-0.59473,5.94049],[-0.5979,5.94409],[-0.59729,5.95288],[-0.60553,5.96552],[-0.61548,5.96411],[-0.6192,5.97333],[-0.62549,5.97748],[-0.62952,5.98529],[-0.62439,6.00531],[-0.63599,6.01489],[-0.64929,6.01593],[-0.65112,6.02808],[-0.62891,6.03528],[-0.61963,6.03052],[-0.60968,6.04169],[-0.60052,6.04633],[-0.59729,6.04291],[-0.59491,6.04529],[-0.59729,6.0517],[-0.59332,6.05249],[-0.59369,6.05627],[-0.5835,6.05328]]]}},{"type":"Feature","properties":{"name":"Birim Central Municipal","region":"Eastern","pcode":"GH0612","level":"ADM2"},"geometry":{"type":"Polygon","coordinates":[[[-0.95801,5.95947],[-0.94049,5.94708],[-0.94788,5.93488],[-0.94897,5.91913],[-0.9585,5.92108],[-0.966,5.92688],[-0.96973,5.92572],[-0.98291,5.9079],[-0.99158,5.90747],[-0.99731,5.91412],[-1.0,5.92511],[-1.00482,5.93152],[-1.0094,5.93152],[-1.01392,5.9267],[-1.02252,5.92633],[-1.02661,5.92273],[-1.0332,5.92468],[-1.0329,5.91852],[-1.04181,5.91431],[-1.04993,5.92352],[-1.06781,5.92889],[-1.06891,5.93549],[-1.07831,5.94189],[-1.0636,5.95569],[-1.03882,5.97113],[-1.0415,5.98187],[-1.03912,5.98492],[-1.02679,5.98492],[-0.9964,6.01691],[-1.0036,6.01709],[-1.00592,6.01971],[-1.00238,6.03333],[-0.98779,6.03931],[-0.9798,6.04669],[-0.9632,6.01312],[-0.96851,6.00427],[-0.96753,5.9975],[-0.97308,5.99249],[-0.97333,5.98169],[-0.96631,5.96851],[-0.96613,5.95929],[-0.95801,5.95947]]]}},{"type":"Feature","properties":{"name":"Birim North","region":"Eastern","pcode":"GH0613","level":"ADM2"},"geometry":{"type":"Polygon","coordinates":[[[-0.82318,6.47809],[-0.82318,6.48547],[-0.83191,6.47931],[-0.83191,6.47351],[-0.8363,6.4693],[-0.84113,6.46991],[-0.84619,6.47491],[-0.85852,6.47009],[-0.85773,6.46289],[-0.8761,6.45868],[-0.88342,6.46112],[-0.88263,6.44427],[-0.88672,6.43811],[-0.88428,6.41913],[-0.8764,6.39752],[-0.88373,6.38647],[-0.8811,6.37292],[-0.88861,6.38068],[-0.89319,6.38049],[-0.89783,6.37531],[-0.90808,6.37152],[-0.91138,6.37488],[-0.92438,6.36853],[-0.92657,6.3761],[-0.92078,6.39227],[-0.93732,6.38568],[-0.94812,6.38812],[-0.94958,6.3703],[-0.95752,6.35669],[-0.96228,6.34088],[-0.9856,6.33691],[-0.97351,6.33112],[-0.96301,6.31567],[-0.96442,6.28168],[-0.96759,6.2821],[-0.98041,6.2677],[-0.98938,6.26709],[-0.9986,6.27148],[-1.00641,6.26849],[-1.01978,6.2511],[-1.00848,6.24188],[-0.99158,6.2215],[-0.99048,6.20453],[-0.99573,6.19708],[-1.01428,6.20752],[-1.03381,6.19672],[-1.04321,6.19769],[-1.06708,6.20551],[-1.07172,6.2113],[-1.06927,6.22272],[-1.09619,6.21527],[-1.09979,6.21588],[-1.09961,6.2193],[-1.10901,6.22729],[-1.11749,6.22931],[-1.12183,6.22589],[-1.12451,6.2453],[-1.11823,6.26947],[-1.12811,6.27271],[-1.1308,6.28009],[-1.12769,6.28589],[-1.138,6.29547],[-1.1355,6.29907],[-1.13031,6.29968],[-1.13141,6.31549],[-1.12482,6.31952],[-1.11279,6.32129],[-1.11371,6.3241],[-1.11951,6.32568],[-1.11908,6.32892],[-1.11261,6.33929],[-1.1134,6.35168],[-1.11139,6.35553],[-1.1051,6.35773],[-1.10211,6.36432],[-1.0694,6.3833],[-1.06769,6.38928],[-1.05481,6.39771],[-1.04303,6.40051],[-1.03552,6.4115],[-1.02301,6.40869],[-1.02008,6.4093],[-1.0199,6.4129],[-1.0108,6.41589],[-1.01569,6.42072],[-1.01721,6.43652],[-1.00641,6.44208],[-1.00769,6.44971],[-1.005,6.45172],[-1.01099,6.4671],[-1.00702,6.47229],[-1.00391,6.49152],[-0.98779,6.5163],[-0.98059,6.5199],[-0.97821,6.51831],[-0.97241,6.52753],[-0.9715,6.5351],[-0.96503,6.53992],[-0.9588,6.5285],[-0.95361,6.5257],[-0.9386,6.53009],[-0.93292,6.52771],[-0.9267,6.52008],[-0.91663,6.51691],[-0.91321,6.5105],[-0.91339,6.49109],[-0.8974,6.50128],[-0.89001,6.5105],[-0.8891,6.51471],[-0.8924,6.52008],[-0.89081,6.5257],[-0.88501,6.52911],[-0.85431,6.53168],[-0.84851,6.53571],[-0.84058,6.53491],[-0.83551,6.52667],[-0.84131,6.52112],[-0.83661,6.5155],[-0.83661,6.50812],[-0.83191,6.50629],[-0.8194,6.48767],[-0.82031,6.47968],[-0.82318,6.47809]]]}},{"type":"Feature","properties":{"name":"Birim South","region":"Eastern","pcode":"GH0614","level":"ADM2"},"geometry":{"type":"Polygon","coordinates":[[[-1.08221,5.94391],[-1.06891,5.93549],[-1.06781,5.92889],[-1.04993,5.92352],[-1.04181,5.91431],[-1.0329,5.91852],[-1.0332,5.92468],[-1.02661,5.92273],[-1.02252,5.92633],[-1.01392,5.9267],[-1.0094,5.93152],[-1.00482,5.93152],[-1.0,5.92511],[-0.99731,5.91412],[-0.99158,5.90747],[-0.98291,5.9079],[-0.96973,5.92572],[-0.966,5.92688],[-0.9585,5.92108],[-0.94897,5.91913],[-0.94812,5.91528],[-0.93829,5.91467],[-0.9306,5.92249],[-0.92712,5.92249],[-0.9248,5.91449],[-0.91718,5.9057],[-0.88422,5.8985],[-0.87799,5.89447],[-0.87329,5.8877],[-0.87329,5.88049],[-0.90051,5.87549],[-0.90399,5.87592],[-0.91351,5.88708],[-0.92102,5.88568],[-0.9339,5.87988],[-0.94232,5.87207],[-0.95038,5.8551],[-0.98273,5.84229],[-0.98633,5.8421],[-0.99402,5.84808],[-1.008,5.8457],[-1.02899,5.84668],[-1.1051,5.83832],[-1.13049,5.83392],[-1.1615,5.82428],[-1.16888,5.8407],[-1.16022,5.85291],[-1.16321,5.86169],[-1.16821,5.86627],[-1.1626,5.88672],[-1.16602,5.9043],[-1.17291,5.91028],[-1.17712,5.90887],[-1.19391,5.9173],[-1.19781,5.91669],[-1.22479,5.9353],[-1.21973,5.94208],[-1.22351,5.94531],[-1.22131,5.95453],[-1.22382,5.95728],[-1.21942,5.9621],[-1.22137,5.97369],[-1.21912,5.97632],[-1.21588,5.97369],[-1.21619,5.96887],[-1.21021,5.96393],[-1.20093,5.97693],[-1.19751,5.9765],[-1.198,5.97089],[-1.18152,5.97028],[-1.17889,5.97308],[-1.17279,5.9679],[-1.1651,5.96808],[-1.1532,5.95587],[-1.15521,5.95172],[-1.14911,5.94733],[-1.13599,5.95129],[-1.1366,5.95471],[-1.13348,5.95728],[-1.11682,5.95551],[-1.11407,5.95892],[-1.11621,5.9613],[-1.1109,5.96649],[-1.1059,5.96588],[-1.10358,5.95813],[-1.09851,5.9577],[-1.09473,5.95367],[-1.09723,5.94208],[-1.09448,5.93549],[-1.08771,5.93793],[-1.08661,5.9411],[-1.08392,5.9397],[-1.08221,5.94391]]]}},{"type":"Feature","properties":{"name":"Denkyembour","region":"Eastern","pcode":"GH0615","level":"ADM2"},"geometry":{"type":"Polygon","coordinates":[[[-0.67218,6.10492],[-0.68042,6.0979],[-0.67261,6.08533],[-0.66803,6.08429],[-0.6698,6.07727],[-0.67719,6.07452],[-0.66821,6.06427],[-0.66309,6.06409],[-0.66211,6.05811],[-0.65729,6.0589],[-0.6535,6.05511],[-0.64972,6.04633],[-0.65509,6.03967],[-0.66199,6.03412],[-0.67151,6.03131],[-0.67999,6.03589],[-0.69061,6.04968],[-0.69598,6.0517],[-0.70239,6.04828],[-0.71039,6.04993],[-0.72223,6.04309],[-0.71991,6.03192],[-0.72211,6.02832],[-0.72919,6.02832],[-0.73871,6.0141],[-0.74121,6.0163],[-0.75171,6.01031],[-0.76831,6.00732],[-0.7699,6.0047],[-0.7782,6.00928],[-0.78461,6.00928],[-0.78998,5.99969],[-0.79401,5.99933],[-0.79773,5.98071],[-0.8017,5.9787],[-0.80121,5.9751],[-0.7973,5.97388],[-0.79883,5.96753],[-0.81201,5.95111],[-0.81927,5.95068],[-0.83551,5.97949],[-0.84998,5.98413],[-0.87842,6.00208],[-0.89111,5.99847],[-0.89069,5.9931],[-0.89673,5.99628],[-0.90668,5.99591],[-0.91772,5.98291],[-0.91681,5.97571],[-0.92041,5.96509],[-0.9278,5.96051],[-0.94049,5.9635],[-0.94208,5.96051],[-0.94861,5.95892],[-0.95062,5.95288],[-0.95801,5.95947],[-0.96613,5.95929],[-0.96631,5.96851],[-0.97333,5.98169],[-0.97308,5.99249],[-0.96753,5.9975],[-0.96851,6.00427],[-0.9632,6.01312],[-0.9798,6.04669],[-0.974,6.05768],[-0.95251,6.06073],[-0.96442,6.0733],[-0.96912,6.08832],[-0.97559,6.09747],[-0.9469,6.11188],[-0.94458,6.13348],[-0.92822,6.16388],[-0.91138,6.15332],[-0.90973,6.14807],[-0.90521,6.14807],[-0.90051,6.14368],[-0.89111,6.14551],[-0.87811,6.15973],[-0.8739,6.14807],[-0.85681,6.13013],[-0.85052,6.11932],[-0.8515,6.10468],[-0.84552,6.08551],[-0.82709,6.07428],[-0.82013,6.07727],[-0.82001,6.0849],[-0.81268,6.09088],[-0.78528,6.10071],[-0.75391,6.10327],[-0.73889,6.0943],[-0.72168,6.10852],[-0.70782,6.10809],[-0.6925,6.11469],[-0.68323,6.11407],[-0.6731,6.10828],[-0.67218,6.10492]]]}},{"type":"Feature","properties":{"name":"Fanteakwa North","region":"Eastern","pcode":"GH0616","level":"ADM2"},"geometry":{"type":"Polygon","coordinates":[[[-0.17761,6.55768],[-0.18762,6.53632],[-0.19843,6.53088],[-0.20789,6.5141],[-0.20569,6.50629],[-0.1944,6.49707],[-0.19733,6.48492],[-0.20538,6.47571],[-0.224,6.47888],[-0.23053,6.47467],[-0.2309,6.46448],[-0.23621,6.46393],[-0.2406,6.45673],[-0.24561,6.46149],[-0.25708,6.45752],[-0.27222,6.43652],[-0.28082,6.43793],[-0.28912,6.43469],[-0.29382,6.43011],[-0.29382,6.42609],[-0.30731,6.4267],[-0.3194,6.40588],[-0.3255,6.40228],[-0.35059,6.39752],[-0.35071,6.38733],[-0.34113,6.37268],[-0.32568,6.36353],[-0.3222,6.35352],[-0.33118,6.34253],[-0.34448,6.33832],[-0.35199,6.33008],[-0.35883,6.33392],[-0.37341,6.33472],[-0.39819,6.34167],[-0.45612,6.38031],[-0.48761,6.39093],[-0.47882,6.40149],[-0.46301,6.40869],[-0.46082,6.42389],[-0.49048,6.45068],[-0.54419,6.51233],[-0.46759,6.5199],[-0.46222,6.52533],[-0.46021,6.5293],[-0.46252,6.53668],[-0.47559,6.54669],[-0.47693,6.55408],[-0.48022,6.5567],[-0.47998,6.55988],[-0.4729,6.56091],[-0.48499,6.56592],[-0.48328,6.57208],[-0.4967,6.5863],[-0.49292,6.59387],[-0.50049,6.59589],[-0.4967,6.6051],[-0.48828,6.60492],[-0.47333,6.6181],[-0.47009,6.61688],[-0.46881,6.62012],[-0.45831,6.62329],[-0.45599,6.62531],[-0.45691,6.62952],[-0.44659,6.63751],[-0.42432,6.6413],[-0.41522,6.6261],[-0.39221,6.61713],[-0.3894,6.61267],[-0.37372,6.61249],[-0.35468,6.60651],[-0.35162,6.60327],[-0.33362,6.6001],[-0.33301,6.62207],[-0.33679,6.62628],[-0.33441,6.66748],[-0.25519,6.66687],[-0.21948,6.60107],[-0.17761,6.55768]]]}},{"type":"Feature","properties":{"name":"Fanteakwa South","region":"Eastern","pcode":"GH0617","level":"ADM2"},"geometry":{"type":"Polygon","coordinates":[[[-0.20538,6.47571],[-0.20898,6.46808],[-0.23358,6.45392],[-0.23639,6.44952],[-0.23462,6.4411],[-0.24249,6.43988],[-0.24658,6.41687],[-0.2608,6.41107],[-0.26318,6.40332],[-0.26849,6.39868],[-0.27271,6.38348],[-0.28162,6.37292],[-0.29419,6.36627],[-0.29852,6.35632],[-0.30829,6.34491],[-0.30658,6.32648],[-0.29858,6.3175],[-0.29028,6.31451],[-0.29523,6.2973],[-0.3009,6.29773],[-0.3053,6.30371],[-0.32098,6.29572],[-0.32861,6.29749],[-0.34021,6.28668],[-0.36102,6.28552],[-0.37323,6.28052],[-0.38611,6.28333],[-0.3988,6.2757],[-0.4173,6.29132],[-0.4458,6.28809],[-0.45789,6.29211],[-0.45959,6.29712],[-0.46863,6.2973],[-0.47803,6.27667],[-0.48822,6.27332],[-0.48419,6.28589],[-0.48901,6.2843],[-0.4939,6.27649],[-0.52252,6.26367],[-0.52472,6.28571],[-0.5191,6.3031],[-0.52722,6.31091],[-0.5354,6.30969],[-0.53668,6.31329],[-0.52948,6.33148],[-0.51398,6.34833],[-0.50562,6.35168],[-0.49042,6.34729],[-0.48969,6.35608],[-0.48608,6.36188],[-0.49182,6.36853],[-0.49512,6.36713],[-0.49792,6.37329],[-0.49139,6.38892],[-0.48761,6.39093],[-0.47351,6.3877],[-0.45612,6.38031],[-0.39819,6.34167],[-0.37341,6.33472],[-0.35883,6.33392],[-0.35199,6.33008],[-0.34448,6.33832],[-0.33118,6.34253],[-0.3222,6.35352],[-0.32568,6.36353],[-0.34113,6.37268],[-0.35071,6.38733],[-0.35059,6.39752],[-0.3255,6.40228],[-0.3194,6.40588],[-0.30731,6.4267],[-0.29382,6.42609],[-0.29382,6.43011],[-0.28912,6.43469],[-0.28082,6.43793],[-0.27222,6.43652],[-0.25708,6.45752],[-0.24561,6.46149],[-0.2406,6.45673],[-0.23621,6.46393],[-0.2309,6.46448],[-0.23053,6.47467],[-0.224,6.47888],[-0.20538,6.47571]]]}},{"type":"Feature","properties":{"name":"Kwaebibirem","region":"Eastern","pcode":"GH0618","level":"ADM2"},"geometry":{"type":"Polygon","coordinates":[[[-0.8811,6.37292],[-0.8559,6.35712],[-0.85828,6.34229],[-0.85199,6.33588],[-0.83002,6.32611],[-0.81122,6.3103],[-0.80658,6.3103],[-0.79492,6.29688],[-0.78339,6.29309],[-0.7821,6.28412],[-0.77069,6.27032],[-0.76831,6.25891],[-0.7757,6.25031],[-0.76068,6.24072],[-0.75818,6.23572],[-0.75092,6.23468],[-0.74719,6.2215],[-0.74182,6.22528],[-0.72821,6.22351],[-0.72601,6.21948],[-0.72168,6.22028],[-0.71069,6.21033],[-0.71033,6.2019],[-0.69843,6.2049],[-0.68628,6.20032],[-0.68481,6.19031],[-0.63959,6.1875],[-0.63538,6.18469],[-0.63141,6.17987],[-0.63312,6.17291],[-0.61792,6.16553],[-0.61731,6.16211],[-0.63892,6.1413],[-0.63971,6.13092],[-0.64673,6.11713],[-0.65808,6.11511],[-0.67041,6.10248],[-0.6731,6.10828],[-0.68323,6.11407],[-0.6925,6.11469],[-0.70782,6.10809],[-0.72168,6.10852],[-0.73889,6.0943],[-0.75391,6.10327],[-0.78821,6.1001],[-0.81268,6.09088],[-0.82001,6.0849],[-0.82013,6.07727],[-0.82709,6.07428],[-0.84552,6.08551],[-0.8515,6.10468],[-0.85052,6.11932],[-0.85681,6.13013],[-0.8739,6.14807],[-0.87811,6.15973],[-0.89111,6.14551],[-0.90051,6.14368],[-0.90521,6.14807],[-0.90973,6.14807],[-0.91138,6.15332],[-0.92822,6.16388],[-0.94458,6.13348],[-0.9469,6.11188],[-0.97559,6.09747],[-0.97931,6.10449],[-1.03259,6.07928],[-1.01422,6.16412],[-0.99048,6.20453],[-0.98981,6.21332],[-0.99359,6.2243],[-1.01978,6.2511],[-1.00641,6.26849],[-0.9986,6.27148],[-0.98938,6.26709],[-0.98041,6.2677],[-0.96332,6.28491],[-0.96301,6.31567],[-0.97351,6.33112],[-0.9856,6.33691],[-0.96228,6.34088],[-0.95752,6.35669],[-0.94958,6.3703],[-0.94812,6.38812],[-0.93732,6.38568],[-0.92078,6.39227],[-0.92657,6.3761],[-0.92438,6.36853],[-0.91138,6.37488],[-0.90808,6.37152],[-0.89783,6.37531],[-0.89319,6.38049],[-0.88861,6.38068],[-0.8811,6.37292]]]}},{"type":"Feature","properties":{"name":"Kwahu Afram Plains North","region":"Eastern","pcode":"GH0619","level":"ADM2"},"geometry":{"type":"Polygon","coordinates":[[[-0.14948,7.19952],[-0.1275,7.19348],[-0.10712,7.19513],[-0.10181,7.19232],[-0.09772,7.18488],[-0.08441,7.17932],[-0.06152,7.18811],[-0.05261,7.19647],[-0.02753,7.19153],[-0.0141,7.1933],[-0.00421,7.1911],[0.00452,7.19409],[0.01111,7.18628],[0.0213,7.18311],[0.02911,7.18549],[0.04089,7.18091],[0.05048,7.17212],[0.0675,7.17371],[0.08112,7.1817],[0.0979,7.17767],[0.11029,7.18268],[0.12329,7.1839],[0.18231,7.17969],[0.21631,7.17407],[0.23529,7.16711],[0.24249,7.14868],[0.24268,7.12708],[0.2309,7.10687],[0.20288,7.08069],[0.19672,7.06769],[0.19971,7.0517],[0.2215,7.00787],[0.22748,6.97412],[0.2063,6.9425],[0.19592,6.93652],[0.14789,6.92151],[0.1355,6.9101],[0.12292,6.88953],[0.11987,6.87048],[0.12433,6.84332],[0.1333,6.8291],[0.1449,6.81848],[0.15851,6.8161],[0.1925,6.78931],[0.20032,6.77869],[0.20831,6.75769],[0.20367,6.70331],[0.1991,6.69708],[0.16931,6.68988],[0.1615,6.68329],[0.13013,6.67169],[0.12329,6.66608],[0.11047,6.6167],[0.10449,6.56689],[0.0025,6.53632],[-0.01862,6.53931],[-0.0611,6.53351],[-0.07471,6.53912],[-0.09583,6.54272],[-0.0946,6.62909],[-0.08978,6.64148],[-0.09778,6.64752],[-0.0921,6.66168],[-0.09692,6.66687],[-0.09552,6.6745],[-0.0874,6.6839],[-0.08643,6.69049],[-0.09229,6.69873],[-0.11121,6.69873],[-0.10809,6.7135],[-0.10339,6.72491],[-0.09619,6.73248],[-0.09161,6.74652],[-0.08752,6.77289],[-0.07959,6.78308],[-0.07123,6.78693],[-0.08423,6.79669],[-0.10449,6.80511],[-0.10168,6.81427],[-0.12091,6.83313],[-0.13019,6.83588],[-0.13702,6.84772],[-0.14502,6.84991],[-0.16071,6.86108],[-0.16528,6.86609],[-0.16632,6.87592],[-0.16351,6.90411],[-0.15228,6.91333],[-0.14221,6.94409],[-0.12598,6.96191],[-0.1225,6.96271],[-0.11371,6.94952],[-0.10718,6.95831],[-0.10529,6.97528],[-0.1236,6.98468],[-0.12708,6.99731],[-0.12408,6.99847],[-0.12262,7.00952],[-0.11841,7.0119],[-0.11731,7.0163],[-0.13489,7.02728],[-0.14062,7.03528],[-0.13361,7.04132],[-0.13611,7.04889],[-0.14783,7.05212],[-0.15192,7.05688],[-0.151,7.07312],[-0.15668,7.09491],[-0.14819,7.10571],[-0.14978,7.11511],[-0.16351,7.13092],[-0.16882,7.1427],[-0.16931,7.1571],[-0.16412,7.16687],[-0.16541,7.18732],[-0.1601,7.19489],[-0.15503,7.19489],[-0.14948,7.19952]]]}},{"type":"Feature","properties":{"name":"Kwahu Afram Plains South","region":"Eastern","pcode":"GH0620","level":"ADM2"},"geometry":{"type":"Polygon","coordinates":[[[-0.21692,7.20947],[-0.21552,7.19971],[-0.20221,7.20288],[-0.18158,7.20312],[-0.18011,7.1991],[-0.16351,7.19971],[-0.1601,7.19489],[-0.16541,7.18732],[-0.16412,7.16687],[-0.16931,7.1571],[-0.16882,7.1427],[-0.16351,7.13092],[-0.14978,7.11511],[-0.14819,7.10571],[-0.15668,7.09491],[-0.151,7.07312],[-0.15289,7.06012],[-0.14783,7.05212],[-0.13611,7.04889],[-0.13391,7.0459],[-0.13361,7.04132],[-0.14062,7.03528],[-0.13831,7.03131],[-0.11731,7.0163],[-0.11841,7.0119],[-0.12262,7.00952],[-0.12408,6.99847],[-0.12708,6.99731],[-0.1236,6.98468],[-0.10529,6.97528],[-0.10718,6.95831],[-0.11371,6.94952],[-0.1225,6.96271],[-0.12598,6.96191],[-0.14221,6.94409],[-0.15228,6.91333],[-0.16351,6.90411],[-0.16632,6.87592],[-0.16528,6.86609],[-0.16071,6.86108],[-0.14502,6.84991],[-0.13702,6.84772],[-0.13019,6.83588],[-0.12091,6.83313],[-0.10168,6.81427],[-0.10449,6.80511],[-0.08423,6.79669],[-0.07123,6.78693],[-0.07959,6.78308],[-0.08752,6.77289],[-0.09161,6.74652],[-0.09619,6.73248],[-0.10339,6.72491],[-0.10809,6.7135],[-0.11121,6.69873],[-0.09229,6.69873],[-0.08643,6.69049],[-0.0874,6.6839],[-0.09552,6.6745],[-0.09692,6.66687],[-0.0921,6.66168],[-0.09778,6.64752],[-0.08978,6.64148],[-0.0946,6.62909],[-0.09583,6.54272],[-0.12292,6.5437],[-0.15472,6.54993],[-0.17761,6.55768],[-0.21948,6.60107],[-0.25519,6.66687],[-0.36401,6.66809],[-0.40942,6.70111],[-0.46582,6.72028],[-0.51721,6.73132],[-0.5589,6.76331],[-0.60553,6.75769],[-0.61359,6.75989],[-0.64459,6.73309],[-0.65588,6.73767],[-0.65613,6.7403],[-0.65253,6.74127],[-0.64441,6.75208],[-0.64471,6.75653],[-0.6532,6.75513],[-0.65143,6.7627],[-0.65918,6.77649],[-0.65259,6.78607],[-0.64331,6.78888],[-0.64142,6.79468],[-0.66028,6.79547],[-0.67108,6.78748],[-0.67249,6.79431],[-0.69623,6.77893],[-0.69708,6.7865],[-0.68658,6.79327],[-0.68951,6.79572],[-0.66852,6.8161],[-0.66681,6.82092],[-0.67023,6.8233],[-0.68158,6.82172],[-0.69611,6.80988],[-0.71338,6.80249],[-0.70331,6.82068],[-0.71802,6.82068],[-0.72192,6.82452],[-0.72589,6.82312],[-0.73328,6.82672],[-0.74371,6.82269],[-0.74719,6.83508],[-0.73169,6.84229],[-0.73389,6.84473],[-0.7453,6.84271],[-0.74841,6.85669],[-0.74481,6.86591],[-0.74768,6.86908],[-0.75482,6.86731],[-0.7572,6.92529],[-0.75311,6.93811],[-0.742,6.94891],[-0.73401,6.94849],[-0.72278,6.95251],[-0.7146,6.94672],[-0.7077,6.9469],[-0.69342,6.93951],[-0.65363,6.93127],[-0.6582,6.94067],[-0.65741,6.94733],[-0.63702,6.95312],[-0.60071,6.9483],[-0.58533,6.95093],[-0.57452,6.96271],[-0.57422,6.9787],[-0.56671,6.99847],[-0.56531,7.01947],[-0.58032,7.03809],[-0.59052,7.04431],[-0.59412,7.05212],[-0.6355,7.17389],[-0.61841,7.16571],[-0.6109,7.15448],[-0.5965,7.15009],[-0.58282,7.1507],[-0.56,7.1377],[-0.54199,7.1391],[-0.50739,7.12708],[-0.49469,7.12531],[-0.46179,7.1283],[-0.44122,7.1225],[-0.42731,7.12531],[-0.41919,7.11969],[-0.39038,7.1181],[-0.33698,7.13788],[-0.33038,7.14288],[-0.32239,7.14392],[-0.30103,7.17151],[-0.30542,7.17529],[-0.30499,7.17853],[-0.28821,7.18433],[-0.28619,7.18689],[-0.28839,7.19312],[-0.28601,7.1947],[-0.27972,7.1911],[-0.2713,7.19312],[-0.25922,7.19092],[-0.25659,7.1947],[-0.25043,7.1925],[-0.23932,7.20331],[-0.23651,7.20227],[-0.2215,7.21173],[-0.21692,7.20947]]]}},{"type":"Feature","properties":{"name":"Kwahu East","region":"Eastern","pcode":"GH0621","level":"ADM2"},"geometry":{"type":"Polygon","coordinates":[[[-0.71338,6.80249],[-0.69611,6.80988],[-0.68158,6.82172],[-0.67023,6.8233],[-0.66681,6.82092],[-0.66852,6.8161],[-0.68951,6.79572],[-0.68658,6.79327],[-0.69708,6.7865],[-0.69623,6.77893],[-0.67651,6.79309],[-0.67249,6.79431],[-0.67108,6.78748],[-0.66028,6.79547],[-0.65631,6.79352],[-0.64423,6.79651],[-0.64111,6.79169],[-0.65259,6.78607],[-0.65918,6.77649],[-0.65143,6.7627],[-0.6532,6.75513],[-0.64471,6.75653],[-0.64441,6.75208],[-0.65253,6.74127],[-0.65613,6.7403],[-0.65588,6.73767],[-0.67029,6.73767],[-0.67029,6.72852],[-0.67651,6.7215],[-0.6853,6.69928],[-0.69482,6.6897],[-0.70349,6.66333],[-0.70959,6.65833],[-0.72913,6.62268],[-0.7406,6.61249],[-0.75659,6.61969],[-0.7608,6.63269],[-0.77679,6.61792],[-0.78961,6.61572],[-0.80469,6.62292],[-0.82068,6.61731],[-0.82123,6.61328],[-0.82489,6.61188],[-0.82312,6.5929],[-0.8432,6.60071],[-0.86023,6.60352],[-0.9126,6.59888],[-0.91492,6.60132],[-0.91058,6.60992],[-0.9184,6.62207],[-0.92291,6.6391],[-0.93573,6.6377],[-0.93768,6.64008],[-0.94342,6.63928],[-0.94513,6.62708],[-0.95538,6.61987],[-0.97101,6.6123],[-0.97668,6.61548],[-0.97711,6.63751],[-0.97272,6.64771],[-0.97693,6.65808],[-0.97382,6.68073],[-0.96051,6.69171],[-0.95062,6.70789],[-0.94702,6.72491],[-0.95178,6.73651],[-0.96283,6.74152],[-0.97351,6.73749],[-0.97949,6.73969],[-0.98492,6.74292],[-0.98212,6.74872],[-0.97308,6.75031],[-0.96008,6.7475],[-0.95532,6.75409],[-0.93121,6.75787],[-0.91528,6.76831],[-0.91479,6.77692],[-0.90631,6.77972],[-0.90253,6.78693],[-0.8808,6.77869],[-0.86621,6.78168],[-0.85291,6.7785],[-0.84351,6.77991],[-0.83221,6.79291],[-0.81891,6.78992],[-0.7934,6.7901],[-0.78711,6.79529],[-0.76691,6.83569],[-0.7583,6.8443],[-0.75482,6.86731],[-0.74768,6.86908],[-0.74481,6.86591],[-0.74841,6.85669],[-0.7453,6.84271],[-0.73389,6.84473],[-0.73169,6.84229],[-0.74719,6.83508],[-0.74371,6.82269],[-0.73328,6.82672],[-0.72589,6.82312],[-0.72192,6.82452],[-0.71802,6.82068],[-0.70331,6.82068],[-0.71338,6.80249]]]}},{"type":"Feature","properties":{"name":"Kwahu South","region":"Eastern","pcode":"GH0622","level":"ADM2"},"geometry":{"type":"Polygon","coordinates":[[[-0.33441,6.66748],[-0.33679,6.62628],[-0.33301,6.62207],[-0.33362,6.6001],[-0.35162,6.60327],[-0.35468,6.60651],[-0.37372,6.61249],[-0.3894,6.61267],[-0.39221,6.61713],[-0.41522,6.6261],[-0.42432,6.6413],[-0.44659,6.63751],[-0.45691,6.62952],[-0.45599,6.62531],[-0.45831,6.62329],[-0.46881,6.62012],[-0.47009,6.61688],[-0.47333,6.6181],[-0.48828,6.60492],[-0.4967,6.6051],[-0.50049,6.59589],[-0.49292,6.59387],[-0.4967,6.5863],[-0.48328,6.57208],[-0.48499,6.56592],[-0.4729,6.56091],[-0.47998,6.55988],[-0.48022,6.5567],[-0.47693,6.55408],[-0.47559,6.54669],[-0.46118,6.53412],[-0.46021,6.5293],[-0.46509,6.52209],[-0.46759,6.5199],[-0.54419,6.51233],[-0.59271,6.49091],[-0.59589,6.49652],[-0.59271,6.50012],[-0.59381,6.50629],[-0.59991,6.51208],[-0.625,6.51111],[-0.64203,6.51727],[-0.64832,6.54089],[-0.66351,6.55969],[-0.72742,6.5697],[-0.74512,6.55768],[-0.7699,6.56732],[-0.78339,6.58368],[-0.79431,6.58148],[-0.80151,6.58331],[-0.80798,6.59131],[-0.81372,6.60669],[-0.82123,6.61328],[-0.82068,6.61731],[-0.80469,6.62292],[-0.78961,6.61572],[-0.77679,6.61792],[-0.7608,6.63269],[-0.75659,6.61969],[-0.7406,6.61249],[-0.72913,6.62268],[-0.70959,6.65833],[-0.70349,6.66333],[-0.69482,6.6897],[-0.6853,6.69928],[-0.67651,6.7215],[-0.67029,6.72852],[-0.67029,6.73767],[-0.65588,6.73767],[-0.64459,6.73309],[-0.61359,6.75989],[-0.60553,6.75769],[-0.5589,6.76331],[-0.51721,6.73132],[-0.46582,6.72028],[-0.40942,6.70111],[-0.36401,6.66809],[-0.33441,6.66748]]]}},{"type":"Feature","properties":{"name":"Kwahu West","region":"Eastern","pcode":"GH0623","level":"ADM2"},"geometry":{"type":"Polygon","coordinates":[[[-0.59271,6.50012],[-0.60071,6.49072],[-0.60132,6.48108],[-0.60602,6.47711],[-0.61298,6.48712],[-0.61768,6.5025],[-0.62659,6.5061],[-0.63,6.50427],[-0.62958,6.49652],[-0.63672,6.48511],[-0.65369,6.47931],[-0.65912,6.47168],[-0.68909,6.45587],[-0.68768,6.44287],[-0.69623,6.41589],[-0.70923,6.39789],[-0.71051,6.3877],[-0.71649,6.38092],[-0.71588,6.37012],[-0.7207,6.37073],[-0.72449,6.39172],[-0.7381,6.41089],[-0.73291,6.42853],[-0.74762,6.44849],[-0.7749,6.46472],[-0.7829,6.47571],[-0.80011,6.47113],[-0.80322,6.46173],[-0.82928,6.46527],[-0.82361,6.47168],[-0.8194,6.48767],[-0.83191,6.50629],[-0.83661,6.50812],[-0.83661,6.5155],[-0.84131,6.52112],[-0.83551,6.52667],[-0.84058,6.53491],[-0.84851,6.53571],[-0.85431,6.53168],[-0.88501,6.52911],[-0.89081,6.5257],[-0.8924,6.52008],[-0.8891,6.51471],[-0.89001,6.5105],[-0.8974,6.50128],[-0.91339,6.49109],[-0.91321,6.5105],[-0.91663,6.51691],[-0.9267,6.52008],[-0.93292,6.52771],[-0.9386,6.53009],[-0.95361,6.5257],[-0.9588,6.5285],[-0.9649,6.54352],[-0.95551,6.55951],[-0.9505,6.56409],[-0.94421,6.5647],[-0.93439,6.57471],[-0.9314,6.5835],[-0.91742,6.59027],[-0.9126,6.59888],[-0.86023,6.60352],[-0.8432,6.60071],[-0.82312,6.5929],[-0.82489,6.61188],[-0.82123,6.61328],[-0.81372,6.60669],[-0.80798,6.59131],[-0.80151,6.58331],[-0.79431,6.58148],[-0.78339,6.58368],[-0.7699,6.56732],[-0.74512,6.55768],[-0.72742,6.5697],[-0.66351,6.55969],[-0.64832,6.54089],[-0.64203,6.51727],[-0.625,6.51111],[-0.59991,6.51208],[-0.59381,6.50629],[-0.59271,6.50012]]]}},{"type":"Feature","properties":{"name":"Lower Manya","region":"Eastern","pcode":"GH0624","level":"ADM2"},"geometry":{"type":"Polygon","coordinates":[[[0.09692,6.14911],[0.10492,6.1405],[0.11871,6.13708],[0.12592,6.12469],[0.14209,6.11029],[0.14648,6.10931],[0.14313,6.10089],[0.12549,6.09552],[0.09491,6.09387],[0.09332,6.10211],[0.08929,6.10327],[0.08447,6.09351],[0.07428,6.09308],[0.05811,6.09552],[0.04413,6.09369],[0.03772,6.10248],[0.02972,6.0979],[0.01569,6.09967],[0.00208,6.10413],[0.0025,6.11151],[-0.00409,6.1145],[-0.01038,6.12329],[-0.03119,6.12531],[-0.04138,6.1377],[-0.03851,6.1441],[-0.04449,6.1507],[-0.0451,6.15771],[-0.05292,6.15527],[-0.05579,6.14709],[-0.06421,6.14368],[-0.06989,6.14612],[-0.0658,6.15448],[-0.06781,6.15747],[-0.07611,6.15887],[-0.07892,6.16772],[-0.08972,6.1817],[-0.08362,6.20227],[-0.0719,6.2171],[-0.08038,6.21753],[-0.08618,6.22852],[-0.08392,6.23413],[-0.07239,6.24469],[-0.05859,6.25293],[-0.04279,6.2785],[-0.0365,6.3045],[-0.02911,6.31873],[-0.01709,6.33209],[-0.0069,6.33069],[-0.00153,6.3233],[0.00952,6.32507],[0.03009,6.31732],[0.03113,6.3125],[0.02631,6.30652],[0.01129,6.29492],[0.0155,6.27869],[0.02612,6.28369],[0.0271,6.28912],[0.03528,6.29529],[0.04529,6.29968],[0.04791,6.29791],[0.04669,6.28931],[0.0387,6.28528],[0.02649,6.26813],[0.0199,6.26611],[0.0177,6.26172],[0.02087,6.25708],[0.0177,6.25269],[0.00769,6.24829],[0.00708,6.2287],[-0.01068,6.20612],[0.00348,6.20508],[0.00513,6.1947],[0.01147,6.19373],[0.03052,6.21368],[0.04651,6.21368],[0.0603,6.22168],[0.06671,6.22168],[0.0683,6.21509],[0.06207,6.21033],[0.05292,6.20911],[0.05249,6.19952],[0.0705,6.18768],[0.0769,6.17389],[0.06787,6.16351],[0.0683,6.15472],[0.07507,6.15033],[0.09692,6.14911]]]}},{"type":"Feature","properties":{"name":"New Juaben North Municipal","region":"Eastern","pcode":"GH0625","level":"ADM2"},"geometry":{"type":"Polygon","coordinates":[[[-0.24628,6.1275],[-0.25159,6.12408],[-0.25378,6.11688],[-0.26831,6.10052],[-0.28461,6.09967],[-0.29059,6.09131],[-0.29718,6.09271],[-0.30872,6.08447],[-0.30829,6.08112],[-0.3125,6.08173],[-0.31561,6.0921],[-0.32129,6.09589],[-0.3219,6.09991],[-0.33081,6.10211],[-0.33258,6.10712],[-0.36432,6.11749],[-0.3728,6.14349],[-0.36963,6.15411],[-0.35748,6.1665],[-0.35352,6.16772],[-0.34668,6.16229],[-0.34113,6.17548],[-0.3302,6.17273],[-0.3208,6.17572],[-0.32141,6.17889],[-0.31781,6.1803],[-0.32269,6.20007],[-0.31201,6.20947],[-0.28491,6.18292],[-0.27753,6.17047],[-0.26318,6.16711],[-0.26758,6.16272],[-0.26538,6.14771],[-0.25128,6.13593],[-0.24628,6.1275]]]}},{"type":"Feature","properties":{"name":"New Juaben South Municipal","region":"Eastern","pcode":"GH0626","level":"ADM2"},"geometry":{"type":"Polygon","coordinates":[[[-0.21442,6.09332],[-0.22272,6.07471],[-0.22729,6.07208],[-0.23102,6.07532],[-0.23462,6.07349],[-0.24591,6.0495],[-0.25171,6.04431],[-0.26062,6.04248],[-0.26251,6.04529],[-0.27271,6.0387],[-0.28223,6.03668],[-0.28131,6.03149],[-0.29272,6.03931],[-0.29431,6.06207],[-0.29163,6.06769],[-0.2973,6.07031],[-0.30872,6.08447],[-0.29718,6.09271],[-0.29059,6.09131],[-0.28461,6.09967],[-0.26831,6.10052],[-0.25378,6.11688],[-0.25159,6.12408],[-0.24628,6.1275],[-0.24042,6.12512],[-0.23022,6.10388],[-0.21667,6.09711],[-0.21442,6.09332]]]}},{"type":"Feature","properties":{"name":"Nsawam Adoagyiri","region":"Eastern","pcode":"GH0627","level":"ADM2"},"geometry":{"type":"Polygon","coordinates":[[[-0.26959,5.80627],[-0.2746,5.80811],[-0.30432,5.79309],[-0.32721,5.77307],[-0.33173,5.77832],[-0.3407,5.77808],[-0.34772,5.77393],[-0.35199,5.76727],[-0.36548,5.7627],[-0.38202,5.77612],[-0.38782,5.77032],[-0.39209,5.7583],[-0.41339,5.77252],[-0.41602,5.77692],[-0.4151,5.78387],[-0.4231,5.79053],[-0.427,5.80469],[-0.41632,5.83087],[-0.40479,5.8457],[-0.39728,5.84912],[-0.39478,5.85388],[-0.37,5.87311],[-0.37921,5.89111],[-0.36639,5.89612],[-0.34009,5.89789],[-0.33252,5.88867],[-0.33502,5.87909],[-0.32812,5.87469],[-0.31653,5.8761],[-0.29559,5.88452],[-0.28998,5.87927],[-0.27539,5.87549],[-0.27533,5.8623],[-0.27002,5.85608],[-0.27362,5.83551],[-0.26892,5.82312],[-0.26959,5.80627]]]}},{"type":"Feature","properties":{"name":"Okere","region":"Eastern","pcode":"GH0628","level":"ADM2"},"geometry":{"type":"Polygon","coordinates":[[[-0.00958,6.00909],[-0.01361,5.9967],[-0.01862,5.99469],[-0.0304,5.99512],[-0.03278,6.00232],[-0.0376,6.00653],[-0.06311,6.00708],[-0.0824,5.98712],[-0.09418,5.97949],[-0.09711,5.97211],[-0.10571,5.96869],[-0.10522,5.94989],[-0.11542,5.9425],[-0.11871,5.94409],[-0.11609,5.96112],[-0.1275,5.9585],[-0.14313,5.9599],[-0.14868,5.96332],[-0.15302,5.95831],[-0.1507,5.97211],[-0.15918,5.98248],[-0.16168,5.99268],[-0.17328,6.00671],[-0.17981,6.02252],[-0.19012,6.02667],[-0.19751,6.02753],[-0.20312,6.02271],[-0.21161,6.0271],[-0.22552,6.0257],[-0.23181,6.02869],[-0.23468,6.03491],[-0.22961,6.03931],[-0.22888,6.04712],[-0.23309,6.05011],[-0.23639,6.05713],[-0.23352,6.06268],[-0.23761,6.06567],[-0.23462,6.07349],[-0.23102,6.07532],[-0.22729,6.07208],[-0.22272,6.07471],[-0.20038,6.12451],[-0.19299,6.12628],[-0.16071,6.12152],[-0.1463,6.1275],[-0.12769,6.13031],[-0.12433,6.13348],[-0.10388,6.12811],[-0.09521,6.1347],[-0.09119,6.1347],[-0.08661,6.12872],[-0.08069,6.1333],[-0.06598,6.13708],[-0.06012,6.13348],[-0.07471,6.10669],[-0.07251,6.0979],[-0.06042,6.0957],[-0.04999,6.07928],[-0.04419,6.07568],[-0.02802,6.07611],[-0.02441,6.06592],[-0.02917,6.0531],[-0.02643,6.0415],[-0.01532,6.01489],[-0.00958,6.00909]]]}},{"type":"Feature","properties":{"name":"Suhum Municipal","region":"Eastern","pcode":"GH0629","level":"ADM2"},"geometry":{"type":"Polygon","coordinates":[[[-0.41602,6.13208],[-0.39471,6.12231],[-0.37872,6.12848],[-0.36621,6.1275],[-0.36432,6.11749],[-0.3537,6.11249],[-0.33752,6.11029],[-0.33258,6.10712],[-0.33081,6.10211],[-0.3219,6.09991],[-0.32129,6.09589],[-0.31561,6.0921],[-0.3125,6.08173],[-0.30359,6.07867],[-0.2973,6.07031],[-0.29163,6.06769],[-0.29431,6.06207],[-0.29272,6.03931],[-0.26892,6.02112],[-0.26147,6.00153],[-0.29108,5.95691],[-0.32111,5.95428],[-0.32428,5.95648],[-0.33081,5.97333],[-0.35553,5.98273],[-0.36353,5.98248],[-0.36609,5.99689],[-0.37329,6.0011],[-0.38281,5.99652],[-0.39301,6.00812],[-0.3938,6.02972],[-0.40161,6.03168],[-0.4104,6.03009],[-0.41211,6.01929],[-0.42108,6.01849],[-0.42511,6.01172],[-0.43359,6.01868],[-0.43781,6.01672],[-0.44458,5.99707],[-0.44751,5.9729],[-0.46118,5.96912],[-0.46362,5.96527],[-0.474,5.96472],[-0.48572,5.9715],[-0.4906,5.99048],[-0.50488,6.00708],[-0.50348,6.0105],[-0.5329,6.02148],[-0.5423,6.03729],[-0.54071,6.04749],[-0.54382,6.05469],[-0.55798,6.05872],[-0.53589,6.0719],[-0.51813,6.07611],[-0.50458,6.09027],[-0.4881,6.0979],[-0.48242,6.10553],[-0.45898,6.09668],[-0.44751,6.10193],[-0.44202,6.10132],[-0.43201,6.11853],[-0.43323,6.12152],[-0.41602,6.13208]]]}},{"type":"Feature","properties":{"name":"Upper Manya","region":"Eastern","pcode":"GH0630","level":"ADM2"},"geometry":{"type":"Polygon","coordinates":[[[-0.12292,6.5437],[-0.07471,6.53912],[-0.0611,6.53351],[-0.01862,6.53931],[0.0025,6.53632],[-0.00391,6.45068],[-0.00421,6.4021],[-0.01709,6.33209],[-0.02911,6.31873],[-0.0365,6.3045],[-0.04279,6.2785],[-0.05859,6.25293],[-0.07239,6.24469],[-0.08392,6.23413],[-0.08618,6.22852],[-0.10291,6.22192],[-0.11353,6.25293],[-0.12909,6.24011],[-0.13568,6.22552],[-0.14673,6.22729],[-0.16052,6.22192],[-0.16541,6.2171],[-0.1723,6.21912],[-0.17603,6.21411],[-0.18408,6.21088],[-0.18781,6.21393],[-0.18768,6.2301],[-0.18048,6.23853],[-0.18811,6.24548],[-0.19061,6.25293],[-0.1814,6.26752],[-0.1828,6.28088],[-0.2182,6.25873],[-0.22052,6.26129],[-0.23419,6.26172],[-0.22888,6.2749],[-0.24683,6.28387],[-0.25421,6.29132],[-0.25342,6.29669],[-0.24689,6.30469],[-0.2511,6.30609],[-0.25598,6.30292],[-0.26678,6.28491],[-0.28271,6.28387],[-0.29523,6.2973],[-0.29028,6.31451],[-0.30408,6.32269],[-0.30939,6.34149],[-0.29419,6.36627],[-0.28162,6.37292],[-0.27271,6.38348],[-0.26849,6.39868],[-0.26318,6.40332],[-0.2608,6.41107],[-0.24658,6.41687],[-0.24249,6.43988],[-0.23462,6.4411],[-0.23639,6.44952],[-0.23358,6.45392],[-0.20898,6.46808],[-0.20361,6.47949],[-0.19733,6.48492],[-0.1944,6.49707],[-0.20569,6.50629],[-0.20789,6.5141],[-0.19843,6.53088],[-0.18762,6.53632],[-0.17761,6.55768],[-0.15472,6.54993],[-0.12292,6.5437]]]}},{"type":"Feature","properties":{"name":"Upper West Akim","region":"Eastern","pcode":"GH0631","level":"ADM2"},"geometry":{"type":"Polygon","coordinates":[[[-0.56348,5.88031],[-0.55243,5.8905],[-0.53119,5.88452],[-0.51892,5.86688],[-0.50043,5.8631],[-0.49841,5.84833],[-0.4668,5.84613],[-0.46429,5.84369],[-0.46381,5.83008],[-0.44141,5.84308],[-0.43268,5.8327],[-0.42529,5.8363],[-0.4137,5.83447],[-0.4245,5.81427],[-0.427,5.80469],[-0.42438,5.79413],[-0.42841,5.79309],[-0.43829,5.79968],[-0.44171,5.79749],[-0.44812,5.78912],[-0.44427,5.77789],[-0.49091,5.75348],[-0.49341,5.74731],[-0.50891,5.73669],[-0.51868,5.73767],[-0.52448,5.73413],[-0.53442,5.7373],[-0.54993,5.73889],[-0.56201,5.73688],[-0.56671,5.73932],[-0.57208,5.73529],[-0.58099,5.73688],[-0.61011,5.72369],[-0.61969,5.72388],[-0.62231,5.72113],[-0.62988,5.72192],[-0.64368,5.73492],[-0.64819,5.73608],[-0.68628,5.73907],[-0.69739,5.73248],[-0.70239,5.73352],[-0.70068,5.74451],[-0.69519,5.74609],[-0.69678,5.7511],[-0.70673,5.75769],[-0.70831,5.76532],[-0.69928,5.76971],[-0.69299,5.76453],[-0.68958,5.76532],[-0.67383,5.7713],[-0.67023,5.77869],[-0.66711,5.77753],[-0.66309,5.78027],[-0.65741,5.79431],[-0.6524,5.79547],[-0.65613,5.81311],[-0.65442,5.81708],[-0.64691,5.82129],[-0.63373,5.81769],[-0.63092,5.82532],[-0.62689,5.8269],[-0.62433,5.83472],[-0.62128,5.83551],[-0.62323,5.84491],[-0.61823,5.8493],[-0.61493,5.86591],[-0.61749,5.87848],[-0.61121,5.88391],[-0.6015,5.88531],[-0.59418,5.89209],[-0.58533,5.88287],[-0.5777,5.88269],[-0.57062,5.88611],[-0.56348,5.88031]]]}},{"type":"Feature","properties":{"name":"West Akim","region":"Eastern","pcode":"GH0632","level":"ADM2"},"geometry":{"type":"Polygon","coordinates":[[[-0.65839,6.03607],[-0.65869,6.0257],[-0.65112,6.02808],[-0.64929,6.01593],[-0.63599,6.01489],[-0.62439,6.00531],[-0.62952,5.98529],[-0.62549,5.97748],[-0.6192,5.97333],[-0.61548,5.96411],[-0.60553,5.96552],[-0.59729,5.95288],[-0.5979,5.94409],[-0.59473,5.94049],[-0.58313,5.93872],[-0.58099,5.93573],[-0.57898,5.92493],[-0.58179,5.92188],[-0.57758,5.91571],[-0.59259,5.90271],[-0.58588,5.8963],[-0.5733,5.90051],[-0.55731,5.88831],[-0.56348,5.88031],[-0.57062,5.88611],[-0.5777,5.88269],[-0.58533,5.88287],[-0.59418,5.89209],[-0.6015,5.88531],[-0.61121,5.88391],[-0.61749,5.87848],[-0.61493,5.86591],[-0.61823,5.8493],[-0.62323,5.84491],[-0.62128,5.83551],[-0.62433,5.83472],[-0.62689,5.8269],[-0.63092,5.82532],[-0.63373,5.81769],[-0.64691,5.82129],[-0.65442,5.81708],[-0.65613,5.81311],[-0.6524,5.79547],[-0.65741,5.79431],[-0.66309,5.78027],[-0.66711,5.77753],[-0.67023,5.77869],[-0.67383,5.7713],[-0.68958,5.76532],[-0.69299,5.76453],[-0.69928,5.76971],[-0.70831,5.76532],[-0.71539,5.77191],[-0.7204,5.78333],[-0.72552,5.81891],[-0.73938,5.82269],[-0.75043,5.83051],[-0.75403,5.83789],[-0.75873,5.8385],[-0.75732,5.84271],[-0.76172,5.85468],[-0.75751,5.86188],[-0.7627,5.87207],[-0.76288,5.88611],[-0.76721,5.89392],[-0.77759,5.90851],[-0.79303,5.91791],[-0.81,5.94269],[-0.81549,5.94513],[-0.8161,5.94928],[-0.79883,5.96753],[-0.7973,5.97388],[-0.80121,5.9751],[-0.8017,5.9787],[-0.79773,5.98071],[-0.79401,5.99933],[-0.78998,5.99969],[-0.78461,6.00928],[-0.7782,6.00928],[-0.7699,6.0047],[-0.76831,6.00732],[-0.75171,6.01031],[-0.74121,6.0163],[-0.73871,6.0141],[-0.72919,6.02832],[-0.72211,6.02832],[-0.7196,6.0387],[-0.72333,6.0401],[-0.71478,6.04852],[-0.70239,6.04828],[-0.69598,6.0517],[-0.69061,6.04968],[-0.67999,6.03589],[-0.67151,6.03131],[-0.65839,6.03607]]]}},{"type":"Feature","properties":{"name":"Yilo Krobo","region":"Eastern","pcode":"GH0633","level":"ADM2"},"geometry":{"type":"Polygon","coordinates":[[[-0.12909,6.24011],[-0.11353,6.25293],[-0.10291,6.22192],[-0.08618,6.22852],[-0.08038,6.21753],[-0.0719,6.2171],[-0.08362,6.20227],[-0.08972,6.1817],[-0.07892,6.16772],[-0.07611,6.15887],[-0.06781,6.15747],[-0.0658,6.15448],[-0.06989,6.14612],[-0.06421,6.14368],[-0.05579,6.14709],[-0.05292,6.15527],[-0.0451,6.15771],[-0.04449,6.1507],[-0.03851,6.1441],[-0.04138,6.1377],[-0.03693,6.13129],[-0.03119,6.12531],[-0.01038,6.12329],[-0.00409,6.1145],[0.0025,6.11151],[0.00208,6.10413],[0.02972,6.0979],[0.03772,6.10248],[0.04413,6.09369],[0.04852,6.09332],[0.05811,6.09552],[0.08447,6.09351],[0.08929,6.10327],[0.09332,6.10211],[0.09491,6.09387],[0.12549,6.09552],[0.13428,6.09991],[0.1405,6.09967],[0.11871,6.08392],[0.10229,6.07629],[0.0899,6.06311],[0.06268,6.05969],[0.03931,6.04871],[0.0191,6.06189],[0.01813,6.03967],[0.00891,6.02411],[0.0061,6.01312],[-0.00061,6.00787],[-0.00958,6.00909],[-0.01532,6.01489],[-0.02643,6.0415],[-0.02917,6.0531],[-0.02441,6.06592],[-0.02802,6.07611],[-0.04419,6.07568],[-0.04999,6.07928],[-0.06042,6.0957],[-0.07251,6.0979],[-0.07471,6.10669],[-0.06012,6.13348],[-0.06598,6.13708],[-0.08069,6.1333],[-0.08661,6.12872],[-0.09119,6.1347],[-0.09521,6.1347],[-0.10388,6.12811],[-0.12433,6.13348],[-0.12769,6.13031],[-0.1463,6.1275],[-0.16071,6.12152],[-0.19299,6.12628],[-0.20038,6.12451],[-0.21442,6.09332],[-0.21667,6.09711],[-0.23022,6.10388],[-0.24042,6.12512],[-0.24628,6.1275],[-0.25128,6.13593],[-0.26538,6.14771],[-0.26758,6.16272],[-0.26318,6.16711],[-0.27753,6.17047],[-0.28491,6.18292],[-0.31201,6.20947],[-0.31042,6.2533],[-0.32361,6.25732],[-0.33368,6.26709],[-0.35071,6.26868],[-0.36353,6.2785],[-0.36298,6.28308],[-0.36102,6.28552],[-0.34021,6.28668],[-0.32861,6.29749],[-0.32098,6.29572],[-0.3053,6.30371],[-0.3009,6.29773],[-0.2915,6.29492],[-0.28711,6.28607],[-0.28271,6.28387],[-0.26678,6.28491],[-0.25598,6.30292],[-0.2511,6.30609],[-0.24689,6.30469],[-0.24701,6.30188],[-0.25342,6.29669],[-0.25421,6.29132],[-0.24683,6.28387],[-0.22888,6.2749],[-0.23419,6.26172],[-0.22052,6.26129],[-0.2182,6.25873],[-0.1828,6.28088],[-0.1814,6.26752],[-0.19061,6.25293],[-0.18811,6.24548],[-0.18048,6.23853],[-0.18768,6.2301],[-0.18781,6.21393],[-0.18408,6.21088],[-0.17603,6.21411],[-0.1723,6.21912],[-0.16541,6.2171],[-0.16052,6.22192],[-0.14673,6.22729],[-0.13568,6.22552],[-0.12909,6.24011]]]}},{"type":"Feature","properties":{"name":"Ablekuma Central Municipal","region":"Greater Accra","pcode":"GH0701","level":"ADM2"},"geometry":{"type":"Polygon","coordinates":[[[-0.21472,5.55872],[-0.22272,5.54968],[-0.22272,5.54291],[-0.23401,5.5423],[-0.23352,5.53668],[-0.242,5.53528],[-0.24152,5.5321],[-0.25171,5.5343],[-0.25592,5.54492],[-0.26178,5.54852],[-0.263,5.55688],[-0.25623,5.5575],[-0.2406,5.57532],[-0.21472,5.55872]]]}},{"type":"Feature","properties":{"name":"Ablekuma North Municipal","region":"Greater Accra","pcode":"GH0702","level":"ADM2"},"geometry":{"type":"Polygon","coordinates":[[[-0.21582,5.60327],[-0.21112,5.58752],[-0.21112,5.57251],[-0.21472,5.57129],[-0.21472,5.55872],[-0.2406,5.57532],[-0.25623,5.5575],[-0.27692,5.55249],[-0.27802,5.56311],[-0.27502,5.56708],[-0.28058,5.5733],[-0.28168,5.58673],[-0.26471,5.60852],[-0.25952,5.60773],[-0.25623,5.60028],[-0.24762,5.60327],[-0.24518,5.59552],[-0.2301,5.59528],[-0.21942,5.60352],[-0.21582,5.60327]]]}},{"type":"Feature","properties":{"name":"Ablekuma West Municipal","region":"Greater Accra","pcode":"GH0703","level":"ADM2"},"geometry":{"type":"Polygon","coordinates":[[[-0.22272,5.54291],[-0.22211,5.53992],[-0.21851,5.53949],[-0.22058,5.53052],[-0.2713,5.51929],[-0.27429,5.52448],[-0.27789,5.5249],[-0.27161,5.5415],[-0.27692,5.55249],[-0.26929,5.55591],[-0.263,5.55688],[-0.26178,5.54852],[-0.25592,5.54492],[-0.25531,5.53992],[-0.24841,5.53229],[-0.24152,5.5321],[-0.242,5.53528],[-0.23352,5.53668],[-0.23401,5.5423],[-0.22272,5.54291]]]}},{"type":"Feature","properties":{"name":"Accra Metropolis","region":"Greater Accra","pcode":"GH0704","level":"ADM2"},"geometry":{"type":"Polygon","coordinates":[[[-0.19702,5.54492],[-0.20563,5.54028],[-0.20892,5.53351],[-0.22058,5.53052],[-0.21851,5.53949],[-0.22211,5.53992],[-0.22388,5.54651],[-0.21472,5.55872],[-0.20398,5.55829],[-0.19702,5.54492]]]}},{"type":"Feature","properties":{"name":"Ada East","region":"Greater Accra","pcode":"GH0705","level":"ADM2"},"geometry":{"type":"Polygon","coordinates":[[[0.51331,5.98328],[0.52533,5.97791],[0.52472,5.9549],[0.5423,5.94891],[0.5517,5.92151],[0.56049,5.93988],[0.57251,5.93127],[0.57672,5.93213],[0.58649,5.92151],[0.58728,5.91431],[0.5813,5.91089],[0.57568,5.90167],[0.60168,5.88867],[0.60712,5.87732],[0.61407,5.87531],[0.61267,5.86987],[0.61548,5.86469],[0.63013,5.86749],[0.61951,5.85291],[0.6203,5.83612],[0.62268,5.83429],[0.64331,5.84052],[0.65411,5.8277],[0.65167,5.80688],[0.67871,5.79413],[0.6875,5.7771],[0.68549,5.7749],[0.67651,5.77612],[0.67969,5.77173],[0.67792,5.76929],[0.6701,5.76849],[0.4585,5.78967],[0.46228,5.79633],[0.45612,5.79993],[0.45892,5.80151],[0.45709,5.8053],[0.46552,5.80872],[0.46429,5.81989],[0.4729,5.83289],[0.4837,5.83447],[0.48969,5.83868],[0.48969,5.84308],[0.48492,5.84387],[0.4801,5.8493],[0.48413,5.85052],[0.48492,5.85809],[0.48169,5.86249],[0.48651,5.87708],[0.49768,5.88849],[0.49451,5.89392],[0.49731,5.91272],[0.49451,5.91632],[0.50269,5.93591],[0.49969,5.9389],[0.49731,5.9585],[0.50391,5.95813],[0.50708,5.96088],[0.50671,5.96527],[0.49847,5.9671],[0.49847,5.98071],[0.51331,5.98328]]]}},{"type":"Feature","properties":{"name":"Ada West","region":"Greater Accra","pcode":"GH0706","level":"ADM2"},"geometry":{"type":"Polygon","coordinates":[[[0.49231,5.9939],[0.50769,5.98853],[0.51331,5.98328],[0.49847,5.98071],[0.4975,5.97748],[0.49847,5.9671],[0.50671,5.96527],[0.50708,5.96088],[0.50391,5.95813],[0.49731,5.9585],[0.49969,5.9389],[0.50269,5.93591],[0.49451,5.91632],[0.49731,5.91272],[0.49451,5.89392],[0.49768,5.88849],[0.48651,5.87708],[0.48169,5.86249],[0.48468,5.85352],[0.48413,5.85052],[0.4801,5.8493],[0.48492,5.84387],[0.48969,5.84308],[0.48969,5.83868],[0.4837,5.83447],[0.4729,5.83289],[0.46429,5.81989],[0.46552,5.80872],[0.45709,5.8053],[0.45892,5.80151],[0.45612,5.79993],[0.46228,5.79633],[0.46112,5.7923],[0.45032,5.78888],[0.35071,5.78491],[0.3465,5.81128],[0.3479,5.8269],[0.35809,5.83173],[0.35211,5.83911],[0.35291,5.8443],[0.3465,5.85632],[0.34589,5.87207],[0.34991,5.88568],[0.33832,5.9295],[0.34448,5.95551],[0.35388,5.95532],[0.3653,5.96008],[0.39532,5.96112],[0.43573,5.97632],[0.44092,5.98309],[0.44153,5.99548],[0.45251,6.00128],[0.46753,5.99829],[0.48572,5.98993],[0.4859,5.97693],[0.49188,5.98071],[0.49011,5.98431],[0.49231,5.9939]]]}},{"type":"Feature","properties":{"name":"Adenta Municipal","region":"Greater Accra","pcode":"GH0707","level":"ADM2"},"geometry":{"type":"Polygon","coordinates":[[[-0.11511,5.69489],[-0.08081,5.6767],[-0.06519,5.66571],[-0.14038,5.63391],[-0.14368,5.64148],[-0.15161,5.64508],[-0.15198,5.6535],[-0.15558,5.65973],[-0.15161,5.65973],[-0.15161,5.68591],[-0.17133,5.68768],[-0.16901,5.7113],[-0.12811,5.79449],[-0.11829,5.78552],[-0.11871,5.77087],[-0.1239,5.75067],[-0.1228,5.74152],[-0.12842,5.72729],[-0.12421,5.71112],[-0.11511,5.69489]]]}},{"type":"Feature","properties":{"name":"Ashaiman Municipal","region":"Greater Accra","pcode":"GH0708","level":"ADM2"},"geometry":{"type":"Polygon","coordinates":[[[-0.01648,5.68549],[-0.04218,5.6781],[-0.05609,5.69751],[-0.05981,5.69672],[-0.05859,5.7005],[-0.05322,5.70093],[-0.05249,5.70428],[-0.0567,5.71051],[-0.04938,5.72229],[-0.01392,5.71808],[-0.013,5.69232],[-0.01648,5.68549]]]}},{"type":"Feature","properties":{"name":"Ayawaso Central Municipal","region":"Greater Accra","pcode":"GH0709","level":"ADM2"},"geometry":{"type":"Polygon","coordinates":[[[-0.19971,5.57507],[-0.21112,5.57251],[-0.21143,5.5769],[-0.20331,5.58807],[-0.19769,5.5827],[-0.19971,5.57507]]]}},{"type":"Feature","properties":{"name":"Ayawaso East Municipal","region":"Greater Accra","pcode":"GH0710","level":"ADM2"},"geometry":{"type":"Polygon","coordinates":[[[-0.17969,5.59808],[-0.19031,5.57208],[-0.19513,5.57568],[-0.19971,5.57507],[-0.19769,5.5827],[-0.20331,5.58807],[-0.20142,5.59949],[-0.19269,5.6073],[-0.17969,5.59808]]]}},{"type":"Feature","properties":{"name":"Ayawaso North Municipal","region":"Greater Accra","pcode":"GH0711","level":"ADM2"},"geometry":{"type":"Polygon","coordinates":[[[-0.19269,5.6073],[-0.20142,5.59949],[-0.20331,5.58807],[-0.21143,5.5769],[-0.21112,5.58752],[-0.21753,5.60632],[-0.21448,5.60712],[-0.21429,5.61133],[-0.20032,5.6123],[-0.19269,5.6073]]]}},{"type":"Feature","properties":{"name":"Ayawaso West","region":"Greater Accra","pcode":"GH0712","level":"ADM2"},"geometry":{"type":"Polygon","coordinates":[[[-0.15558,5.65973],[-0.15198,5.6535],[-0.15161,5.64508],[-0.14368,5.64148],[-0.14038,5.63391],[-0.13318,5.60553],[-0.15442,5.61591],[-0.15839,5.62207],[-0.15833,5.62769],[-0.17639,5.62311],[-0.17969,5.59808],[-0.20032,5.6123],[-0.21429,5.61133],[-0.21448,5.60712],[-0.21753,5.60632],[-0.22131,5.61072],[-0.22198,5.61548],[-0.19952,5.62048],[-0.1886,5.62653],[-0.19781,5.65912],[-0.1933,5.6673],[-0.17761,5.66571],[-0.17853,5.66071],[-0.15558,5.65973]]]}},{"type":"Feature","properties":{"name":"Ga Central Municipal","region":"Greater Accra","pcode":"GH0713","level":"ADM2"},"geometry":{"type":"Polygon","coordinates":[[[-0.26471,5.60852],[-0.28168,5.58673],[-0.28162,5.57812],[-0.28448,5.5791],[-0.28558,5.58569],[-0.2998,5.58673],[-0.30371,5.59772],[-0.3114,5.60272],[-0.32721,5.59967],[-0.33649,5.60272],[-0.33929,5.59949],[-0.34302,5.60107],[-0.34772,5.58911],[-0.3446,5.58807],[-0.35059,5.58392],[-0.35638,5.58807],[-0.35522,5.59229],[-0.36279,5.59747],[-0.3595,5.60669],[-0.3501,5.61469],[-0.34253,5.6319],[-0.3324,5.6355],[-0.32288,5.64331],[-0.31989,5.65369],[-0.31622,5.65411],[-0.30719,5.65131],[-0.297,5.63892],[-0.28473,5.6333],[-0.27771,5.63953],[-0.26892,5.6391],[-0.26221,5.6167],[-0.2655,5.61493],[-0.26471,5.60852]]]}},{"type":"Feature","properties":{"name":"Ga East","region":"Greater Accra","pcode":"GH0714","level":"ADM2"},"geometry":{"type":"Polygon","coordinates":[[[-0.18793,5.66711],[-0.1933,5.6673],[-0.20239,5.66028],[-0.20551,5.66168],[-0.2052,5.64587],[-0.21381,5.64551],[-0.22302,5.63849],[-0.22821,5.63068],[-0.2298,5.6217],[-0.24768,5.64569],[-0.27148,5.66571],[-0.25989,5.67389],[-0.26172,5.68451],[-0.25751,5.70752],[-0.24823,5.69708],[-0.24109,5.73413],[-0.22968,5.7533],[-0.22699,5.75208],[-0.22729,5.74353],[-0.224,5.74091],[-0.21802,5.75092],[-0.2135,5.75049],[-0.2038,5.75989],[-0.2019,5.78247],[-0.19421,5.7843],[-0.18201,5.79309],[-0.17761,5.78809],[-0.17719,5.7829],[-0.18121,5.7785],[-0.18323,5.75873],[-0.19318,5.75092],[-0.19171,5.73889],[-0.19788,5.73273],[-0.19971,5.7179],[-0.18988,5.69629],[-0.18939,5.68732],[-0.19452,5.68689],[-0.18793,5.66711]]]}},{"type":"Feature","properties":{"name":"Ga North Municipal","region":"Greater Accra","pcode":"GH0715","level":"ADM2"},"geometry":{"type":"Polygon","coordinates":[[[-0.2746,5.80811],[-0.26648,5.80713],[-0.26422,5.80267],[-0.25641,5.77789],[-0.24469,5.78528],[-0.2348,5.78271],[-0.23541,5.77271],[-0.24298,5.75909],[-0.22968,5.7533],[-0.24109,5.73413],[-0.24823,5.69708],[-0.25751,5.70752],[-0.26172,5.68451],[-0.25989,5.67389],[-0.27148,5.66571],[-0.24768,5.64569],[-0.23523,5.62689],[-0.24792,5.61609],[-0.25208,5.61932],[-0.2641,5.64551],[-0.27191,5.64868],[-0.29279,5.66949],[-0.30591,5.70111],[-0.31659,5.7121],[-0.32281,5.7243],[-0.34052,5.76892],[-0.34772,5.77393],[-0.3407,5.77808],[-0.33173,5.77832],[-0.32721,5.77307],[-0.30432,5.79309],[-0.2746,5.80811]]]}},{"type":"Feature","properties":{"name":"Ga South Municipal","region":"Greater Accra","pcode":"GH0716","level":"ADM2"},"geometry":{"type":"Polygon","coordinates":[[[-0.35712,5.60968],[-0.3667,5.60492],[-0.38971,5.60712],[-0.39752,5.61267],[-0.42761,5.6051],[-0.4281,5.61768],[-0.44751,5.63129],[-0.47968,5.64648],[-0.49463,5.64471],[-0.49701,5.64752],[-0.49432,5.65552],[-0.49579,5.6601],[-0.50922,5.68311],[-0.51721,5.68732],[-0.51959,5.69489],[-0.5202,5.70428],[-0.50879,5.7149],[-0.51129,5.73431],[-0.49768,5.7453],[-0.48291,5.74969],[-0.48071,5.74652],[-0.46667,5.74213],[-0.43469,5.73993],[-0.42749,5.72748],[-0.4068,5.70648],[-0.40192,5.68909],[-0.3902,5.68433],[-0.37091,5.68213],[-0.36713,5.66992],[-0.36261,5.66748],[-0.35809,5.66949],[-0.34839,5.6615],[-0.35352,5.6449],[-0.35938,5.63733],[-0.3548,5.62109],[-0.35712,5.60968]]]}},{"type":"Feature","properties":{"name":"Ga West Municipal","region":"Greater Accra","pcode":"GH0717","level":"ADM2"},"geometry":{"type":"Polygon","coordinates":[[[-0.42438,5.79413],[-0.4231,5.79053],[-0.41681,5.78729],[-0.41339,5.77252],[-0.39209,5.7583],[-0.38782,5.77032],[-0.38202,5.77612],[-0.36548,5.7627],[-0.35199,5.76727],[-0.34772,5.77393],[-0.34052,5.76892],[-0.32281,5.7243],[-0.31659,5.7121],[-0.30591,5.70111],[-0.29279,5.66949],[-0.27191,5.64868],[-0.2641,5.64551],[-0.25208,5.61932],[-0.24792,5.61609],[-0.26471,5.60852],[-0.2655,5.61493],[-0.26221,5.6167],[-0.26892,5.6391],[-0.27771,5.63953],[-0.28473,5.6333],[-0.297,5.63892],[-0.30719,5.65131],[-0.31622,5.65411],[-0.31989,5.65369],[-0.32288,5.64331],[-0.3324,5.6355],[-0.34253,5.6319],[-0.3501,5.61469],[-0.35712,5.60968],[-0.3548,5.62109],[-0.35938,5.63733],[-0.34979,5.65491],[-0.34839,5.6615],[-0.35089,5.6651],[-0.35809,5.66949],[-0.36261,5.66748],[-0.36713,5.66992],[-0.37091,5.68213],[-0.3902,5.68433],[-0.40192,5.68909],[-0.4068,5.70648],[-0.42749,5.72748],[-0.43469,5.73993],[-0.46667,5.74213],[-0.48071,5.74652],[-0.48291,5.74969],[-0.49341,5.74731],[-0.49091,5.75348],[-0.44427,5.77789],[-0.44812,5.78912],[-0.44171,5.79749],[-0.43829,5.79968],[-0.42841,5.79309],[-0.42438,5.79413]]]}},{"type":"Feature","properties":{"name":"Korle Klottey Municipal","region":"Greater Accra","pcode":"GH0718","level":"ADM2"},"geometry":{"type":"Polygon","coordinates":[[[-0.19513,5.57568],[-0.17749,5.5639],[-0.17511,5.54968],[-0.19702,5.54492],[-0.20398,5.55829],[-0.21472,5.55872],[-0.21472,5.57129],[-0.19513,5.57568]]]}},{"type":"Feature","properties":{"name":"Kpone Katamanso","region":"Greater Accra","pcode":"GH0719","level":"ADM2"},"geometry":{"type":"Polygon","coordinates":[[[-0.0611,5.8457],[-0.06598,5.83429],[-0.06982,5.83368],[-0.07129,5.82129],[-0.05829,5.7959],[-0.0484,5.78931],[-0.03882,5.77692],[-0.00122,5.74127],[0.04492,5.73029],[0.06409,5.72131],[0.07312,5.71191],[0.06409,5.6889],[0.0459,5.67548],[0.04327,5.66333],[0.03192,5.65588],[0.0293,5.66608],[0.02271,5.67212],[0.00391,5.66431],[-0.00873,5.68652],[-0.01648,5.68549],[-0.013,5.69232],[-0.01392,5.71808],[-0.04938,5.72229],[-0.0567,5.71051],[-0.05249,5.70428],[-0.05322,5.70093],[-0.07892,5.6897],[-0.07703,5.6745],[-0.11511,5.69489],[-0.12189,5.70569],[-0.12842,5.72729],[-0.1228,5.74152],[-0.1239,5.75067],[-0.11798,5.7757],[-0.11829,5.78552],[-0.12811,5.79449],[-0.1236,5.81268],[-0.12488,5.8197],[-0.13092,5.82312],[-0.1319,5.81787],[-0.13971,5.8103],[-0.14258,5.81293],[-0.14941,5.80988],[-0.1546,5.81451],[-0.151,5.83771],[-0.15289,5.8399],[-0.164,5.83868],[-0.1626,5.84229],[-0.14392,5.85492],[-0.1377,5.85132],[-0.13062,5.85272],[-0.12653,5.87488],[-0.12183,5.87988],[-0.11792,5.87531],[-0.1015,5.87091],[-0.09082,5.8645],[-0.08258,5.85809],[-0.07611,5.84747],[-0.07013,5.84448],[-0.0611,5.8457]]]}},{"type":"Feature","properties":{"name":"Krowor Municipal","region":"Greater Accra","pcode":"GH0720","level":"ADM2"},"geometry":{"type":"Polygon","coordinates":[[[-0.09338,5.5849],[-0.09723,5.58032],[-0.09802,5.58368],[-0.09353,5.58486],[-0.09412,5.58893],[-0.09052,5.5907],[-0.09119,5.59668],[-0.09961,5.60828],[-0.1001,5.61591],[-0.1062,5.62152],[-0.1073,5.62769],[-0.11682,5.63928],[-0.12781,5.64093],[-0.11719,5.64532],[-0.1142,5.6441],[-0.09039,5.62909],[-0.07501,5.62488],[-0.07202,5.6225],[-0.07312,5.6145],[-0.065,5.61493],[-0.06421,5.61072],[-0.05688,5.6109],[-0.0545,5.60809],[-0.0589,5.60687],[-0.0639,5.59888],[-0.07788,5.5885],[-0.09338,5.5849]]]}},{"type":"Feature","properties":{"name":"La Dade-Kotopon","region":"Greater Accra","pcode":"GH0721","level":"ADM2"},"geometry":{"type":"Polygon","coordinates":[[[-0.13898,5.61011],[-0.1319,5.60211],[-0.13171,5.59149],[-0.1358,5.57788],[-0.13123,5.5733],[-0.13263,5.56372],[-0.17511,5.54968],[-0.17749,5.5639],[-0.19031,5.57208],[-0.1806,5.59253],[-0.17639,5.62311],[-0.15833,5.62769],[-0.15668,5.61792],[-0.14789,5.61188],[-0.13898,5.61011]]]}},{"type":"Feature","properties":{"name":"La-Nkwantanang-Madina","region":"Greater Accra","pcode":"GH0722","level":"ADM2"},"geometry":{"type":"Polygon","coordinates":[[[-0.1236,5.81268],[-0.13141,5.78668],[-0.17102,5.7063],[-0.17133,5.68768],[-0.15161,5.68591],[-0.15161,5.65973],[-0.17853,5.66071],[-0.17761,5.66571],[-0.18793,5.66711],[-0.1908,5.67468],[-0.19452,5.68689],[-0.18939,5.68732],[-0.18988,5.69629],[-0.19971,5.7179],[-0.19788,5.73273],[-0.19171,5.73889],[-0.19318,5.75092],[-0.18323,5.75873],[-0.18121,5.7785],[-0.17719,5.7829],[-0.17761,5.78809],[-0.18201,5.79309],[-0.1723,5.80548],[-0.17188,5.81311],[-0.1546,5.81451],[-0.14941,5.80988],[-0.14258,5.81293],[-0.13971,5.8103],[-0.1319,5.81787],[-0.13092,5.82312],[-0.12488,5.8197],[-0.1236,5.81268]]]}},{"type":"Feature","properties":{"name":"Ledzokuku Municipal","region":"Greater Accra","pcode":"GH0723","level":"ADM2"},"geometry":{"type":"Polygon","coordinates":[[[-0.09341,5.58505],[-0.09802,5.58368],[-0.09723,5.58032],[-0.10321,5.57471],[-0.13263,5.56372],[-0.13123,5.5733],[-0.1358,5.57788],[-0.13171,5.59149],[-0.1319,5.60211],[-0.14038,5.63391],[-0.12781,5.64093],[-0.11682,5.63928],[-0.1001,5.61591],[-0.09961,5.60828],[-0.09119,5.59668],[-0.09341,5.58505]]]}},{"type":"Feature","properties":{"name":"Ningo/Prampram","region":"Greater Accra","pcode":"GH0724","level":"ADM2"},"geometry":{"type":"Polygon","coordinates":[[[0.3465,5.81128],[0.35071,5.78491],[0.31531,5.78113],[0.25208,5.76593],[0.23688,5.7547],[0.21869,5.74652],[0.18549,5.74353],[0.1405,5.72333],[0.12872,5.70929],[0.1225,5.7063],[0.06787,5.69489],[0.06891,5.70569],[0.07312,5.71191],[0.06732,5.71912],[0.04053,5.73187],[0.0213,5.73413],[-0.00122,5.74127],[-0.03882,5.77692],[-0.0484,5.78931],[-0.05829,5.7959],[-0.07129,5.82129],[-0.06982,5.83368],[-0.06598,5.83429],[-0.0611,5.8457],[-0.04431,5.83771],[-0.03009,5.83472],[-0.01941,5.83612],[-0.01721,5.82892],[0.00787,5.82129],[0.04327,5.82233],[0.07251,5.82812],[0.07672,5.83508],[0.08649,5.83929],[0.09613,5.85071],[0.11853,5.83331],[0.12073,5.83691],[0.13409,5.83868],[0.17407,5.85669],[0.20331,5.8833],[0.2215,5.91388],[0.23853,5.92908],[0.34088,5.93573],[0.33832,5.9295],[0.34009,5.91791],[0.34991,5.88568],[0.34589,5.87207],[0.3465,5.85632],[0.35291,5.8443],[0.35211,5.83911],[0.35809,5.83173],[0.3479,5.8269],[0.3465,5.81128]]]}},{"type":"Feature","properties":{"name":"Okaikwei North Municipal","region":"Greater Accra","pcode":"GH0725","level":"ADM2"},"geometry":{"type":"Polygon","coordinates":[[[-0.22198,5.61548],[-0.21582,5.60327],[-0.21942,5.60352],[-0.2301,5.59528],[-0.23761,5.59509],[-0.24518,5.59552],[-0.24762,5.60327],[-0.25623,5.60028],[-0.25952,5.60773],[-0.26471,5.60852],[-0.24792,5.61609],[-0.23523,5.62689],[-0.2298,5.6217],[-0.22821,5.63068],[-0.22302,5.63849],[-0.21381,5.64551],[-0.2052,5.64587],[-0.20551,5.66168],[-0.20239,5.66028],[-0.19678,5.66449],[-0.1958,5.64569],[-0.1886,5.62653],[-0.19952,5.62048],[-0.22198,5.61548]]]}},{"type":"Feature","properties":{"name":"Shai Osudoku","region":"Greater Accra","pcode":"GH0726","level":"ADM2"},"geometry":{"type":"Polygon","coordinates":[[[0.35309,5.9859],[0.34088,5.93573],[0.23853,5.92908],[0.2215,5.91388],[0.20331,5.8833],[0.17407,5.85669],[0.13409,5.83868],[0.12073,5.83691],[0.11853,5.83331],[0.09613,5.85071],[0.08649,5.83929],[0.07672,5.83508],[0.07251,5.82812],[0.04327,5.82233],[0.00293,5.82208],[-0.00421,5.82648],[-0.01721,5.82892],[-0.01941,5.83612],[-0.03009,5.83472],[-0.04431,5.83771],[-0.0611,5.8457],[-0.07318,5.84589],[-0.09082,5.8645],[-0.1015,5.87091],[-0.11792,5.87531],[-0.12183,5.87988],[-0.09552,5.90131],[-0.0835,5.90729],[-0.06091,5.93311],[-0.04089,5.94409],[-0.00629,5.97131],[-0.00458,5.98572],[-0.00812,5.99353],[-0.01361,5.9967],[-0.01361,6.00128],[-0.00958,6.00909],[-0.00061,6.00787],[0.0061,6.01312],[0.00891,6.02411],[0.01813,6.03967],[0.0191,6.06189],[0.03931,6.04871],[0.06268,6.05969],[0.0899,6.06311],[0.10229,6.07629],[0.11871,6.08392],[0.14313,6.10089],[0.14648,6.10931],[0.19031,6.09692],[0.23468,6.10968],[0.24792,6.10571],[0.28491,6.08069],[0.2901,6.06311],[0.29712,6.05652],[0.32111,6.0531],[0.33752,6.0473],[0.33209,6.03491],[0.34772,6.02228],[0.34052,6.01929],[0.33191,6.00708],[0.33148,5.99487],[0.35309,5.9859]]]}},{"type":"Feature","properties":{"name":"Tema Metropolitan","region":"Greater Accra","pcode":"GH0727","level":"ADM2"},"geometry":{"type":"Polygon","coordinates":[[[0.03192,5.65588],[0.0271,5.64587],[0.01727,5.64227],[0.00531,5.62549],[-0.02551,5.61407],[-0.04639,5.61047],[-0.0451,5.63867],[-0.03271,5.65369],[-0.03241,5.6795],[-0.00873,5.68652],[0.00391,5.66431],[0.02271,5.67212],[0.0293,5.66608],[0.03192,5.65588]]]}},{"type":"Feature","properties":{"name":"Tema West Municipal","region":"Greater Accra","pcode":"GH0728","level":"ADM2"},"geometry":{"type":"Polygon","coordinates":[[[-0.03241,5.6795],[-0.03271,5.65369],[-0.0451,5.63867],[-0.04639,5.61047],[-0.0545,5.60809],[-0.05688,5.6109],[-0.06421,5.61072],[-0.065,5.61493],[-0.07312,5.6145],[-0.07202,5.6225],[-0.07501,5.62488],[-0.09039,5.62909],[-0.11719,5.64532],[-0.06519,5.66571],[-0.07703,5.6745],[-0.07892,5.6897],[-0.07361,5.69373],[-0.05609,5.69751],[-0.04218,5.6781],[-0.03241,5.6795]]]}},{"type":"Feature","properties":{"name":"Weija Gbawe Municipal","region":"Greater Accra","pcode":"GH0729","level":"ADM2"},"geometry":{"type":"Polygon","coordinates":[[[-0.3595,5.60669],[-0.36279,5.59747],[-0.35522,5.59229],[-0.35638,5.58807],[-0.35059,5.58392],[-0.3446,5.58807],[-0.34772,5.58911],[-0.34302,5.60107],[-0.33929,5.59949],[-0.33649,5.60272],[-0.32721,5.59967],[-0.3114,5.60272],[-0.30371,5.59772],[-0.2998,5.58673],[-0.28558,5.58569],[-0.28448,5.5791],[-0.27502,5.56708],[-0.27808,5.55988],[-0.27161,5.5415],[-0.27789,5.5249],[-0.27429,5.52448],[-0.2713,5.51929],[-0.3584,5.49768],[-0.40588,5.46973],[-0.40558,5.47949],[-0.40112,5.48633],[-0.40411,5.50787],[-0.4054,5.51453],[-0.4126,5.52429],[-0.41541,5.5379],[-0.41028,5.55652],[-0.40082,5.56689],[-0.40778,5.58032],[-0.42761,5.6051],[-0.39752,5.61267],[-0.38971,5.60712],[-0.3667,5.60492],[-0.3595,5.60669]]]}},{"type":"Feature","properties":{"name":"Bunkpurugu Nakpanduri","region":"North East","pcode":"GH0901","level":"ADM2"},"geometry":{"type":"Polygon","coordinates":[[[0.18927,10.41687],[0.19812,10.38708],[0.19067,10.38733],[0.18671,10.3811],[0.17169,10.37811],[0.16772,10.37311],[0.1593,10.37231],[0.15613,10.36652],[0.15887,10.35889],[0.15588,10.35632],[0.14893,10.35669],[0.14288,10.34888],[0.13068,10.34772],[0.11987,10.34052],[0.11591,10.34131],[0.10449,10.32288],[0.08508,10.30951],[0.06989,10.30627],[0.05627,10.30731],[0.04828,10.33929],[0.0647,10.36108],[0.06952,10.38312],[0.04572,10.40527],[0.04053,10.40613],[0.04309,10.42828],[0.03351,10.46368],[0.02472,10.47028],[0.01392,10.48767],[-0.01929,10.50189],[-0.05548,10.50671],[-0.11969,10.52307],[-0.14398,10.52588],[-0.1676,10.5379],[-0.21942,10.52533],[-0.22211,10.53668],[-0.21973,10.54828],[-0.20599,10.56049],[-0.20172,10.56049],[-0.19049,10.57629],[-0.19458,10.58209],[-0.21198,10.58673],[-0.22931,10.60028],[-0.24341,10.6441],[-0.23059,10.65509],[-0.20459,10.65833],[-0.18341,10.66949],[-0.1778,10.66809],[-0.17493,10.67072],[-0.15179,10.67291],[-0.13861,10.68268],[-0.12292,10.68671],[-0.11218,10.69427],[-0.10809,10.70148],[-0.09088,10.71033],[-0.07831,10.69067],[-0.05981,10.6333],[-0.02191,10.62469],[-0.01038,10.61627],[0.0415,10.60107],[0.04291,10.59509],[0.0553,10.58429],[0.06049,10.56207],[0.11768,10.54132],[0.12793,10.53009],[0.14313,10.52588],[0.15112,10.48871],[0.15887,10.47449],[0.15649,10.46307],[0.16449,10.45428],[0.17108,10.45172],[0.17188,10.44788],[0.1673,10.44153],[0.16992,10.42987],[0.18927,10.41687]]]}},{"type":"Feature","properties":{"name":"Chereponi","region":"North East","pcode":"GH0902","level":"ADM2"},"geometry":{"type":"Polygon","coordinates":[[[0.21692,10.4259],[0.23572,10.41309],[0.23749,10.41553],[0.24408,10.41528],[0.25092,10.40948],[0.25873,10.40912],[0.26788,10.4115],[0.26788,10.41571],[0.27252,10.4201],[0.2851,10.42133],[0.29028,10.40948],[0.29828,10.40887],[0.30011,10.39392],[0.29108,10.3761],[0.30267,10.37012],[0.3067,10.37109],[0.31232,10.3645],[0.31567,10.33832],[0.31873,10.3349],[0.32709,10.3399],[0.33368,10.33569],[0.33649,10.32892],[0.33691,10.32471],[0.3233,10.31927],[0.32251,10.3147],[0.31708,10.31073],[0.32507,10.30713],[0.3327,10.31128],[0.34772,10.30792],[0.35431,10.31329],[0.36713,10.31091],[0.38788,10.31592],[0.3963,10.31348],[0.39771,10.30951],[0.39752,10.30573],[0.38812,10.30371],[0.37927,10.29431],[0.37689,10.28772],[0.36969,10.28473],[0.38129,10.27533],[0.37311,10.26709],[0.36267,10.26331],[0.36072,10.22052],[0.35553,10.21448],[0.35571,10.20251],[0.35107,10.1911],[0.35309,10.18091],[0.35071,10.16711],[0.36292,10.14172],[0.35211,10.10852],[0.35553,10.09192],[0.36548,10.08533],[0.39447,10.08087],[0.41589,10.06171],[0.4173,10.05768],[0.41272,10.04291],[0.41388,10.0329],[0.41107,10.02271],[0.40253,10.02051],[0.39172,10.02667],[0.37451,10.02771],[0.36432,10.0343],[0.36072,10.03052],[0.36389,10.01251],[0.35712,9.99652],[0.3595,9.98608],[0.3689,9.96552],[0.38611,9.9483],[0.38629,9.93927],[0.37708,9.93488],[0.3645,9.93213],[0.3623,9.94012],[0.34912,9.94849],[0.34772,9.9397],[0.32648,9.94348],[0.3241,9.9469],[0.32428,9.96191],[0.30908,9.96191],[0.30627,9.97369],[0.30267,9.9765],[0.27509,9.97272],[0.26233,9.96112],[0.25812,9.96332],[0.23529,9.95752],[0.2265,9.96069],[0.20532,9.96088],[0.1889,9.96729],[0.1897,9.97491],[0.18451,9.97852],[0.15491,9.98529],[0.13049,9.95929],[0.12891,9.97009],[0.12549,9.97131],[0.11371,9.97192],[0.10669,9.96771],[0.10168,9.97229],[0.0979,9.97211],[0.08588,9.96649],[0.0705,9.96613],[0.07172,9.97571],[0.06268,9.99573],[0.06348,9.9989],[0.0705,10.00171],[0.08228,9.99872],[0.1087,10.00531],[0.11908,10.01709],[0.12408,10.02972],[0.12408,10.03912],[0.11951,10.04633],[0.11328,10.0733],[0.11749,10.08411],[0.10651,10.11932],[0.11047,10.1297],[0.0979,10.13849],[0.09113,10.15088],[0.08112,10.15729],[0.0719,10.17169],[0.06549,10.1723],[0.06152,10.17987],[0.06592,10.20032],[0.0755,10.20428],[0.0835,10.21307],[0.07672,10.2265],[0.0813,10.23651],[0.09052,10.24408],[0.09009,10.24933],[0.08228,10.25592],[0.0777,10.28729],[0.07391,10.2937],[0.0589,10.29431],[0.05627,10.30731],[0.06989,10.30627],[0.08508,10.30951],[0.10449,10.32288],[0.11591,10.34131],[0.11987,10.34052],[0.13068,10.34772],[0.14288,10.34888],[0.14893,10.35669],[0.15588,10.35632],[0.15887,10.35889],[0.15613,10.36652],[0.1593,10.37231],[0.16772,10.37311],[0.17169,10.37811],[0.18671,10.3811],[0.19067,10.38733],[0.19812,10.38708],[0.19391,10.40308],[0.2077,10.40631],[0.20569,10.41748],[0.2099,10.41791],[0.21692,10.4259]]]}},{"type":"Feature","properties":{"name":"East Mamprusi","region":"North East","pcode":"GH0903","level":"ADM2"},"geometry":{"type":"Polygon","coordinates":[[[-0.21942,10.52533],[-0.22089,10.5069],[-0.21338,10.4953],[-0.2146,10.48413],[-0.21228,10.48187],[-0.21588,10.46448],[-0.21161,10.45209],[-0.21259,10.43768],[-0.19659,10.41553],[-0.18622,10.40833],[-0.18011,10.39209],[-0.18311,10.38251],[-0.17889,10.37512],[-0.17542,10.37708],[-0.16559,10.3667],[-0.15161,10.36188],[-0.14392,10.35553],[-0.09662,10.34027],[-0.08661,10.34149],[-0.07538,10.35352],[-0.05511,10.36292],[-0.0484,10.36072],[-0.04431,10.35571],[-0.03448,10.35608],[-0.01978,10.3479],[-0.01062,10.34912],[-0.00513,10.3335],[-0.00812,10.32971],[-0.0188,10.32831],[-0.02612,10.31812],[-0.0282,10.30811],[-0.0293,10.28729],[-0.02509,10.27332],[-0.07233,10.2951],[-0.0882,10.2951],[-0.08649,10.28967],[-0.09448,10.27032],[-0.11963,10.28833],[-0.14832,10.29449],[-0.15491,10.29272],[-0.16699,10.28192],[-0.1933,10.27667],[-0.20312,10.26672],[-0.23907,10.28729],[-0.25598,10.28491],[-0.2616,10.27869],[-0.26782,10.27692],[-0.28339,10.28229],[-0.29651,10.29132],[-0.31018,10.29089],[-0.35199,10.27509],[-0.3587,10.26233],[-0.37231,10.27612],[-0.38501,10.29712],[-0.42749,10.30188],[-0.43781,10.29932],[-0.45453,10.3017],[-0.48151,10.32629],[-0.49658,10.32428],[-0.50293,10.31891],[-0.50568,10.30847],[-0.5094,10.3111],[-0.5116,10.31848],[-0.52148,10.3269],[-0.53491,10.3241],[-0.5517,10.33588],[-0.58868,10.34711],[-0.5954,10.37329],[-0.61511,10.39648],[-0.6134,10.4115],[-0.61731,10.4209],[-0.65948,10.41772],[-0.65631,10.44232],[-0.6507,10.45831],[-0.65369,10.47052],[-0.67041,10.48108],[-0.66272,10.50189],[-0.66718,10.52588],[-0.65308,10.5495],[-0.64008,10.55573],[-0.62958,10.55292],[-0.61823,10.55548],[-0.59558,10.54669],[-0.58228,10.54852],[-0.57751,10.55072],[-0.56488,10.56708],[-0.55438,10.57172],[-0.52643,10.55811],[-0.51532,10.56128],[-0.50842,10.56769],[-0.50531,10.60089],[-0.50702,10.60748],[-0.50159,10.62048],[-0.49609,10.62433],[-0.46912,10.61829],[-0.45239,10.60168],[-0.44312,10.59991],[-0.39691,10.60809],[-0.36511,10.62531],[-0.35541,10.62549],[-0.34741,10.61932],[-0.33868,10.62012],[-0.33289,10.62433],[-0.31219,10.62292],[-0.30011,10.63312],[-0.2912,10.63647],[-0.28491,10.63531],[-0.2785,10.6391],[-0.26038,10.63232],[-0.25769,10.63831],[-0.24341,10.6441],[-0.22931,10.60028],[-0.21198,10.58673],[-0.19458,10.58209],[-0.19049,10.57629],[-0.20172,10.56049],[-0.20599,10.56049],[-0.21973,10.54828],[-0.22211,10.53668],[-0.21942,10.52533]]]}},{"type":"Feature","properties":{"name":"Mamprugu Moagduri","region":"North East","pcode":"GH0904","level":"ADM2"},"geometry":{"type":"Polygon","coordinates":[[[-1.0708,10.49109],[-1.07281,10.47131],[-1.06238,10.46869],[-1.06018,10.46252],[-1.06421,10.45148],[-1.07428,10.44373],[-1.08173,10.44513],[-1.08228,10.43488],[-1.07751,10.4295],[-1.08051,10.42029],[-1.0705,10.41351],[-1.06769,10.40808],[-1.06622,10.3797],[-1.06281,10.38251],[-1.05792,10.38153],[-1.05298,10.37451],[-1.05481,10.36133],[-1.0686,10.3493],[-1.08301,10.34851],[-1.08698,10.33691],[-1.08319,10.33173],[-1.06378,10.32629],[-1.06311,10.3125],[-1.06018,10.30908],[-1.0401,10.30933],[-1.02551,10.30011],[-1.02399,10.29712],[-1.02631,10.2937],[-1.03119,10.29248],[-1.04718,10.29651],[-1.0473,10.28491],[-1.0321,10.26868],[-1.00958,10.26288],[-1.01562,10.24768],[-1.0105,10.23871],[-1.0094,10.22888],[-1.01361,10.22247],[-1.02631,10.2215],[-1.02863,10.20691],[-1.02319,10.20471],[-1.01813,10.21332],[-1.01361,10.21393],[-1.0094,10.20068],[-1.00458,10.19849],[-1.01062,10.1925],[-1.0285,10.18433],[-1.04401,10.1875],[-1.04712,10.1853],[-1.05182,10.17651],[-1.05188,10.16669],[-1.05719,10.15833],[-1.07971,10.17731],[-1.09448,10.18451],[-1.1109,10.18652],[-1.12341,10.1507],[-1.13129,10.1413],[-1.12201,10.13031],[-1.12622,10.11548],[-1.13068,10.11267],[-1.13959,10.11792],[-1.14441,10.11688],[-1.20941,10.08893],[-1.22662,10.06531],[-1.23932,10.03967],[-1.23718,10.02692],[-1.2403,10.02612],[-1.25751,10.03552],[-1.27618,10.03168],[-1.27972,10.03809],[-1.28711,10.03668],[-1.30157,10.04968],[-1.30762,10.0575],[-1.3092,10.06488],[-1.32141,10.06592],[-1.3559,10.08051],[-1.37219,10.09491],[-1.38361,10.09027],[-1.40369,10.09351],[-1.41193,10.08948],[-1.4375,10.10309],[-1.46692,10.1037],[-1.49683,10.09009],[-1.50311,10.08447],[-1.50677,10.08313],[-1.51709,10.0863],[-1.52448,10.08331],[-1.53241,10.07391],[-1.54602,10.07068],[-1.54858,10.07269],[-1.5517,10.09332],[-1.55731,10.09729],[-1.56018,10.09113],[-1.57831,10.08911],[-1.58228,10.08148],[-1.58801,10.07831],[-1.58789,10.10071],[-1.59473,10.10669],[-1.59351,10.11432],[-1.60071,10.13287],[-1.62201,10.13428],[-1.63531,10.15289],[-1.65479,10.16211],[-1.66479,10.17432],[-1.6604,10.17853],[-1.66248,10.18652],[-1.65131,10.2005],[-1.64691,10.21649],[-1.61981,10.26868],[-1.57031,10.35553],[-1.51782,10.40588],[-1.47461,10.43372],[-1.46759,10.4433],[-1.45111,10.45367],[-1.44562,10.4613],[-1.43341,10.4671],[-1.42908,10.46411],[-1.41779,10.46771],[-1.40552,10.48273],[-1.40161,10.4845],[-1.37708,10.46631],[-1.37421,10.45868],[-1.37878,10.45673],[-1.37769,10.45288],[-1.36261,10.43591],[-1.3645,10.42987],[-1.3714,10.42651],[-1.36407,10.4209],[-1.36621,10.41528],[-1.3736,10.4057],[-1.38428,10.40472],[-1.37921,10.3891],[-1.37323,10.38208],[-1.3512,10.37347],[-1.34491,10.36432],[-1.3446,10.35107],[-1.34778,10.34833],[-1.3418,10.34387],[-1.33911,10.34711],[-1.3349,10.34668],[-1.32452,10.33929],[-1.3255,10.33252],[-1.29602,10.32471],[-1.2915,10.32611],[-1.28522,10.32233],[-1.27271,10.32208],[-1.27283,10.32568],[-1.26959,10.32593],[-1.27118,10.31549],[-1.26923,10.31152],[-1.25531,10.30029],[-1.2569,10.29053],[-1.2536,10.27808],[-1.24579,10.28149],[-1.242,10.28009],[-1.2403,10.28528],[-1.23163,10.28552],[-1.22888,10.28851],[-1.23138,10.29187],[-1.22308,10.29608],[-1.22321,10.30328],[-1.21759,10.30829],[-1.21112,10.3241],[-1.21399,10.3443],[-1.23212,10.36713],[-1.2345,10.37988],[-1.23199,10.38708],[-1.16559,10.41272],[-1.13239,10.45892],[-1.12299,10.46631],[-1.0965,10.48328],[-1.0708,10.49109]]]}},{"type":"Feature","properties":{"name":"West Mamprusi Municipal","region":"North East","pcode":"GH0905","level":"ADM2"},"geometry":{"type":"Polygon","coordinates":[[[-0.66718,10.52588],[-0.66272,10.50189],[-0.67041,10.48108],[-0.65369,10.47052],[-0.6507,10.45831],[-0.65631,10.44232],[-0.65948,10.41772],[-0.61731,10.4209],[-0.6134,10.4115],[-0.61511,10.39648],[-0.5954,10.37329],[-0.58868,10.34711],[-0.5517,10.33588],[-0.53491,10.3241],[-0.52148,10.3269],[-0.5116,10.31848],[-0.50421,10.30432],[-0.505,10.29272],[-0.49792,10.27972],[-0.49908,10.27087],[-0.50372,10.27032],[-0.50513,10.26648],[-0.50171,10.25928],[-0.5094,10.25568],[-0.5097,10.25067],[-0.4989,10.24048],[-0.49902,10.23749],[-0.50299,10.2403],[-0.50958,10.23712],[-0.51251,10.24268],[-0.5152,10.2417],[-0.51532,10.24689],[-0.51929,10.24591],[-0.52191,10.23529],[-0.53119,10.2511],[-0.53412,10.26593],[-0.54059,10.26111],[-0.54651,10.24707],[-0.54688,10.2373],[-0.5415,10.2323],[-0.54108,10.22571],[-0.54761,10.21051],[-0.55823,10.19733],[-0.58191,10.17651],[-0.5899,10.17273],[-0.59912,10.16028],[-0.6239,10.16492],[-0.62659,10.16748],[-0.62482,10.17133],[-0.63171,10.1759],[-0.6333,10.18311],[-0.64252,10.18951],[-0.6463,10.18927],[-0.65009,10.18152],[-0.65308,10.18268],[-0.65271,10.19189],[-0.6579,10.19208],[-0.66821,10.17969],[-0.68121,10.18109],[-0.68341,10.1889],[-0.68622,10.18408],[-0.69049,10.18292],[-0.69281,10.18707],[-0.70428,10.17828],[-0.70929,10.17749],[-0.7132,10.18292],[-0.71808,10.1767],[-0.71338,10.17548],[-0.71259,10.16388],[-0.72083,10.16852],[-0.73358,10.1701],[-0.73669,10.16772],[-0.73248,10.1615],[-0.7442,10.16687],[-0.7475,10.16553],[-0.74878,10.16052],[-0.75763,10.16052],[-0.76349,10.16431],[-0.77258,10.15527],[-0.7804,10.15509],[-0.7807,10.1449],[-0.78351,10.14227],[-0.78491,10.14972],[-0.78821,10.15167],[-0.79401,10.14569],[-0.80188,10.15613],[-0.8053,10.15369],[-0.81781,10.12689],[-0.82123,10.12549],[-0.82031,10.11932],[-0.83649,10.12189],[-0.83771,10.13153],[-0.85291,10.12891],[-0.85553,10.12567],[-0.8493,10.11853],[-0.84949,10.11469],[-0.8559,10.11212],[-0.85822,10.10388],[-0.86829,10.09528],[-0.85968,10.0885],[-0.85889,10.08411],[-0.86871,10.07751],[-0.86963,10.07373],[-0.86688,10.06348],[-0.86359,10.06152],[-0.8642,10.05688],[-0.87048,10.05487],[-0.88129,10.05933],[-0.88251,10.05011],[-0.88861,10.05151],[-0.89069,10.0481],[-0.8866,10.03589],[-0.89502,10.03351],[-0.89673,10.02087],[-0.90509,10.02472],[-0.90942,10.02368],[-0.9115,10.01147],[-0.91541,10.01031],[-0.91821,10.01312],[-0.92187,10.00189],[-0.9256,10.0025],[-0.93213,10.01093],[-0.93689,10.01147],[-0.94,10.0097],[-0.94232,9.99811],[-0.94061,9.98993],[-0.95428,9.99292],[-0.96161,9.99109],[-0.97241,9.96527],[-0.97052,9.95789],[-0.97382,9.95691],[-0.98273,9.96289],[-0.98492,9.9519],[-0.98169,9.94513],[-0.99152,9.9455],[-0.99091,9.9519],[-1.00232,9.96729],[-0.99908,9.97449],[-0.9881,9.98291],[-0.9906,9.99268],[-0.98798,9.99731],[-0.98907,10.00348],[-1.00281,10.01208],[-1.00281,10.01868],[-1.01251,10.0285],[-1.01489,10.04108],[-1.02661,10.06348],[-1.02441,10.07391],[-1.01208,10.07751],[-1.01031,10.08087],[-1.01221,10.09308],[-1.01862,10.09991],[-1.03131,10.09808],[-1.06909,10.10608],[-1.06122,10.11249],[-1.06219,10.11987],[-1.08588,10.12152],[-1.09271,10.12708],[-1.09351,10.1377],[-1.08838,10.1499],[-1.07953,10.15668],[-1.0636,10.15527],[-1.05719,10.15833],[-1.05188,10.16669],[-1.05182,10.17651],[-1.04712,10.1853],[-1.04401,10.1875],[-1.0285,10.18433],[-1.01062,10.1925],[-1.00458,10.19849],[-1.0094,10.20068],[-1.01361,10.21393],[-1.01813,10.21332],[-1.02319,10.20471],[-1.02863,10.20691],[-1.02631,10.2215],[-1.01361,10.22247],[-1.0094,10.22888],[-1.0105,10.23871],[-1.01562,10.24768],[-1.00958,10.26288],[-1.0321,10.26868],[-1.0473,10.28491],[-1.04718,10.29651],[-1.03119,10.29248],[-1.02631,10.2937],[-1.02399,10.29712],[-1.02551,10.30011],[-1.0401,10.30933],[-1.06018,10.30908],[-1.06311,10.3125],[-1.06378,10.32629],[-1.08319,10.33173],[-1.08698,10.33691],[-1.08301,10.34851],[-1.0686,10.3493],[-1.05481,10.36133],[-1.05298,10.37451],[-1.05792,10.38153],[-1.06281,10.38251],[-1.06622,10.3797],[-1.06769,10.40808],[-1.0705,10.41351],[-1.08051,10.42029],[-1.07751,10.4295],[-1.08228,10.43488],[-1.08173,10.44513],[-1.07428,10.44373],[-1.06421,10.45148],[-1.06018,10.46252],[-1.06238,10.46869],[-1.07281,10.47131],[-1.0708,10.49109],[-1.06549,10.49792],[-1.05688,10.49811],[-1.0528,10.50171],[-1.0498,10.5105],[-1.03058,10.52893],[-1.00842,10.53809],[-0.97931,10.53229],[-0.96698,10.53693],[-0.9585,10.52893],[-0.94849,10.53369],[-0.9306,10.52472],[-0.91681,10.52808],[-0.91101,10.52631],[-0.90887,10.5191],[-0.91992,10.50171],[-0.93481,10.4859],[-0.93231,10.48071],[-0.9234,10.4823],[-0.91199,10.4989],[-0.8916,10.51788],[-0.90851,10.5611],[-0.90918,10.57593],[-0.87482,10.59473],[-0.86108,10.59167],[-0.85492,10.58173],[-0.84229,10.57629],[-0.83838,10.60052],[-0.82397,10.60089],[-0.79791,10.61969],[-0.7959,10.62347],[-0.79687,10.64532],[-0.79382,10.65088],[-0.78882,10.65253],[-0.77301,10.65051],[-0.76508,10.64349],[-0.7547,10.6405],[-0.74683,10.64587],[-0.72748,10.65167],[-0.72272,10.6507],[-0.71191,10.64111],[-0.7063,10.62073],[-0.71222,10.61548],[-0.71838,10.6145],[-0.71881,10.60809],[-0.71368,10.60071],[-0.70349,10.59692],[-0.6936,10.5885],[-0.68628,10.56549],[-0.70508,10.54413],[-0.71472,10.53772],[-0.71558,10.52991],[-0.7085,10.5235],[-0.70453,10.52393],[-0.70111,10.5343],[-0.69019,10.54272],[-0.68732,10.54108],[-0.68359,10.52832],[-0.66718,10.52588]]]}},{"type":"Feature","properties":{"name":"Yunyoo-Nasuan","region":"North East","pcode":"GH0906","level":"ADM2"},"geometry":{"type":"Polygon","coordinates":[[[0.0495,10.34253],[0.03351,10.3363],[0.02991,10.33789],[0.02393,10.33289],[-0.00812,10.32971],[-0.00519,10.33752],[-0.01062,10.34912],[-0.01978,10.3479],[-0.03448,10.35608],[-0.04431,10.35571],[-0.0484,10.36072],[-0.05511,10.36292],[-0.07538,10.35352],[-0.08661,10.34149],[-0.09662,10.34027],[-0.14392,10.35553],[-0.15161,10.36188],[-0.16559,10.3667],[-0.17542,10.37708],[-0.17889,10.37512],[-0.18311,10.38251],[-0.18011,10.39209],[-0.18622,10.40833],[-0.19659,10.41553],[-0.21259,10.43768],[-0.21161,10.45209],[-0.21588,10.46448],[-0.21228,10.48187],[-0.2146,10.48413],[-0.21338,10.4953],[-0.22089,10.5069],[-0.21942,10.52533],[-0.1676,10.5379],[-0.14398,10.52588],[-0.11969,10.52307],[-0.05548,10.50671],[-0.01929,10.50189],[0.01392,10.48767],[0.02472,10.47028],[0.03351,10.46368],[0.04309,10.42828],[0.04053,10.40613],[0.04572,10.40527],[0.06952,10.38312],[0.0647,10.36108],[0.0495,10.34253]]]}},{"type":"Feature","properties":{"name":"Gushegu","region":"Northern","pcode":"GH0801","level":"ADM2"},"geometry":{"type":"Polygon","coordinates":[[[0.04828,10.33929],[0.0589,10.29431],[0.07391,10.2937],[0.0777,10.28729],[0.08228,10.25592],[0.09009,10.24933],[0.09052,10.24408],[0.0813,10.23651],[0.07672,10.2265],[0.0835,10.21307],[0.0755,10.20428],[0.06592,10.20032],[0.06152,10.17987],[0.06549,10.1723],[0.0719,10.17169],[0.08112,10.15729],[0.09113,10.15088],[0.0979,10.13849],[0.11047,10.1297],[0.10651,10.11932],[0.11749,10.08411],[0.11328,10.0733],[0.11951,10.04633],[0.12408,10.03912],[0.12408,10.02972],[0.11713,10.01349],[0.1087,10.00531],[0.08228,9.99872],[0.0705,10.00171],[0.06348,9.9989],[0.06268,9.99573],[0.07172,9.97571],[0.0705,9.96613],[0.06091,9.96692],[0.04468,9.95673],[0.02551,9.9505],[0.0249,9.93591],[0.02289,9.93127],[0.01611,9.92712],[0.01251,9.9173],[0.0155,9.9043],[0.0061,9.89832],[0.0025,9.88409],[-0.00452,9.87549],[-0.00269,9.86969],[-0.01312,9.86688],[-0.0191,9.86108],[-0.01831,9.84027],[-0.02191,9.83331],[-0.00879,9.82813],[0.00452,9.8147],[-0.0238,9.80133],[-0.04169,9.80151],[-0.04962,9.79071],[-0.05499,9.78967],[-0.06989,9.79272],[-0.0824,9.79071],[-0.09558,9.79572],[-0.11121,9.79468],[-0.11542,9.79028],[-0.11731,9.77411],[-0.1178,9.76471],[-0.11188,9.75488],[-0.11499,9.7525],[-0.14508,9.74487],[-0.1601,9.75092],[-0.17938,9.75348],[-0.17712,9.74908],[-0.18109,9.73792],[-0.1745,9.72809],[-0.17749,9.72632],[-0.2301,9.7179],[-0.24622,9.72089],[-0.26178,9.69989],[-0.2572,9.67371],[-0.26501,9.66571],[-0.26599,9.64948],[-0.27411,9.63849],[-0.27972,9.62451],[-0.26892,9.59271],[-0.2937,9.5799],[-0.31909,9.58411],[-0.32782,9.58148],[-0.35852,9.54907],[-0.36951,9.54669],[-0.40271,9.53131],[-0.41052,9.52173],[-0.41211,9.50787],[-0.45782,9.50629],[-0.47131,9.51727],[-0.48138,9.51611],[-0.4967,9.50488],[-0.50519,9.50568],[-0.5058,9.50952],[-0.49878,9.51691],[-0.50049,9.54431],[-0.508,9.55627],[-0.50812,9.56372],[-0.50513,9.57129],[-0.4856,9.59613],[-0.50189,9.6261],[-0.49298,9.63629],[-0.47742,9.66467],[-0.47772,9.68213],[-0.47382,9.69373],[-0.4834,9.7215],[-0.47693,9.73688],[-0.46912,9.74249],[-0.46881,9.7533],[-0.45892,9.77771],[-0.47089,9.77893],[-0.4801,9.78387],[-0.49011,9.78351],[-0.49512,9.79291],[-0.49469,9.80292],[-0.4798,9.82312],[-0.4729,9.82147],[-0.4679,9.82452],[-0.45709,9.82147],[-0.44629,9.82428],[-0.4364,9.81927],[-0.42743,9.81909],[-0.42187,9.81329],[-0.40381,9.81488],[-0.39868,9.8233],[-0.3866,9.82892],[-0.37762,9.82953],[-0.36658,9.84351],[-0.35303,9.84589],[-0.34552,9.85571],[-0.3009,9.88269],[-0.30188,9.91791],[-0.3114,9.93329],[-0.3031,9.94427],[-0.28149,9.9549],[-0.27301,9.98273],[-0.2749,9.98688],[-0.28271,9.99091],[-0.28821,10.00293],[-0.29089,10.04132],[-0.30151,10.04993],[-0.30078,10.05353],[-0.28711,10.0603],[-0.26892,10.05811],[-0.24939,10.07471],[-0.23383,10.08051],[-0.24121,10.11011],[-0.24683,10.11688],[-0.23218,10.11292],[-0.22498,10.10669],[-0.2074,10.10492],[-0.19122,10.08551],[-0.18213,10.08228],[-0.17322,10.07172],[-0.1651,10.07373],[-0.16168,10.07751],[-0.14441,10.07849],[-0.1366,10.08691],[-0.13672,10.10553],[-0.15051,10.13953],[-0.15991,10.1405],[-0.17322,10.15851],[-0.17908,10.16248],[-0.14673,10.19928],[-0.14471,10.20551],[-0.13922,10.20868],[-0.14148,10.22211],[-0.13971,10.22772],[-0.11481,10.24292],[-0.12811,10.26392],[-0.12988,10.2757],[-0.12769,10.29053],[-0.11578,10.2865],[-0.09448,10.27032],[-0.08649,10.28967],[-0.0882,10.2951],[-0.07233,10.2951],[-0.02509,10.27332],[-0.0293,10.28729],[-0.0282,10.30811],[-0.02612,10.31812],[-0.0188,10.32831],[0.02393,10.33289],[0.02991,10.33789],[0.03351,10.3363],[0.0495,10.34253],[0.04828,10.33929]]]}},{"type":"Feature","properties":{"name":"Karaga","region":"Northern","pcode":"GH0802","level":"ADM2"},"geometry":{"type":"Polygon","coordinates":[[[-0.12769,10.29053],[-0.12988,10.2757],[-0.12811,10.26392],[-0.11481,10.24292],[-0.13971,10.22772],[-0.14148,10.22211],[-0.13922,10.20868],[-0.14471,10.20551],[-0.14673,10.19928],[-0.17908,10.16248],[-0.17322,10.15851],[-0.15991,10.1405],[-0.15051,10.13953],[-0.13672,10.10553],[-0.1366,10.08691],[-0.14441,10.07849],[-0.16168,10.07751],[-0.1651,10.07373],[-0.17322,10.07172],[-0.18213,10.08228],[-0.19122,10.08551],[-0.2074,10.10492],[-0.22498,10.10669],[-0.23218,10.11292],[-0.24683,10.11688],[-0.24121,10.11011],[-0.23383,10.08051],[-0.24939,10.07471],[-0.26892,10.05811],[-0.28711,10.0603],[-0.30078,10.05353],[-0.30151,10.04993],[-0.29089,10.04132],[-0.28821,10.00293],[-0.28271,9.99091],[-0.2749,9.98688],[-0.27301,9.98273],[-0.28149,9.9549],[-0.3031,9.94427],[-0.3114,9.93329],[-0.30188,9.91791],[-0.3009,9.88269],[-0.34552,9.85571],[-0.35303,9.84589],[-0.36658,9.84351],[-0.37762,9.82953],[-0.3866,9.82892],[-0.39868,9.8233],[-0.40381,9.81488],[-0.42187,9.81329],[-0.42743,9.81909],[-0.4364,9.81927],[-0.44629,9.82428],[-0.45709,9.82147],[-0.4679,9.82452],[-0.4729,9.82147],[-0.4798,9.82312],[-0.49469,9.80292],[-0.49512,9.79291],[-0.49011,9.78351],[-0.4801,9.78387],[-0.47089,9.77893],[-0.45892,9.77771],[-0.46881,9.7533],[-0.46912,9.74249],[-0.47693,9.73688],[-0.4834,9.7215],[-0.47382,9.69373],[-0.47772,9.68213],[-0.47742,9.66467],[-0.49298,9.63629],[-0.50189,9.6261],[-0.4856,9.59613],[-0.50513,9.57129],[-0.50812,9.56372],[-0.508,9.55627],[-0.50049,9.54431],[-0.49878,9.51691],[-0.5058,9.50952],[-0.51038,9.51129],[-0.52411,9.52972],[-0.53992,9.5199],[-0.61078,9.52753],[-0.61407,9.53473],[-0.61151,9.5531],[-0.60291,9.56708],[-0.60242,9.57233],[-0.59381,9.57813],[-0.59253,9.58209],[-0.59888,9.5929],[-0.61499,9.60669],[-0.62073,9.61511],[-0.63171,9.61932],[-0.6322,9.62872],[-0.62439,9.63788],[-0.62708,9.64209],[-0.6347,9.64331],[-0.63861,9.64752],[-0.63812,9.6557],[-0.64392,9.65887],[-0.64838,9.67188],[-0.65991,9.6861],[-0.65961,9.69232],[-0.66211,9.69427],[-0.66803,9.68848],[-0.67688,9.68988],[-0.6886,9.70312],[-0.69513,9.72009],[-0.6922,9.73651],[-0.69861,9.74609],[-0.70361,9.76947],[-0.70099,9.77991],[-0.6842,9.79352],[-0.69269,9.81909],[-0.711,9.81873],[-0.71667,9.81531],[-0.72272,9.81989],[-0.72552,9.81732],[-0.74701,9.81989],[-0.75,9.83789],[-0.73749,9.84729],[-0.73889,9.8537],[-0.75,9.85889],[-0.7951,9.86688],[-0.81689,9.87732],[-0.79822,9.88507],[-0.78961,9.90308],[-0.76941,9.91553],[-0.76978,9.9303],[-0.76599,9.94269],[-0.74811,9.97089],[-0.73401,9.97748],[-0.72101,10.00153],[-0.70892,10.00452],[-0.7063,10.0401],[-0.6825,10.04028],[-0.67932,10.03271],[-0.6781,10.0459],[-0.6886,10.05469],[-0.68628,10.06927],[-0.68811,10.07288],[-0.67908,10.08191],[-0.67578,10.09552],[-0.66638,10.10309],[-0.65619,10.10388],[-0.65161,10.10913],[-0.64929,10.12073],[-0.66241,10.14313],[-0.66248,10.15747],[-0.66779,10.16748],[-0.66821,10.17969],[-0.6579,10.19208],[-0.65271,10.19189],[-0.65308,10.18268],[-0.65009,10.18152],[-0.6463,10.18927],[-0.64252,10.18951],[-0.6333,10.18311],[-0.63171,10.1759],[-0.62671,10.1745],[-0.62482,10.17133],[-0.62659,10.16748],[-0.6239,10.16492],[-0.59912,10.16028],[-0.5899,10.17273],[-0.58191,10.17651],[-0.55823,10.19733],[-0.54761,10.21051],[-0.54108,10.22571],[-0.5415,10.2323],[-0.54688,10.2373],[-0.54651,10.24707],[-0.54059,10.26111],[-0.53412,10.26593],[-0.53119,10.2511],[-0.52191,10.23529],[-0.51929,10.24591],[-0.51532,10.24689],[-0.5152,10.2417],[-0.51251,10.24268],[-0.50958,10.23712],[-0.50299,10.2403],[-0.49902,10.23749],[-0.4989,10.24048],[-0.5097,10.25067],[-0.5094,10.25568],[-0.50171,10.25928],[-0.50513,10.26648],[-0.50372,10.27032],[-0.49908,10.27087],[-0.49792,10.27972],[-0.505,10.29272],[-0.50531,10.31451],[-0.49371,10.32593],[-0.48938,10.32391],[-0.48151,10.32629],[-0.45453,10.3017],[-0.43781,10.29932],[-0.42749,10.30188],[-0.38501,10.29712],[-0.37231,10.27612],[-0.3587,10.26233],[-0.35199,10.27509],[-0.31018,10.29089],[-0.29651,10.29132],[-0.28339,10.28229],[-0.26782,10.27692],[-0.2616,10.27869],[-0.25598,10.28491],[-0.23907,10.28729],[-0.20312,10.26672],[-0.19641,10.27509],[-0.1637,10.28333],[-0.15192,10.29413],[-0.12769,10.29053]]]}},{"type":"Feature","properties":{"name":"Kpandai","region":"Northern","pcode":"GH0803","level":"ADM2"},"geometry":{"type":"Polygon","coordinates":[[[0.00293,8.53448],[0.05212,8.53113],[0.06348,8.52631],[0.08209,8.52771],[0.08948,8.51727],[0.09387,8.50171],[0.12091,8.48547],[0.09491,8.47168],[0.08173,8.46088],[0.0907,8.4455],[0.0929,8.42749],[0.08649,8.40332],[0.10468,8.39008],[0.12488,8.38287],[0.13348,8.38611],[0.14911,8.38611],[0.20752,8.4101],[0.22308,8.4071],[0.24432,8.38647],[0.24292,8.35413],[0.23529,8.34387],[0.20471,8.34149],[0.19128,8.33392],[0.18628,8.32727],[0.1853,8.32269],[0.19672,8.3017],[0.19788,8.2923],[0.19391,8.2533],[0.18927,8.24933],[0.16193,8.24152],[0.1449,8.24091],[0.12372,8.2309],[0.12988,8.21472],[0.1167,8.21912],[0.11469,8.22827],[0.10608,8.22571],[0.09528,8.2301],[0.07953,8.22412],[0.08588,8.23273],[0.09491,8.23309],[0.10431,8.23969],[0.0907,8.26727],[0.08313,8.27228],[0.0799,8.2807],[0.07288,8.28308],[0.06152,8.2821],[0.05188,8.29108],[0.04187,8.29169],[0.02753,8.29749],[0.01007,8.29889],[-0.00208,8.3197],[-0.0379,8.33447],[-0.03912,8.34528],[-0.04572,8.35107],[-0.06519,8.35052],[-0.06769,8.34113],[-0.08331,8.33752],[-0.08698,8.33289],[-0.10199,8.33612],[-0.11023,8.3349],[-0.11462,8.29669],[-0.12451,8.27307],[-0.12762,8.27271],[-0.14178,8.27228],[-0.1424,8.2807],[-0.14832,8.29028],[-0.159,8.29907],[-0.16321,8.31207],[-0.18311,8.33691],[-0.18561,8.35571],[-0.18872,8.35773],[-0.19409,8.34912],[-0.21033,8.3501],[-0.21411,8.34192],[-0.21912,8.33832],[-0.24109,8.34192],[-0.2478,8.33392],[-0.25891,8.3363],[-0.26361,8.33447],[-0.26788,8.32593],[-0.27789,8.32013],[-0.3078,8.32068],[-0.32501,8.33588],[-0.32471,8.34253],[-0.31812,8.34448],[-0.30609,8.35809],[-0.30011,8.35352],[-0.27399,8.35309],[-0.26752,8.35028],[-0.25531,8.3501],[-0.2525,8.35291],[-0.24939,8.3797],[-0.23871,8.39771],[-0.2348,8.41388],[-0.22461,8.43109],[-0.21979,8.44647],[-0.21918,8.45453],[-0.23578,8.4599],[-0.2428,8.47272],[-0.2301,8.47528],[-0.21222,8.4707],[-0.21161,8.48413],[-0.20813,8.48669],[-0.19922,8.48169],[-0.19568,8.48389],[-0.20691,8.49353],[-0.19983,8.52307],[-0.20679,8.52808],[-0.20642,8.53748],[-0.1983,8.54651],[-0.18878,8.54028],[-0.1842,8.54791],[-0.17401,8.5531],[-0.1673,8.55188],[-0.16302,8.55829],[-0.15741,8.54608],[-0.11981,8.5473],[-0.12231,8.54413],[-0.11829,8.53967],[-0.08862,8.5459],[-0.07239,8.55328],[-0.05542,8.55408],[-0.0368,8.54889],[-0.00891,8.54773],[0.00293,8.53448]]]}},{"type":"Feature","properties":{"name":"Kumbungu","region":"Northern","pcode":"GH0804","level":"ADM2"},"geometry":{"type":"Polygon","coordinates":[[[-1.05719,10.15833],[-1.0636,10.15527],[-1.07953,10.15668],[-1.08618,10.15228],[-1.09351,10.1377],[-1.09271,10.12708],[-1.08588,10.12152],[-1.06219,10.11987],[-1.06122,10.11249],[-1.06909,10.10608],[-1.03131,10.09808],[-1.01862,10.09991],[-1.01221,10.09308],[-1.01031,10.08087],[-1.01208,10.07751],[-1.02441,10.07391],[-1.0257,10.05908],[-1.01489,10.04108],[-1.01251,10.0285],[-1.00281,10.01868],[-1.00281,10.01208],[-0.98907,10.00348],[-0.98798,9.99731],[-0.9906,9.99268],[-0.9881,9.98291],[-0.99908,9.97449],[-1.00232,9.96729],[-0.99091,9.9519],[-0.99152,9.9455],[-0.98169,9.94513],[-0.97968,9.94153],[-1.01819,9.9173],[-1.00629,9.90088],[-1.00519,9.89392],[-1.01538,9.89008],[-1.02393,9.89832],[-1.02679,9.89728],[-1.02521,9.88312],[-1.02301,9.87628],[-1.01361,9.86969],[-1.00769,9.86047],[-0.99878,9.85852],[-0.9953,9.85272],[-0.98792,9.85608],[-0.97821,9.85291],[-0.97192,9.84131],[-0.97058,9.83008],[-0.9762,9.82013],[-0.9726,9.8075],[-0.96582,9.79907],[-0.9624,9.79828],[-0.95398,9.80353],[-0.9505,9.80231],[-0.94751,9.7807],[-0.94019,9.76929],[-0.9397,9.76508],[-0.9447,9.75848],[-0.94379,9.7381],[-0.95581,9.7373],[-0.96411,9.7229],[-0.97961,9.71692],[-0.97638,9.70929],[-0.96411,9.70312],[-0.96521,9.69629],[-0.9729,9.69031],[-0.98822,9.69348],[-1.00031,9.67767],[-0.97919,9.6651],[-0.97589,9.66589],[-0.96338,9.6593],[-0.93219,9.6615],[-0.9198,9.63269],[-0.91052,9.62048],[-0.90991,9.60931],[-0.91309,9.60608],[-0.909,9.60052],[-0.9043,9.5827],[-0.90851,9.57648],[-0.90741,9.57349],[-0.8894,9.5705],[-0.88312,9.56232],[-0.88672,9.54791],[-0.89172,9.54388],[-0.8905,9.53308],[-0.89661,9.52191],[-0.89661,9.51788],[-0.88861,9.50909],[-0.89673,9.49469],[-0.89099,9.4859],[-0.89929,9.47931],[-0.91229,9.4751],[-0.9137,9.46631],[-0.92291,9.46912],[-0.93341,9.46411],[-0.93402,9.45728],[-0.94373,9.4563],[-0.96869,9.41772],[-0.99463,9.4187],[-0.99829,9.41528],[-0.99738,9.40887],[-1.00391,9.41687],[-1.00983,9.4375],[-1.02069,9.44287],[-1.0318,9.45673],[-1.0332,9.47272],[-1.0387,9.47913],[-1.0473,9.47931],[-1.05011,9.48212],[-1.0473,9.49188],[-1.05579,9.49969],[-1.05481,9.5097],[-1.06549,9.51453],[-1.06781,9.51831],[-1.0636,9.52509],[-1.06799,9.52612],[-1.07031,9.53052],[-1.06439,9.54309],[-1.06738,9.55188],[-1.07349,9.5517],[-1.07593,9.57031],[-1.07941,9.5741],[-1.07361,9.57971],[-1.07611,9.5835],[-1.08911,9.59149],[-1.09167,9.5965],[-1.0979,9.60052],[-1.1037,9.59991],[-1.10901,9.60571],[-1.13861,9.6073],[-1.14752,9.64032],[-1.14569,9.65411],[-1.14801,9.6571],[-1.1579,9.66052],[-1.16803,9.6687],[-1.17419,9.66913],[-1.17798,9.66248],[-1.1814,9.6615],[-1.19141,9.66492],[-1.17621,9.69189],[-1.16071,9.70129],[-1.15918,9.70911],[-1.15381,9.71448],[-1.16022,9.72211],[-1.15491,9.73828],[-1.15759,9.74213],[-1.15723,9.7597],[-1.16339,9.76593],[-1.1629,9.77911],[-1.17529,9.79053],[-1.17371,9.80792],[-1.1698,9.81451],[-1.1731,9.82013],[-1.16602,9.83447],[-1.16058,9.8595],[-1.16431,9.87408],[-1.17108,9.8797],[-1.18188,9.89771],[-1.17621,9.92328],[-1.17871,9.93768],[-1.1767,9.94989],[-1.16388,9.95227],[-1.12561,9.9295],[-1.10937,9.92767],[-1.12451,9.9585],[-1.13501,9.96393],[-1.14178,9.97888],[-1.15662,9.97791],[-1.17981,9.99127],[-1.19708,9.99469],[-1.21033,10.0061],[-1.22748,10.00873],[-1.2334,10.01331],[-1.2403,10.02612],[-1.23608,10.03009],[-1.24011,10.03552],[-1.23932,10.03967],[-1.22839,10.06232],[-1.20941,10.08893],[-1.14441,10.11688],[-1.13959,10.11792],[-1.13068,10.11267],[-1.12622,10.11548],[-1.12201,10.13031],[-1.13129,10.1413],[-1.12341,10.1507],[-1.1109,10.18652],[-1.09448,10.18451],[-1.07971,10.17731],[-1.05719,10.15833]]]}},{"type":"Feature","properties":{"name":"Mion","region":"Northern","pcode":"GH0805","level":"ADM2"},"geometry":{"type":"MultiPolygon","coordinates":[[[[0.06848,9.21149],[0.08673,9.1991],[0.10492,9.2027],[0.12793,9.19391],[0.14532,9.19672],[0.16931,9.19568],[0.17389,9.1925],[0.16772,9.16193],[0.1723,9.1507],[0.16492,9.1485],[0.1535,9.15149],[0.14429,9.14648],[0.13409,9.13568],[0.11871,9.13171],[0.11548,9.12793],[0.12408,9.10791],[0.1225,9.09967],[0.1037,9.10651],[0.07953,9.1059],[0.07233,9.10028],[0.06812,9.10089],[0.06427,9.11292],[0.05072,9.12927],[0.04388,9.13593],[0.03412,9.13428],[0.0307,9.13788],[0.03247,9.14551],[0.02509,9.14893],[0.02289,9.15289],[0.0235,9.15692],[0.02771,9.15948],[0.04572,9.16211],[0.05029,9.16687],[0.0531,9.18188],[0.05029,9.2113],[0.06848,9.21149]]],[[[-0.03711,9.80249],[-0.02759,9.80029],[-0.026,9.75409],[-0.03943,9.75531],[-0.0459,9.75153],[-0.06653,9.74768],[-0.06958,9.73993],[-0.07532,9.73572],[-0.07751,9.72528],[-0.08533,9.71808],[-0.10321,9.70911],[-0.104,9.70532],[-0.13568,9.7019],[-0.1452,9.6955],[-0.15381,9.6817],[-0.15808,9.68408],[-0.17273,9.67731],[-0.17511,9.66687],[-0.17139,9.65192],[-0.15228,9.64728],[-0.14081,9.6347],[-0.1297,9.62769],[-0.12048,9.62567],[-0.10229,9.62909],[-0.09058,9.62408],[-0.08679,9.6181],[-0.09003,9.60889],[-0.08771,9.6059],[-0.08319,9.60669],[-0.08392,9.59808],[-0.0816,9.59412],[-0.0733,9.58807],[-0.06561,9.58789],[-0.06818,9.5769],[-0.06091,9.57428],[-0.06201,9.56628],[-0.05212,9.56268],[-0.05762,9.54852],[-0.06183,9.5473],[-0.06232,9.55408],[-0.06592,9.55469],[-0.07019,9.5459],[-0.06982,9.53851],[-0.07361,9.53271],[-0.0719,9.51892],[-0.07892,9.52069],[-0.0802,9.52472],[-0.08441,9.52087],[-0.08148,9.50812],[-0.09741,9.49872],[-0.09839,9.4953],[-0.09058,9.49353],[-0.10321,9.46289],[-0.10278,9.45752],[-0.09412,9.45453],[-0.08282,9.43793],[-0.07721,9.4353],[-0.05579,9.43433],[-0.05939,9.42633],[-0.05029,9.41309],[-0.04523,9.4115],[-0.04462,9.40033],[-0.04053,9.39349],[-0.04382,9.38953],[-0.039,9.38287],[-0.04279,9.3739],[-0.04919,9.36853],[-0.05841,9.36932],[-0.0672,9.37531],[-0.07098,9.37292],[-0.0827,9.35468],[-0.08533,9.34552],[-0.07178,9.33209],[-0.07428,9.32593],[-0.073,9.32111],[-0.06268,9.31592],[-0.06671,9.3089],[-0.0592,9.30267],[-0.05511,9.30231],[-0.05249,9.30548],[-0.04358,9.30469],[-0.04169,9.29413],[-0.05011,9.28833],[-0.0506,9.28528],[-0.0459,9.28113],[-0.03821,9.28351],[-0.03003,9.27252],[-0.03638,9.26892],[-0.03668,9.26532],[-0.0304,9.25928],[-0.03333,9.2561],[-0.0304,9.25092],[-0.03339,9.24469],[-0.03271,9.2417],[-0.02679,9.24072],[-0.02808,9.2251],[-0.02161,9.21832],[-0.03387,9.21289],[-0.04053,9.19531],[-0.04419,9.19287],[-0.05231,9.19373],[-0.05481,9.19012],[-0.05621,9.18652],[-0.04578,9.17511],[-0.0459,9.1709],[-0.05518,9.1673],[-0.0675,9.17389],[-0.07239,9.16888],[-0.06409,9.16132],[-0.06232,9.15491],[-0.05298,9.14349],[-0.05902,9.12231],[-0.06439,9.11932],[-0.06818,9.1311],[-0.0849,9.12653],[-0.0882,9.13312],[-0.09418,9.13232],[-0.10242,9.1369],[-0.10822,9.12927],[-0.11749,9.12469],[-0.12811,9.1261],[-0.13281,9.13171],[-0.1441,9.1297],[-0.1441,9.1333],[-0.14893,9.1283],[-0.15332,9.12927],[-0.1568,9.1225],[-0.1698,9.12128],[-0.17712,9.11407],[-0.17712,9.10669],[-0.1828,9.10309],[-0.18628,9.10468],[-0.1889,9.11249],[-0.20178,9.1095],[-0.21912,9.11047],[-0.2265,9.1217],[-0.22968,9.12292],[-0.23712,9.11951],[-0.24719,9.12408],[-0.2514,9.12927],[-0.25922,9.12732],[-0.28082,9.13733],[-0.29608,9.1767],[-0.30621,9.18127],[-0.30969,9.19269],[-0.3175,9.1983],[-0.32452,9.20929],[-0.33948,9.2113],[-0.35822,9.22308],[-0.37769,9.22809],[-0.39209,9.23529],[-0.41968,9.22272],[-0.4259,9.22272],[-0.43591,9.23108],[-0.4693,9.24268],[-0.47601,9.24792],[-0.49109,9.25049],[-0.50629,9.25873],[-0.51172,9.26532],[-0.51141,9.27472],[-0.5202,9.28192],[-0.53571,9.27509],[-0.54352,9.27612],[-0.55511,9.28473],[-0.56018,9.28528],[-0.56268,9.2887],[-0.56012,9.30029],[-0.55072,9.31268],[-0.54651,9.32349],[-0.53668,9.32611],[-0.52979,9.35828],[-0.52521,9.36371],[-0.53473,9.37732],[-0.534,9.38708],[-0.54419,9.3869],[-0.55219,9.39471],[-0.56403,9.39227],[-0.57758,9.3985],[-0.57397,9.41669],[-0.56549,9.42108],[-0.56598,9.43347],[-0.5769,9.45172],[-0.57971,9.4649],[-0.59912,9.48108],[-0.60358,9.51611],[-0.61078,9.52753],[-0.53992,9.5199],[-0.52411,9.52972],[-0.5141,9.51331],[-0.5058,9.50952],[-0.50519,9.50568],[-0.50159,9.50409],[-0.49249,9.50708],[-0.48138,9.51611],[-0.47131,9.51727],[-0.45782,9.50629],[-0.41211,9.50787],[-0.41052,9.52173],[-0.40271,9.53131],[-0.36951,9.54669],[-0.35852,9.54907],[-0.32782,9.58148],[-0.31909,9.58411],[-0.2937,9.5799],[-0.26892,9.59271],[-0.27972,9.62451],[-0.27411,9.63849],[-0.26599,9.64948],[-0.26501,9.66571],[-0.2572,9.67371],[-0.26178,9.69989],[-0.24622,9.72089],[-0.2301,9.7179],[-0.17749,9.72632],[-0.1745,9.72809],[-0.18109,9.73792],[-0.17712,9.74908],[-0.17938,9.75348],[-0.1601,9.75092],[-0.14508,9.74487],[-0.11188,9.75488],[-0.1178,9.76471],[-0.11542,9.79028],[-0.11121,9.79468],[-0.09558,9.79572],[-0.0824,9.79071],[-0.06989,9.79272],[-0.05499,9.78967],[-0.04962,9.79071],[-0.04578,9.79889],[-0.03711,9.80249]]]]}},{"type":"Feature","properties":{"name":"Nanton","region":"Northern","pcode":"GH0806","level":"ADM2"},"geometry":{"type":"Polygon","coordinates":[[[-0.61407,9.53473],[-0.60358,9.51611],[-0.59912,9.48108],[-0.57971,9.4649],[-0.5769,9.45172],[-0.56598,9.43347],[-0.56549,9.42108],[-0.58142,9.41351],[-0.6723,9.4787],[-0.68829,9.47052],[-0.69232,9.47589],[-0.71478,9.46252],[-0.716,9.46667],[-0.73163,9.47247],[-0.75421,9.48608],[-0.76172,9.47827],[-0.77441,9.4787],[-0.77838,9.47528],[-0.79108,9.48212],[-0.80353,9.47607],[-0.81702,9.47467],[-0.81958,9.47729],[-0.81219,9.51233],[-0.81561,9.51892],[-0.8255,9.52612],[-0.81519,9.54352],[-0.81128,9.56427],[-0.78851,9.58691],[-0.7804,9.62512],[-0.76611,9.62988],[-0.72931,9.65332],[-0.72931,9.66968],[-0.71741,9.68488],[-0.6886,9.70312],[-0.67688,9.68988],[-0.66803,9.68848],[-0.66211,9.69427],[-0.65961,9.69232],[-0.65991,9.6861],[-0.64838,9.67188],[-0.64392,9.65887],[-0.63812,9.6557],[-0.63861,9.64752],[-0.6347,9.64331],[-0.62708,9.64209],[-0.62439,9.63788],[-0.6322,9.62872],[-0.63171,9.61932],[-0.62073,9.61511],[-0.59381,9.58612],[-0.59381,9.57813],[-0.6001,9.57568],[-0.61151,9.5531],[-0.61407,9.53473]]]}},{"type":"Feature","properties":{"name":"Nanumba North","region":"Northern","pcode":"GH0807","level":"ADM2"},"geometry":{"type":"Polygon","coordinates":[[[-0.0271,9.25909],[-0.01648,9.25891],[0.00128,9.25311],[0.0155,9.25427],[0.03247,9.24969],[0.04327,9.23712],[0.05151,9.2077],[0.05188,9.17273],[0.04871,9.16351],[0.02771,9.15948],[0.0235,9.15692],[0.02289,9.15289],[0.02509,9.14893],[0.03247,9.14551],[0.0307,9.13788],[0.03412,9.13428],[0.04388,9.13593],[0.05072,9.12927],[0.06427,9.11292],[0.06812,9.10089],[0.07233,9.10028],[0.07953,9.1059],[0.1037,9.10651],[0.1225,9.09967],[0.12408,9.10791],[0.11548,9.12793],[0.11871,9.13171],[0.13409,9.13568],[0.14429,9.14648],[0.1535,9.15149],[0.16492,9.1485],[0.1723,9.1507],[0.1817,9.13788],[0.21008,9.12372],[0.25031,9.08612],[0.25409,9.07971],[0.25409,9.07233],[0.24689,9.06409],[0.22351,9.07312],[0.19592,9.07709],[0.19067,9.07111],[0.18951,9.06329],[0.1991,9.04089],[0.20313,9.0387],[0.23029,9.04352],[0.25012,9.04108],[0.27252,9.0495],[0.28992,9.04968],[0.2995,9.04352],[0.30371,9.0351],[0.29669,9.01868],[0.2851,9.01031],[0.26709,9.02307],[0.25391,9.02209],[0.24231,8.99792],[0.23132,8.98828],[0.22272,8.97571],[0.20648,8.97412],[0.1839,8.96472],[0.17969,8.95673],[0.18793,8.92609],[0.18707,8.91931],[0.17767,8.91467],[0.16852,8.92511],[0.15167,8.93127],[0.14929,8.9245],[0.15289,8.9137],[0.15112,8.9021],[0.13647,8.88049],[0.10413,8.88647],[0.08948,8.88232],[0.08148,8.88489],[0.07172,8.88287],[0.07068,8.8587],[0.06372,8.84692],[0.05188,8.84631],[0.04547,8.85052],[0.03693,8.86749],[0.03912,8.87689],[0.0575,8.88452],[0.05811,8.9071],[0.05328,8.92212],[0.04132,8.92212],[0.02893,8.91528],[0.00568,8.90912],[-0.0094,8.92108],[-0.01611,8.92047],[-0.0199,8.92389],[-0.01678,8.92853],[-0.03333,8.92633],[-0.03949,8.91992],[-0.0387,8.91589],[-0.02148,8.90369],[-0.02991,8.85352],[-0.09698,8.82672],[-0.086,8.80048],[-0.09821,8.78351],[-0.09802,8.7757],[-0.08508,8.7821],[-0.0769,8.78113],[-0.05621,8.78711],[-0.05658,8.79169],[-0.06329,8.79431],[-0.06183,8.79871],[-0.04968,8.79669],[-0.04449,8.78711],[-0.04541,8.7807],[-0.05261,8.77911],[-0.05688,8.75848],[-0.0531,8.75787],[-0.05219,8.75372],[-0.05652,8.74609],[-0.06073,8.74628],[-0.0816,8.73169],[-0.08148,8.72607],[-0.09052,8.72729],[-0.10272,8.72211],[-0.1076,8.71832],[-0.11072,8.71069],[-0.11871,8.70831],[-0.11938,8.70032],[-0.12811,8.70032],[-0.1308,8.69067],[-0.13428,8.68829],[-0.14581,8.68927],[-0.1593,8.6781],[-0.16809,8.6795],[-0.17139,8.67853],[-0.17181,8.6745],[-0.18188,8.67511],[-0.19269,8.67169],[-0.19843,8.6687],[-0.20361,8.65869],[-0.21381,8.6593],[-0.2182,8.6557],[-0.2207,8.64752],[-0.23358,8.6441],[-0.23529,8.6391],[-0.23962,8.6377],[-0.24609,8.63989],[-0.2558,8.62872],[-0.26678,8.6319],[-0.27942,8.6203],[-0.29401,8.61987],[-0.32739,8.6059],[-0.33441,8.59131],[-0.34491,8.58392],[-0.35358,8.58533],[-0.35931,8.58948],[-0.35858,8.5993],[-0.3623,8.59888],[-0.36511,8.59271],[-0.37189,8.58771],[-0.37329,8.59772],[-0.37872,8.59692],[-0.3811,8.59271],[-0.39062,8.59528],[-0.39508,8.59351],[-0.39929,8.60229],[-0.40332,8.60388],[-0.40698,8.59851],[-0.41101,8.60071],[-0.40991,8.60809],[-0.41461,8.60828],[-0.41632,8.61292],[-0.41278,8.62549],[-0.42041,8.64911],[-0.42401,8.64972],[-0.43091,8.64288],[-0.43512,8.6449],[-0.43591,8.6507],[-0.43268,8.65588],[-0.43951,8.66028],[-0.43958,8.66351],[-0.44708,8.66248],[-0.45312,8.67511],[-0.45801,8.67749],[-0.47021,8.67212],[-0.47571,8.6825],[-0.48419,8.68188],[-0.48621,8.70349],[-0.48969,8.70428],[-0.49042,8.71033],[-0.4856,8.72711],[-0.47223,8.73431],[-0.45782,8.72168],[-0.4483,8.72791],[-0.43182,8.71753],[-0.43182,8.72809],[-0.41211,8.73389],[-0.40869,8.73212],[-0.41272,8.72089],[-0.41101,8.70911],[-0.4071,8.71448],[-0.40491,8.70752],[-0.40198,8.71088],[-0.39478,8.71191],[-0.3869,8.7099],[-0.38159,8.71088],[-0.38342,8.72308],[-0.37,8.72308],[-0.36621,8.73511],[-0.37219,8.73993],[-0.37219,8.74353],[-0.36401,8.7453],[-0.35358,8.75427],[-0.3465,8.75787],[-0.34003,8.7561],[-0.32971,8.74268],[-0.31622,8.75012],[-0.31421,8.76349],[-0.30823,8.76892],[-0.30823,8.78473],[-0.30469,8.78772],[-0.3064,8.79431],[-0.30341,8.79492],[-0.29608,8.81152],[-0.29889,8.81787],[-0.3092,8.81989],[-0.31659,8.81628],[-0.32013,8.81848],[-0.32269,8.83411],[-0.33533,8.83789],[-0.33948,8.8457],[-0.34253,8.84631],[-0.34369,8.85492],[-0.33911,8.86108],[-0.34253,8.8623],[-0.34198,8.86591],[-0.33459,8.8667],[-0.32971,8.86011],[-0.32629,8.86267],[-0.31042,8.85828],[-0.2998,8.86108],[-0.29901,8.8645],[-0.29541,8.8653],[-0.30261,8.88409],[-0.28888,8.88812],[-0.28821,8.8913],[-0.28009,8.89612],[-0.28088,8.8999],[-0.27209,8.90271],[-0.25568,8.90131],[-0.24371,8.90991],[-0.24823,8.91711],[-0.2381,8.92047],[-0.24103,8.93048],[-0.23761,8.93793],[-0.22198,8.93591],[-0.21301,8.94611],[-0.20038,8.94769],[-0.1955,8.97528],[-0.20502,8.99872],[-0.20441,9.00348],[-0.211,9.01233],[-0.20831,9.02533],[-0.21832,9.03271],[-0.21252,9.04468],[-0.21301,9.05133],[-0.20502,9.06207],[-0.21149,9.07507],[-0.21161,9.07971],[-0.20831,9.08289],[-0.20691,9.10449],[-0.20178,9.1095],[-0.1889,9.11249],[-0.18628,9.10468],[-0.1792,9.10413],[-0.17712,9.11407],[-0.1698,9.12128],[-0.1568,9.1225],[-0.15332,9.12927],[-0.14893,9.1283],[-0.1441,9.1333],[-0.1441,9.1297],[-0.13281,9.13171],[-0.12811,9.1261],[-0.11749,9.12469],[-0.10822,9.12927],[-0.10242,9.1369],[-0.09418,9.13232],[-0.0882,9.13312],[-0.0849,9.12653],[-0.06818,9.1311],[-0.06439,9.11932],[-0.05902,9.12231],[-0.05298,9.14349],[-0.06232,9.15491],[-0.06409,9.16132],[-0.07239,9.16888],[-0.0675,9.17389],[-0.05518,9.1673],[-0.0459,9.1709],[-0.04578,9.17511],[-0.05621,9.18652],[-0.05481,9.19012],[-0.05231,9.19373],[-0.04419,9.19287],[-0.04053,9.19531],[-0.03387,9.21289],[-0.02161,9.21832],[-0.02808,9.2251],[-0.02679,9.24072],[-0.03271,9.2417],[-0.03339,9.24469],[-0.0304,9.25092],[-0.03333,9.2561],[-0.0271,9.25909]]]}},{"type":"Feature","properties":{"name":"Nanumba South","region":"Northern","pcode":"GH0808","level":"ADM2"},"geometry":{"type":"Polygon","coordinates":[[[0.34668,8.85052],[0.37268,8.82788],[0.37769,8.81293],[0.38788,8.80511],[0.38013,8.7915],[0.38068,8.76929],[0.38971,8.76172],[0.40088,8.75812],[0.39832,8.75452],[0.37567,8.75409],[0.38452,8.74573],[0.38428,8.74249],[0.37372,8.73572],[0.35327,8.74188],[0.34692,8.73993],[0.35992,8.72467],[0.35913,8.71973],[0.34332,8.72009],[0.34253,8.72827],[0.33832,8.73053],[0.32288,8.72949],[0.31451,8.73413],[0.30151,8.72668],[0.29749,8.74213],[0.29352,8.74127],[0.29132,8.73291],[0.28748,8.73328],[0.28387,8.72467],[0.27991,8.7251],[0.27051,8.7309],[0.26971,8.73969],[0.25732,8.7467],[0.24487,8.74109],[0.23767,8.75189],[0.23187,8.7533],[0.2229,8.74988],[0.21631,8.7547],[0.21252,8.75427],[0.19928,8.74432],[0.1875,8.74652],[0.18707,8.74188],[0.18372,8.74231],[0.18127,8.74451],[0.18091,8.76208],[0.1709,8.76532],[0.17432,8.77032],[0.16791,8.77393],[0.1665,8.75391],[0.18213,8.7215],[0.18073,8.71051],[0.1687,8.70172],[0.13867,8.6687],[0.13611,8.65271],[0.1391,8.63953],[0.14728,8.62952],[0.16968,8.61572],[0.17273,8.60889],[0.17188,8.5993],[0.16992,8.59491],[0.15112,8.5885],[0.14752,8.58868],[0.13049,8.60449],[0.11292,8.59729],[0.09912,8.5697],[0.09448,8.55109],[0.08209,8.52771],[0.06348,8.52631],[0.05212,8.53113],[0.00293,8.53448],[-0.00891,8.54773],[-0.0368,8.54889],[-0.05542,8.55408],[-0.07239,8.55328],[-0.08862,8.5459],[-0.11829,8.53967],[-0.12231,8.54413],[-0.11981,8.5473],[-0.15741,8.54608],[-0.16302,8.55829],[-0.1673,8.55188],[-0.17401,8.5531],[-0.1842,8.54791],[-0.18878,8.54028],[-0.1983,8.54651],[-0.19659,8.55109],[-0.1991,8.55389],[-0.21362,8.55292],[-0.22388,8.5697],[-0.22821,8.56769],[-0.2345,8.5719],[-0.23712,8.56989],[-0.23859,8.55988],[-0.25677,8.5553],[-0.26093,8.54791],[-0.26819,8.54529],[-0.27539,8.55713],[-0.2948,8.54187],[-0.29773,8.54291],[-0.2948,8.54572],[-0.29749,8.5473],[-0.30402,8.5365],[-0.30658,8.53888],[-0.31049,8.53748],[-0.31299,8.52911],[-0.31842,8.5351],[-0.32141,8.53247],[-0.33551,8.53113],[-0.33661,8.53851],[-0.34882,8.55713],[-0.34961,8.5611],[-0.3443,8.56732],[-0.34741,8.57031],[-0.35468,8.57068],[-0.3634,8.5827],[-0.35931,8.58948],[-0.35358,8.58533],[-0.34222,8.58508],[-0.33441,8.59131],[-0.32739,8.6059],[-0.31201,8.61292],[-0.29401,8.61987],[-0.27942,8.6203],[-0.26678,8.6319],[-0.2558,8.62872],[-0.24609,8.63989],[-0.23529,8.6391],[-0.23358,8.6441],[-0.2207,8.64752],[-0.2182,8.6557],[-0.21381,8.6593],[-0.20361,8.65869],[-0.19843,8.6687],[-0.19269,8.67169],[-0.18188,8.67511],[-0.17181,8.6745],[-0.17139,8.67853],[-0.16809,8.6795],[-0.1593,8.6781],[-0.14581,8.68927],[-0.13428,8.68829],[-0.1308,8.69067],[-0.12811,8.70032],[-0.11938,8.70032],[-0.11871,8.70831],[-0.11072,8.71069],[-0.1076,8.71832],[-0.10272,8.72211],[-0.09052,8.72729],[-0.08148,8.72607],[-0.0816,8.73169],[-0.06073,8.74628],[-0.05652,8.74609],[-0.05219,8.75372],[-0.0531,8.75787],[-0.05688,8.75848],[-0.05261,8.77911],[-0.04541,8.7807],[-0.04449,8.78711],[-0.04968,8.79669],[-0.06183,8.79871],[-0.06329,8.79431],[-0.05658,8.79169],[-0.05621,8.78711],[-0.0769,8.78113],[-0.08508,8.7821],[-0.09802,8.7757],[-0.09821,8.78351],[-0.086,8.80048],[-0.09698,8.82672],[-0.02991,8.85352],[-0.02148,8.90369],[-0.0387,8.91589],[-0.03949,8.91992],[-0.03333,8.92633],[-0.01678,8.92853],[-0.0199,8.92389],[-0.01611,8.92047],[-0.0094,8.92108],[0.00568,8.90912],[0.02893,8.91528],[0.04132,8.92212],[0.05328,8.92212],[0.05811,8.9071],[0.0575,8.88452],[0.03912,8.87689],[0.03693,8.86749],[0.04547,8.85052],[0.05188,8.84631],[0.06372,8.84692],[0.07068,8.8587],[0.07172,8.88287],[0.08148,8.88489],[0.08948,8.88232],[0.10413,8.88647],[0.13647,8.88049],[0.15112,8.9021],[0.15289,8.9137],[0.14929,8.9245],[0.15167,8.93127],[0.16852,8.92511],[0.17767,8.91467],[0.18707,8.91931],[0.18793,8.92609],[0.17969,8.95673],[0.1839,8.96472],[0.20648,8.97412],[0.22272,8.97571],[0.23132,8.98828],[0.24231,8.99792],[0.25531,8.99847],[0.27368,9.0061],[0.28247,9.00549],[0.31592,8.98889],[0.31012,8.9751],[0.2923,8.96088],[0.26788,8.9223],[0.27368,8.90051],[0.27393,8.87848],[0.27911,8.87347],[0.2785,8.86969],[0.28607,8.85712],[0.28632,8.84808],[0.31311,8.82727],[0.32147,8.82867],[0.32489,8.83789],[0.32172,8.86493],[0.34668,8.85052]]]}},{"type":"Feature","properties":{"name":"Saboba","region":"Northern","pcode":"GH0809","level":"ADM2"},"geometry":{"type":"Polygon","coordinates":[[[0.3645,9.93213],[0.35632,9.92468],[0.3515,9.9043],[0.3515,9.88312],[0.35809,9.84851],[0.34888,9.82568],[0.34027,9.81671],[0.34027,9.80731],[0.33087,9.79309],[0.33472,9.77728],[0.32611,9.77448],[0.3299,9.75891],[0.31952,9.7265],[0.3219,9.72369],[0.33612,9.72192],[0.3429,9.7179],[0.35071,9.69513],[0.35193,9.6767],[0.36133,9.67468],[0.36768,9.66467],[0.36792,9.65692],[0.37549,9.65228],[0.3783,9.64447],[0.38153,9.64429],[0.37311,9.6073],[0.38232,9.59229],[0.38129,9.58893],[0.36908,9.57788],[0.35229,9.57288],[0.33752,9.57892],[0.32709,9.57928],[0.32013,9.57629],[0.2887,9.57672],[0.26489,9.56769],[0.2533,9.57452],[0.2403,9.57452],[0.23492,9.54688],[0.23688,9.53473],[0.24292,9.52448],[0.25671,9.51892],[0.28387,9.5249],[0.29053,9.5235],[0.30652,9.51489],[0.31049,9.50488],[0.28967,9.4903],[0.27692,9.48853],[0.27008,9.47968],[0.2547,9.47827],[0.23511,9.4881],[0.23053,9.48749],[0.22711,9.4809],[0.22913,9.46332],[0.24249,9.4491],[0.24811,9.43768],[0.23132,9.43689],[0.22308,9.44269],[0.21649,9.44348],[0.21008,9.43652],[0.20032,9.43188],[0.15491,9.43988],[0.1427,9.45007],[0.13953,9.46008],[0.14673,9.4787],[0.15149,9.52771],[0.1593,9.54291],[0.15631,9.55267],[0.14368,9.57013],[0.13428,9.57471],[0.11169,9.5661],[0.1109,9.57288],[0.10132,9.57788],[0.09009,9.57349],[0.0799,9.57867],[0.07751,9.59869],[0.08429,9.60852],[0.07928,9.62091],[0.0683,9.63013],[0.04749,9.6377],[0.03528,9.64551],[0.06293,9.6825],[0.07489,9.6925],[0.05548,9.69952],[0.03229,9.71869],[0.00232,9.72949],[-0.026,9.75409],[-0.02759,9.80029],[0.00452,9.8147],[-0.00879,9.82813],[-0.02191,9.83331],[-0.01831,9.84027],[-0.0191,9.86108],[-0.01312,9.86688],[-0.00269,9.86969],[-0.00452,9.87549],[0.0025,9.88409],[0.0061,9.89832],[0.0155,9.9043],[0.01251,9.9173],[0.01611,9.92712],[0.02289,9.93127],[0.0249,9.93591],[0.02551,9.9505],[0.04468,9.95673],[0.06091,9.96692],[0.08588,9.96649],[0.0979,9.97211],[0.10168,9.97229],[0.10669,9.96771],[0.11371,9.97192],[0.12891,9.97009],[0.13049,9.95929],[0.15491,9.98529],[0.18451,9.97852],[0.1897,9.97491],[0.1889,9.96729],[0.20532,9.96088],[0.2265,9.96069],[0.23529,9.95752],[0.25812,9.96332],[0.26233,9.96112],[0.27509,9.97272],[0.30267,9.9765],[0.30627,9.97369],[0.30908,9.96191],[0.32428,9.96191],[0.3241,9.9469],[0.32648,9.94348],[0.34772,9.9397],[0.34912,9.94849],[0.35248,9.94751],[0.3623,9.94012],[0.3645,9.93213]]]}},{"type":"Feature","properties":{"name":"Sagnerigu","region":"Northern","pcode":"GH0810","level":"ADM2"},"geometry":{"type":"Polygon","coordinates":[[[-0.81519,9.54352],[-0.8255,9.52612],[-0.81561,9.51892],[-0.81219,9.51233],[-0.81958,9.47729],[-0.81702,9.47467],[-0.80353,9.47607],[-0.79108,9.48212],[-0.77838,9.47528],[-0.78052,9.43652],[-0.81781,9.41913],[-0.83228,9.40851],[-0.83661,9.40833],[-0.83533,9.41669],[-0.83752,9.4187],[-0.84119,9.4165],[-0.83881,9.42212],[-0.84198,9.42212],[-0.84241,9.42731],[-0.85388,9.42188],[-0.86279,9.41089],[-0.87628,9.4093],[-0.87439,9.40411],[-0.9494,9.40448],[-0.96222,9.41687],[-0.96521,9.42047],[-0.95959,9.43292],[-0.95093,9.44208],[-0.94373,9.4563],[-0.93402,9.45728],[-0.93341,9.46411],[-0.92291,9.46912],[-0.9137,9.46631],[-0.91229,9.4751],[-0.89929,9.47931],[-0.89099,9.4859],[-0.89673,9.49469],[-0.88861,9.50909],[-0.89661,9.51788],[-0.89661,9.52191],[-0.8905,9.53308],[-0.89172,9.54388],[-0.88391,9.55469],[-0.88348,9.56567],[-0.88599,9.56787],[-0.88208,9.5683],[-0.86511,9.55713],[-0.85999,9.5611],[-0.85358,9.55573],[-0.82092,9.54749],[-0.81519,9.54352]]]}},{"type":"Feature","properties":{"name":"Savelugu","region":"Northern","pcode":"GH0811","level":"ADM2"},"geometry":{"type":"Polygon","coordinates":[[[-0.66821,10.17969],[-0.66779,10.16748],[-0.66248,10.15747],[-0.66241,10.14313],[-0.64929,10.12073],[-0.65161,10.10913],[-0.65619,10.10388],[-0.66638,10.10309],[-0.67578,10.09552],[-0.67908,10.08191],[-0.68811,10.07288],[-0.68628,10.06927],[-0.6886,10.05469],[-0.6781,10.0459],[-0.67932,10.03271],[-0.6825,10.04028],[-0.7063,10.0401],[-0.70892,10.00452],[-0.72101,10.00153],[-0.73401,9.97748],[-0.74811,9.97089],[-0.76599,9.94269],[-0.76978,9.9303],[-0.76941,9.91553],[-0.78961,9.90308],[-0.79822,9.88507],[-0.81689,9.87732],[-0.7951,9.86688],[-0.75,9.85889],[-0.73889,9.8537],[-0.73749,9.84729],[-0.75,9.83789],[-0.74701,9.81989],[-0.72888,9.81732],[-0.72272,9.81989],[-0.71667,9.81531],[-0.711,9.81873],[-0.69269,9.81909],[-0.6842,9.79352],[-0.70099,9.77991],[-0.70361,9.76947],[-0.69861,9.74609],[-0.6922,9.73651],[-0.69513,9.72009],[-0.6886,9.70312],[-0.71741,9.68488],[-0.72931,9.66968],[-0.72931,9.65332],[-0.76611,9.62988],[-0.7804,9.62512],[-0.78851,9.58691],[-0.81128,9.56427],[-0.81519,9.54352],[-0.82092,9.54749],[-0.85358,9.55573],[-0.85999,9.5611],[-0.86511,9.55713],[-0.88208,9.5683],[-0.89911,9.57373],[-0.90741,9.57349],[-0.90851,9.57648],[-0.9043,9.5827],[-0.909,9.60052],[-0.91309,9.60608],[-0.90991,9.60931],[-0.91052,9.62048],[-0.9198,9.63269],[-0.93219,9.6615],[-0.96338,9.6593],[-0.97589,9.66589],[-0.97919,9.6651],[-1.00031,9.67767],[-0.98822,9.69348],[-0.9729,9.69031],[-0.96521,9.69629],[-0.96411,9.70312],[-0.97638,9.70929],[-0.97961,9.71692],[-0.96411,9.7229],[-0.95581,9.7373],[-0.94379,9.7381],[-0.9447,9.75848],[-0.9397,9.76508],[-0.94019,9.76929],[-0.94751,9.7807],[-0.9505,9.80231],[-0.95398,9.80353],[-0.9624,9.79828],[-0.96582,9.79907],[-0.9726,9.8075],[-0.9762,9.82013],[-0.97058,9.83008],[-0.9754,9.84912],[-0.98322,9.85608],[-0.9953,9.85272],[-0.99878,9.85852],[-1.00769,9.86047],[-1.01361,9.86969],[-1.02301,9.87628],[-1.02679,9.89728],[-1.02393,9.89832],[-1.01538,9.89008],[-1.00519,9.89392],[-1.00629,9.90088],[-1.01819,9.9173],[-0.97968,9.94153],[-0.98492,9.9519],[-0.9848,9.95972],[-0.98273,9.96289],[-0.97382,9.95691],[-0.97052,9.95789],[-0.97241,9.96527],[-0.96161,9.99109],[-0.95428,9.99292],[-0.94061,9.98993],[-0.94232,9.99811],[-0.94,10.0097],[-0.93689,10.01147],[-0.93213,10.01093],[-0.9256,10.0025],[-0.92187,10.00189],[-0.91821,10.01312],[-0.91541,10.01031],[-0.9115,10.01147],[-0.90942,10.02368],[-0.90509,10.02472],[-0.89673,10.02087],[-0.89502,10.03351],[-0.8866,10.03589],[-0.89069,10.0481],[-0.88861,10.05151],[-0.88251,10.05011],[-0.88129,10.05933],[-0.87048,10.05487],[-0.8642,10.05688],[-0.86359,10.06152],[-0.86688,10.06348],[-0.86963,10.07373],[-0.86871,10.07751],[-0.85889,10.08411],[-0.85968,10.0885],[-0.86829,10.09528],[-0.85822,10.10388],[-0.8559,10.11212],[-0.84949,10.11469],[-0.8493,10.11853],[-0.85553,10.12567],[-0.85291,10.12891],[-0.83771,10.13153],[-0.83649,10.12189],[-0.82031,10.11932],[-0.82123,10.12549],[-0.81781,10.12689],[-0.8053,10.15369],[-0.80188,10.15613],[-0.79401,10.14569],[-0.78821,10.15167],[-0.78491,10.14972],[-0.78351,10.14227],[-0.7807,10.1449],[-0.7804,10.15509],[-0.77258,10.15527],[-0.76349,10.16431],[-0.75763,10.16052],[-0.74878,10.16052],[-0.7475,10.16553],[-0.7442,10.16687],[-0.73248,10.1615],[-0.73669,10.16772],[-0.73358,10.1701],[-0.72083,10.16852],[-0.71259,10.16388],[-0.71338,10.17548],[-0.71808,10.1767],[-0.7132,10.18292],[-0.70929,10.17749],[-0.70428,10.17828],[-0.69281,10.18707],[-0.69049,10.18292],[-0.68622,10.18408],[-0.68341,10.1889],[-0.68121,10.18109],[-0.66821,10.17969]]]}},{"type":"Feature","properties":{"name":"Tamale Metropolitan","region":"Northern","pcode":"GH0812","level":"ADM2"},"geometry":{"type":"Polygon","coordinates":[[[-0.71478,9.46252],[-0.69232,9.47589],[-0.68829,9.47052],[-0.6723,9.4787],[-0.58142,9.41351],[-0.57397,9.41669],[-0.57758,9.3985],[-0.56403,9.39227],[-0.55219,9.39471],[-0.54419,9.3869],[-0.534,9.38708],[-0.53473,9.37732],[-0.52521,9.36371],[-0.52979,9.35828],[-0.53668,9.32611],[-0.54651,9.32349],[-0.55072,9.31268],[-0.56012,9.30029],[-0.56268,9.2887],[-0.56628,9.28833],[-0.56921,9.29211],[-0.58209,9.31909],[-0.59399,9.32831],[-0.6037,9.32312],[-0.61078,9.31207],[-0.617,9.3125],[-0.62811,9.30768],[-0.63562,9.31189],[-0.63452,9.3183],[-0.65192,9.31531],[-0.68341,9.32532],[-0.68701,9.32092],[-0.6886,9.31091],[-0.70978,9.32471],[-0.71539,9.32471],[-0.71759,9.31592],[-0.71161,9.30548],[-0.71283,9.29309],[-0.69788,9.28333],[-0.71631,9.28888],[-0.76532,9.29688],[-0.77661,9.30353],[-0.79492,9.30872],[-0.80481,9.3183],[-0.82312,9.31049],[-0.83282,9.29791],[-0.8476,9.29828],[-0.84991,9.3045],[-0.85889,9.30591],[-0.87061,9.30591],[-0.87903,9.3017],[-0.88232,9.30829],[-0.88611,9.30969],[-0.92639,9.29633],[-0.93231,9.29871],[-0.93573,9.29492],[-0.95508,9.30048],[-0.96008,9.30469],[-0.96429,9.33472],[-0.95569,9.3363],[-0.94629,9.34711],[-0.95978,9.36932],[-0.95819,9.38092],[-0.95331,9.38251],[-0.94659,9.40009],[-0.9494,9.40448],[-0.87439,9.40411],[-0.87628,9.4093],[-0.86279,9.41089],[-0.85388,9.42188],[-0.84241,9.42731],[-0.84198,9.42212],[-0.83881,9.42212],[-0.84119,9.4165],[-0.83752,9.4187],[-0.83533,9.41669],[-0.83661,9.40833],[-0.83228,9.40851],[-0.81781,9.41913],[-0.78052,9.43652],[-0.77838,9.47528],[-0.77441,9.4787],[-0.76172,9.47827],[-0.75421,9.48608],[-0.73163,9.47247],[-0.716,9.46667],[-0.71478,9.46252]]]}},{"type":"Feature","properties":{"name":"Tatale Sanguli","region":"Northern","pcode":"GH0813","level":"ADM2"},"geometry":{"type":"Polygon","coordinates":[[[0.4259,8.78027],[0.42151,8.79089],[0.40631,8.7937],[0.3985,8.79053],[0.39288,8.79547],[0.39008,8.79187],[0.38531,8.79132],[0.38232,8.79529],[0.40088,8.82532],[0.39929,8.83807],[0.4021,8.84387],[0.39789,8.86987],[0.40332,8.89288],[0.4137,8.9079],[0.42688,8.91913],[0.42792,8.93152],[0.43408,8.9361],[0.44788,8.97491],[0.43372,8.9801],[0.42548,8.98633],[0.4079,8.98767],[0.40009,8.99188],[0.39587,9.00208],[0.39868,9.01611],[0.39752,9.02728],[0.39209,9.03247],[0.37793,9.02533],[0.36292,9.02789],[0.36572,9.03729],[0.37048,9.10248],[0.38031,9.10553],[0.37268,9.1145],[0.37628,9.12189],[0.39172,9.12592],[0.42932,9.12433],[0.4433,9.13232],[0.41949,9.15289],[0.41632,9.16449],[0.40509,9.17169],[0.3985,9.17987],[0.39911,9.1839],[0.40289,9.18591],[0.40289,9.19849],[0.40851,9.21753],[0.40851,9.2467],[0.42792,9.27112],[0.46033,9.29633],[0.46948,9.30951],[0.47113,9.31653],[0.46667,9.33691],[0.4469,9.34808],[0.43152,9.35193],[0.41229,9.34113],[0.40332,9.3313],[0.37891,9.32849],[0.36389,9.33771],[0.36267,9.34473],[0.36792,9.36371],[0.36749,9.37408],[0.34949,9.37408],[0.33893,9.37109],[0.33252,9.36493],[0.31091,9.3559],[0.29889,9.3587],[0.29132,9.35632],[0.27667,9.36029],[0.25348,9.34052],[0.24628,9.3399],[0.23688,9.34448],[0.24127,9.35248],[0.23792,9.36011],[0.22852,9.36572],[0.21307,9.3689],[0.20831,9.3833],[0.21771,9.40692],[0.2171,9.42072],[0.21948,9.42633],[0.23132,9.43689],[0.24811,9.43768],[0.25928,9.43347],[0.2605,9.42969],[0.28571,9.43091],[0.31189,9.44531],[0.33752,9.45288],[0.34668,9.47449],[0.34772,9.47968],[0.34448,9.48712],[0.35931,9.49829],[0.38989,9.49213],[0.40649,9.49432],[0.4165,9.50171],[0.43073,9.4989],[0.44708,9.5011],[0.4577,9.49707],[0.4635,9.49127],[0.48969,9.48633],[0.50208,9.47412],[0.50531,9.46613],[0.50348,9.45831],[0.4975,9.45392],[0.49628,9.44952],[0.50067,9.43927],[0.5083,9.43707],[0.52148,9.43848],[0.52533,9.43127],[0.5517,9.42371],[0.55511,9.42188],[0.55731,9.41168],[0.5647,9.4071],[0.56311,9.35449],[0.5531,9.34448],[0.55627,9.33392],[0.56311,9.32452],[0.56372,9.31732],[0.55988,9.30573],[0.54053,9.30652],[0.53748,9.30188],[0.54071,9.30133],[0.51593,9.27289],[0.50848,9.25812],[0.52051,9.22791],[0.53912,9.2135],[0.52411,9.19513],[0.51208,9.1651],[0.50488,9.1601],[0.50189,9.1543],[0.49371,9.15491],[0.47809,9.1441],[0.48529,9.1225],[0.48547,9.10352],[0.45947,9.07251],[0.46429,9.07208],[0.46271,9.0553],[0.4563,9.05511],[0.45551,9.03571],[0.46307,9.03351],[0.46552,9.02307],[0.47052,9.01727],[0.46991,9.00848],[0.49432,8.95728],[0.50671,8.95007],[0.5141,8.9353],[0.5097,8.91748],[0.5141,8.90131],[0.52692,8.87671],[0.52069,8.87231],[0.51813,8.8631],[0.52112,8.85632],[0.51868,8.85309],[0.51007,8.85553],[0.50732,8.84833],[0.49628,8.83868],[0.50092,8.82971],[0.49768,8.8277],[0.49591,8.82013],[0.50012,8.8147],[0.49109,8.8009],[0.47211,8.79889],[0.46832,8.79291],[0.45929,8.80292],[0.45892,8.80988],[0.4469,8.81012],[0.44312,8.80212],[0.43073,8.7973],[0.43127,8.7923],[0.43951,8.79291],[0.43872,8.78473],[0.4259,8.78027]]]}},{"type":"Feature","properties":{"name":"Tolon","region":"Northern","pcode":"GH0814","level":"ADM2"},"geometry":{"type":"Polygon","coordinates":[[[-1.18671,9.80011],[-1.1629,9.77911],[-1.16339,9.76593],[-1.15723,9.7597],[-1.15759,9.74213],[-1.15491,9.73828],[-1.16022,9.72211],[-1.15381,9.71448],[-1.15918,9.70911],[-1.16071,9.70129],[-1.17621,9.69189],[-1.19141,9.66492],[-1.1814,9.6615],[-1.17798,9.66248],[-1.17419,9.66913],[-1.16803,9.6687],[-1.1579,9.66052],[-1.14801,9.6571],[-1.14569,9.65411],[-1.14752,9.64032],[-1.13861,9.6073],[-1.10901,9.60571],[-1.1037,9.59991],[-1.0979,9.60052],[-1.09167,9.5965],[-1.08911,9.59149],[-1.07611,9.5835],[-1.07361,9.57971],[-1.07941,9.5741],[-1.07593,9.57031],[-1.07349,9.5517],[-1.06738,9.55188],[-1.06439,9.54309],[-1.07031,9.53052],[-1.06799,9.52612],[-1.0636,9.52509],[-1.06781,9.51831],[-1.06549,9.51453],[-1.05481,9.5097],[-1.05579,9.49969],[-1.0473,9.49188],[-1.05011,9.48212],[-1.0473,9.47931],[-1.0387,9.47913],[-1.0332,9.47272],[-1.0318,9.45673],[-1.02069,9.44287],[-1.00983,9.4375],[-1.00391,9.41687],[-0.99738,9.40887],[-0.99829,9.41528],[-0.99463,9.4187],[-0.96869,9.41772],[-0.96521,9.42047],[-0.9494,9.40448],[-0.94659,9.40009],[-0.95331,9.38251],[-0.95819,9.38092],[-0.95978,9.36932],[-0.94629,9.34711],[-0.95569,9.3363],[-0.9751,9.33588],[-0.98718,9.32971],[-0.99579,9.32892],[-1.01392,9.31427],[-1.02039,9.31531],[-1.01508,9.32672],[-1.01611,9.33032],[-1.03082,9.34131],[-1.03931,9.34412],[-1.04993,9.33948],[-1.05951,9.32788],[-1.0755,9.32593],[-1.09381,9.31628],[-1.10028,9.30969],[-1.10468,9.3089],[-1.11981,9.31769],[-1.16461,9.31873],[-1.16821,9.32092],[-1.19879,9.30511],[-1.20251,9.30768],[-1.21179,9.30267],[-1.2121,9.29968],[-1.22778,9.29572],[-1.23999,9.28748],[-1.25403,9.3031],[-1.25861,9.31769],[-1.2677,9.32751],[-1.26831,9.33209],[-1.26129,9.33252],[-1.2644,9.3421],[-1.2561,9.35272],[-1.2572,9.3595],[-1.24591,9.38708],[-1.2428,9.41852],[-1.25012,9.42749],[-1.28131,9.50989],[-1.29712,9.52173],[-1.31158,9.53888],[-1.3147,9.54932],[-1.37341,9.61011],[-1.36621,9.61829],[-1.32953,9.63391],[-1.33051,9.64331],[-1.31708,9.64868],[-1.315,9.6521],[-1.32312,9.65631],[-1.31982,9.68408],[-1.32458,9.68927],[-1.32648,9.69769],[-1.33801,9.70587],[-1.34888,9.72949],[-1.34601,9.75372],[-1.35059,9.76532],[-1.34802,9.77509],[-1.3515,9.79449],[-1.34833,9.80371],[-1.34088,9.80829],[-1.328,9.80688],[-1.32062,9.7995],[-1.3103,9.80188],[-1.3136,9.81311],[-1.31299,9.81732],[-1.30841,9.82068],[-1.30591,9.81268],[-1.29431,9.80627],[-1.28638,9.80231],[-1.27319,9.80231],[-1.26471,9.8147],[-1.26318,9.82349],[-1.25098,9.82391],[-1.23859,9.82831],[-1.21942,9.81268],[-1.2132,9.79871],[-1.19702,9.79608],[-1.18671,9.80011]]]}},{"type":"Feature","properties":{"name":"Yendi Municipal","region":"Northern","pcode":"GH0815","level":"ADM2"},"geometry":{"type":"Polygon","coordinates":[[[-0.026,9.75409],[0.00232,9.72949],[0.03229,9.71869],[0.05548,9.69952],[0.07489,9.6925],[0.06293,9.6825],[0.03528,9.64551],[0.04749,9.6377],[0.0683,9.63013],[0.07928,9.62091],[0.08429,9.60852],[0.07751,9.59869],[0.0799,9.57867],[0.09009,9.57349],[0.10132,9.57788],[0.1109,9.57288],[0.11169,9.5661],[0.13428,9.57471],[0.14368,9.57013],[0.15631,9.55267],[0.1593,9.54291],[0.15149,9.52771],[0.14673,9.4787],[0.13953,9.46008],[0.1427,9.45007],[0.15491,9.43988],[0.1637,9.44012],[0.1933,9.43292],[0.2041,9.43292],[0.21649,9.44348],[0.22308,9.44269],[0.23132,9.43689],[0.21948,9.42633],[0.2171,9.42072],[0.21771,9.40692],[0.20929,9.38751],[0.20929,9.37653],[0.21307,9.3689],[0.22852,9.36572],[0.24091,9.35632],[0.23688,9.34448],[0.24628,9.3399],[0.25067,9.3313],[0.25067,9.32288],[0.25873,9.31787],[0.26007,9.31409],[0.25671,9.28967],[0.24969,9.28851],[0.24548,9.29712],[0.2359,9.30188],[0.18628,9.3045],[0.17932,9.27228],[0.18127,9.24109],[0.19012,9.2345],[0.2113,9.23871],[0.21887,9.23352],[0.21948,9.22913],[0.19269,9.19873],[0.1781,9.19232],[0.16931,9.19568],[0.14532,9.19672],[0.12793,9.19391],[0.10492,9.2027],[0.08673,9.1991],[0.0719,9.21051],[0.05029,9.2113],[0.04327,9.23712],[0.03571,9.24792],[0.0155,9.25427],[0.00128,9.25311],[-0.01648,9.25891],[-0.0304,9.25928],[-0.03668,9.26532],[-0.03638,9.26892],[-0.03003,9.27252],[-0.03461,9.27972],[-0.03821,9.28351],[-0.0459,9.28113],[-0.0506,9.28528],[-0.05011,9.28833],[-0.04169,9.29413],[-0.04358,9.30469],[-0.05249,9.30548],[-0.05511,9.30231],[-0.0592,9.30267],[-0.06671,9.3089],[-0.06268,9.31592],[-0.073,9.32111],[-0.07428,9.32593],[-0.07178,9.33209],[-0.08533,9.34552],[-0.0827,9.35468],[-0.07098,9.37292],[-0.0672,9.37531],[-0.05841,9.36932],[-0.04919,9.36853],[-0.04279,9.3739],[-0.039,9.38287],[-0.04382,9.38953],[-0.04053,9.39349],[-0.04462,9.40033],[-0.04523,9.4115],[-0.05029,9.41309],[-0.05939,9.42633],[-0.05579,9.43433],[-0.07721,9.4353],[-0.08282,9.43793],[-0.09412,9.45453],[-0.10278,9.45752],[-0.10321,9.46289],[-0.09058,9.49353],[-0.09839,9.4953],[-0.09741,9.49872],[-0.08148,9.50812],[-0.08441,9.52087],[-0.0802,9.52472],[-0.07892,9.52069],[-0.0719,9.51892],[-0.07361,9.53271],[-0.06982,9.53851],[-0.07019,9.5459],[-0.06592,9.55469],[-0.06232,9.55408],[-0.06183,9.5473],[-0.05762,9.54852],[-0.05212,9.56268],[-0.06201,9.56628],[-0.06091,9.57428],[-0.06818,9.5769],[-0.06561,9.58789],[-0.0733,9.58807],[-0.0816,9.59412],[-0.08392,9.59808],[-0.08319,9.60669],[-0.08771,9.6059],[-0.09003,9.60889],[-0.08679,9.6181],[-0.09058,9.62408],[-0.10229,9.62909],[-0.12048,9.62567],[-0.1297,9.62769],[-0.14081,9.6347],[-0.15228,9.64728],[-0.17139,9.65192],[-0.17511,9.66687],[-0.17273,9.67731],[-0.15808,9.68408],[-0.15381,9.6817],[-0.1452,9.6955],[-0.13568,9.7019],[-0.104,9.70532],[-0.10321,9.70911],[-0.08533,9.71808],[-0.07751,9.72528],[-0.07532,9.73572],[-0.06958,9.73993],[-0.06653,9.74768],[-0.0459,9.75153],[-0.03943,9.75531],[-0.026,9.75409]]]}},{"type":"Feature","properties":{"name":"Zabzugu","region":"Northern","pcode":"GH0816","level":"ADM2"},"geometry":{"type":"Polygon","coordinates":[[[0.38788,8.80511],[0.37769,8.81293],[0.37268,8.82788],[0.34668,8.85052],[0.32172,8.86493],[0.32489,8.83789],[0.32147,8.82867],[0.31311,8.82727],[0.28632,8.84808],[0.28607,8.85712],[0.2785,8.86969],[0.27911,8.87347],[0.27393,8.87848],[0.27368,8.90051],[0.26788,8.9223],[0.2923,8.96088],[0.31012,8.9751],[0.31592,8.98889],[0.28247,9.00549],[0.27368,9.0061],[0.25531,8.99847],[0.24231,8.99792],[0.25128,9.01892],[0.25708,9.0235],[0.26709,9.02307],[0.27692,9.01831],[0.28149,9.0119],[0.2887,9.01111],[0.29669,9.01868],[0.30292,9.03851],[0.29669,9.04633],[0.28552,9.05029],[0.27252,9.0495],[0.25012,9.04108],[0.23029,9.04352],[0.20313,9.0387],[0.1991,9.04089],[0.18951,9.06329],[0.19067,9.07111],[0.19592,9.07709],[0.22351,9.07312],[0.24689,9.06409],[0.25409,9.07233],[0.25409,9.07971],[0.25031,9.08612],[0.21008,9.12372],[0.1817,9.13788],[0.16772,9.16193],[0.17389,9.1925],[0.19269,9.19873],[0.21948,9.22913],[0.21887,9.23352],[0.2113,9.23871],[0.19012,9.2345],[0.18127,9.24109],[0.17932,9.27228],[0.18628,9.3045],[0.2359,9.30188],[0.24548,9.29712],[0.24969,9.28851],[0.25671,9.28967],[0.26007,9.31409],[0.25873,9.31787],[0.25067,9.32288],[0.25067,9.3313],[0.24628,9.3399],[0.25348,9.34052],[0.27667,9.36029],[0.29132,9.35632],[0.29889,9.3587],[0.31091,9.3559],[0.34949,9.37408],[0.36749,9.37408],[0.36792,9.36371],[0.36267,9.34473],[0.36389,9.33771],[0.37549,9.33008],[0.38708,9.32788],[0.40332,9.3313],[0.41229,9.34113],[0.43152,9.35193],[0.46429,9.3399],[0.47113,9.31653],[0.46948,9.30951],[0.46033,9.29633],[0.42792,9.27112],[0.40851,9.2467],[0.40729,9.24152],[0.40851,9.21753],[0.40289,9.19849],[0.40289,9.18591],[0.39911,9.1839],[0.3985,9.17987],[0.40509,9.17169],[0.41632,9.16449],[0.41949,9.15289],[0.4433,9.13232],[0.43793,9.12793],[0.42352,9.12347],[0.39172,9.12592],[0.38031,9.12372],[0.37628,9.12189],[0.37268,9.1145],[0.38031,9.10553],[0.37048,9.10248],[0.36969,9.09888],[0.36572,9.03729],[0.36292,9.02789],[0.37793,9.02533],[0.39209,9.03247],[0.39752,9.02728],[0.39868,9.01611],[0.39587,9.00208],[0.40009,8.99188],[0.4079,8.98767],[0.42548,8.98633],[0.43372,8.9801],[0.44788,8.97491],[0.43408,8.9361],[0.42792,8.93152],[0.42688,8.91913],[0.4137,8.9079],[0.40332,8.89288],[0.39789,8.86987],[0.4021,8.84387],[0.39929,8.83807],[0.40088,8.82532],[0.38788,8.80511]]]}},{"type":"Feature","properties":{"name":"Biakoye","region":"Oti","pcode":"GH1001","level":"ADM2"},"geometry":{"type":"Polygon","coordinates":[[[0.42291,7.6889],[0.42389,7.61407],[0.41992,7.53052],[0.40729,7.51672],[0.39148,7.50989],[0.38849,7.49908],[0.39172,7.47632],[0.36932,7.43268],[0.35492,7.42908],[0.34631,7.42249],[0.34509,7.39349],[0.33313,7.37909],[0.32648,7.37671],[0.32593,7.37207],[0.32892,7.36469],[0.33228,7.3631],[0.35529,7.35931],[0.38092,7.36853],[0.39191,7.36688],[0.40808,7.3573],[0.43951,7.3609],[0.44427,7.3631],[0.4433,7.3761],[0.45648,7.39771],[0.47009,7.4057],[0.4729,7.3465],[0.47028,7.33008],[0.46649,7.32831],[0.47949,7.2923],[0.46527,7.28967],[0.4505,7.29633],[0.45093,7.28473],[0.44672,7.2821],[0.4469,7.27789],[0.44208,7.27789],[0.4353,7.28473],[0.42712,7.28088],[0.41571,7.2663],[0.39172,7.22668],[0.36768,7.14832],[0.35748,7.13171],[0.34949,7.12653],[0.33911,7.1297],[0.33972,7.11609],[0.33392,7.10748],[0.32892,7.0907],[0.31592,7.09589],[0.22449,7.09949],[0.24268,7.12708],[0.24249,7.14868],[0.23529,7.16711],[0.21631,7.17407],[0.18231,7.17969],[0.18268,7.1933],[0.19208,7.21912],[0.2041,7.27551],[0.21509,7.31012],[0.2085,7.35089],[0.19873,7.3681],[0.17889,7.3811],[0.17273,7.38049],[0.15051,7.39093],[0.13647,7.40228],[0.12408,7.40649],[0.1347,7.41589],[0.14508,7.41351],[0.17029,7.41571],[0.17889,7.42212],[0.18268,7.43231],[0.2287,7.45612],[0.24371,7.4671],[0.25769,7.4657],[0.28052,7.48309],[0.3017,7.48749],[0.30029,7.50269],[0.30249,7.50549],[0.30652,7.50452],[0.30591,7.51129],[0.30969,7.51929],[0.30591,7.52069],[0.31152,7.52991],[0.30511,7.53668],[0.30609,7.5401],[0.3161,7.53668],[0.32629,7.54669],[0.32709,7.56073],[0.32288,7.56628],[0.32812,7.57471],[0.32208,7.58008],[0.32452,7.58411],[0.32129,7.59027],[0.33612,7.5965],[0.33588,7.60052],[0.33008,7.60669],[0.3335,7.61371],[0.33209,7.61792],[0.34412,7.6297],[0.34851,7.65613],[0.35291,7.6579],[0.35449,7.66913],[0.37073,7.67908],[0.37091,7.68433],[0.37653,7.68951],[0.37708,7.68549],[0.40332,7.6947],[0.41913,7.69287],[0.41913,7.68988],[0.42291,7.6889]]]}},{"type":"Feature","properties":{"name":"Guan District","region":"Oti","pcode":"","level":"ADM2"},"geometry":{"type":"Polygon","coordinates":[[[0.39159,7.22663],[0.42709,7.28093],[0.43533,7.2846],[0.44095,7.27745],[0.44834,7.27715],[0.44539,7.28162],[0.452,7.2849],[0.44855,7.29778],[0.46516,7.28973],[0.48368,7.29316],[0.49141,7.29019],[0.50505,7.30095],[0.51412,7.30119],[0.52252,7.29769],[0.52715,7.30309],[0.53479,7.30479],[0.53477,7.29992],[0.54049,7.29557],[0.54167,7.27149],[0.53696,7.25637],[0.53343,7.25443],[0.53355,7.24738],[0.51708,7.23973],[0.52119,7.23472],[0.51932,7.22052],[0.53566,7.22008],[0.5427,7.22515],[0.5409,7.23322],[0.54399,7.23858],[0.54861,7.23895],[0.54903,7.2465],[0.55266,7.24742],[0.55295,7.25343],[0.557,7.25382],[0.56091,7.2597],[0.56284,7.26825],[0.57167,7.26762],[0.57325,7.28109],[0.57708,7.28414],[0.57401,7.28468],[0.57409,7.28782],[0.58077,7.28862],[0.58356,7.27811],[0.60631,7.26652],[0.64334,7.26306],[0.63376,7.20687],[0.62435,7.18293],[0.61666,7.18195],[0.6142,7.17448],[0.61849,7.17057],[0.61598,7.15764],[0.60972,7.15329],[0.60482,7.15391],[0.60543,7.14194],[0.60314,7.13578],[0.59698,7.13383],[0.59586,7.12776],[0.58643,7.12812],[0.5825,7.12227],[0.55593,7.12451],[0.55377,7.13023],[0.5481,7.12975],[0.54714,7.12674],[0.55049,7.12199],[0.531,7.11576],[0.53328,7.15417],[0.52225,7.15627],[0.5197,7.15305],[0.51935,7.16383],[0.50109,7.17406],[0.4869,7.16723],[0.4904,7.17256],[0.48115,7.18017],[0.47892,7.18745],[0.47527,7.18579],[0.47496,7.18069],[0.43654,7.17016],[0.41655,7.15431],[0.40413,7.16423],[0.406,7.13979],[0.39657,7.13618],[0.39159,7.22663]]]}},{"type":"Feature","properties":{"name":"Jasikan","region":"Oti","pcode":"GH1002","level":"ADM2"},"geometry":{"type":"Polygon","coordinates":[[[0.52148,7.52008],[0.5191,7.51312],[0.52393,7.4931],[0.52911,7.48633],[0.52649,7.48352],[0.52808,7.47968],[0.52051,7.46991],[0.5235,7.46368],[0.51947,7.4613],[0.52173,7.45551],[0.52832,7.45813],[0.53229,7.4549],[0.53693,7.42651],[0.55267,7.40631],[0.57312,7.39471],[0.59869,7.40033],[0.60211,7.4079],[0.60529,7.40613],[0.61969,7.41333],[0.62531,7.41132],[0.63129,7.40308],[0.64172,7.40131],[0.64471,7.39789],[0.64728,7.38068],[0.64331,7.37512],[0.65887,7.31671],[0.65033,7.29132],[0.64673,7.29089],[0.64313,7.27869],[0.64429,7.26312],[0.60632,7.26648],[0.58392,7.27832],[0.58069,7.2879],[0.57452,7.28748],[0.57147,7.26813],[0.5639,7.26849],[0.56091,7.2597],[0.5531,7.25293],[0.5531,7.24908],[0.5481,7.24353],[0.54871,7.23889],[0.54413,7.23853],[0.54089,7.23328],[0.54272,7.2251],[0.53571,7.22009],[0.51929,7.22052],[0.5213,7.23468],[0.51709,7.23969],[0.53351,7.24951],[0.53711,7.25708],[0.5415,7.28168],[0.53931,7.29651],[0.53473,7.30353],[0.52808,7.30328],[0.52271,7.29791],[0.51251,7.30133],[0.50488,7.30011],[0.49268,7.29108],[0.47949,7.2923],[0.47229,7.31128],[0.46649,7.32831],[0.47028,7.33008],[0.4729,7.3465],[0.47009,7.4057],[0.45648,7.39771],[0.4433,7.3761],[0.44427,7.3631],[0.43951,7.3609],[0.40808,7.3573],[0.39191,7.36688],[0.38092,7.36853],[0.35529,7.35931],[0.33228,7.3631],[0.32892,7.36469],[0.32593,7.37207],[0.32648,7.37671],[0.33313,7.37909],[0.34509,7.39349],[0.34631,7.42249],[0.35492,7.42908],[0.36932,7.43268],[0.39172,7.47632],[0.38849,7.49908],[0.39148,7.50989],[0.40729,7.51672],[0.41992,7.53052],[0.48547,7.51508],[0.52148,7.52008]]]}},{"type":"Feature","properties":{"name":"Kadjebi","region":"Oti","pcode":"GH1003","level":"ADM2"},"geometry":{"type":"Polygon","coordinates":[[[0.56348,7.91913],[0.56567,7.91449],[0.58612,7.90228],[0.58868,7.90411],[0.59668,7.8999],[0.62073,7.90088],[0.62329,7.87152],[0.6275,7.86829],[0.62628,7.85052],[0.62408,7.84229],[0.62091,7.84192],[0.61749,7.8067],[0.62048,7.79889],[0.61768,7.79633],[0.62811,7.79352],[0.63092,7.77069],[0.63049,7.76752],[0.61987,7.76367],[0.61871,7.75769],[0.61151,7.75409],[0.6167,7.74371],[0.62469,7.71149],[0.62909,7.70569],[0.62048,7.70349],[0.61029,7.71033],[0.60291,7.71008],[0.59253,7.7041],[0.58313,7.65588],[0.5863,7.62512],[0.55389,7.60791],[0.54187,7.60687],[0.53052,7.59729],[0.51929,7.5929],[0.52789,7.58832],[0.52911,7.58313],[0.52148,7.52008],[0.48547,7.51508],[0.41992,7.53052],[0.42389,7.61407],[0.42291,7.6889],[0.42969,7.69208],[0.43829,7.68732],[0.44452,7.69128],[0.4433,7.71411],[0.4483,7.72729],[0.44373,7.75012],[0.44611,7.75311],[0.44287,7.76172],[0.45331,7.79327],[0.45251,7.79852],[0.44891,7.80072],[0.45068,7.80688],[0.44427,7.81348],[0.44373,7.82751],[0.44989,7.83612],[0.4635,7.82593],[0.46729,7.83148],[0.47968,7.82867],[0.48328,7.83069],[0.47791,7.83771],[0.48413,7.84509],[0.49048,7.86292],[0.49689,7.86432],[0.49792,7.86908],[0.50732,7.87567],[0.50629,7.89069],[0.50391,7.89349],[0.49652,7.8905],[0.49292,7.89313],[0.49469,7.89728],[0.49249,7.90033],[0.50232,7.90509],[0.50488,7.91211],[0.51672,7.91589],[0.53448,7.90973],[0.55072,7.91351],[0.55829,7.91968],[0.56348,7.91913]]]}},{"type":"Feature","properties":{"name":"Krachi East Municipal","region":"Oti","pcode":"GH1004","level":"ADM2"},"geometry":{"type":"Polygon","coordinates":[[[0.30408,8.13049],[0.2843,8.11572],[0.27649,8.11749],[0.27252,8.1131],[0.25592,8.10773],[0.24292,8.10773],[0.25531,8.09552],[0.26331,8.09387],[0.25769,8.09192],[0.25848,8.08148],[0.26813,8.07208],[0.28192,8.06512],[0.30432,8.06653],[0.31171,8.05389],[0.31152,8.04169],[0.35193,8.01691],[0.39331,7.9859],[0.40668,7.9743],[0.40448,7.96753],[0.41351,7.96948],[0.41687,7.96649],[0.43127,7.96509],[0.43628,7.96228],[0.43811,7.95728],[0.44989,7.96332],[0.45673,7.96173],[0.45972,7.95569],[0.4707,7.95428],[0.47491,7.94733],[0.46912,7.93628],[0.4729,7.93091],[0.47192,7.92651],[0.47809,7.92352],[0.48932,7.91132],[0.48993,7.9035],[0.49469,7.89728],[0.49292,7.89313],[0.49652,7.8905],[0.50391,7.89349],[0.50629,7.89069],[0.50732,7.87567],[0.49792,7.86908],[0.49689,7.86432],[0.49048,7.86292],[0.48413,7.84509],[0.47791,7.83771],[0.48328,7.83069],[0.47968,7.82867],[0.46729,7.83148],[0.4635,7.82593],[0.44989,7.83612],[0.44373,7.82751],[0.44427,7.81348],[0.45068,7.80688],[0.44891,7.80072],[0.45251,7.79852],[0.45331,7.79327],[0.44287,7.76172],[0.44611,7.75311],[0.44373,7.75012],[0.4483,7.72729],[0.4433,7.71411],[0.44452,7.69128],[0.43829,7.68732],[0.42969,7.69208],[0.42291,7.6889],[0.41913,7.68988],[0.41913,7.69287],[0.40332,7.6947],[0.37708,7.68549],[0.37653,7.68951],[0.37091,7.68433],[0.37073,7.67908],[0.35449,7.66913],[0.35291,7.6579],[0.34851,7.65613],[0.34412,7.6297],[0.33209,7.61792],[0.3335,7.61371],[0.33008,7.60669],[0.33588,7.60052],[0.33612,7.5965],[0.32129,7.59027],[0.32452,7.58411],[0.32208,7.58008],[0.32812,7.57471],[0.32288,7.56628],[0.32709,7.56073],[0.32629,7.54669],[0.3161,7.53668],[0.30609,7.5401],[0.30511,7.53668],[0.31152,7.52991],[0.30591,7.52069],[0.30969,7.51929],[0.30591,7.51129],[0.30652,7.50452],[0.30249,7.50549],[0.30029,7.50269],[0.3017,7.48749],[0.28052,7.48309],[0.25769,7.4657],[0.24371,7.4671],[0.2287,7.45612],[0.18268,7.43231],[0.17889,7.42212],[0.17029,7.41571],[0.14508,7.41351],[0.1347,7.41589],[0.12408,7.40649],[0.09991,7.42572],[0.09113,7.42932],[0.08331,7.44849],[0.07709,7.48212],[0.04309,7.53912],[0.00952,7.57849],[-0.01428,7.6261],[-0.01678,7.64832],[-0.0152,7.68408],[0.01453,7.69128],[0.03729,7.71228],[0.04449,7.7403],[0.06732,7.76813],[0.07788,7.79431],[0.07672,7.83289],[0.07373,7.83508],[0.06128,7.83313],[0.06787,7.85632],[0.07349,7.90472],[0.06512,7.94208],[0.06567,7.9505],[0.1037,7.97369],[0.11652,7.99451],[0.11871,8.01489],[0.07428,8.05328],[0.07629,8.06427],[0.08972,8.07452],[0.10608,8.07532],[0.1405,8.07013],[0.1731,8.08832],[0.19391,8.09351],[0.19708,8.10931],[0.1767,8.11591],[0.15729,8.13391],[0.14771,8.15552],[0.15271,8.16193],[0.15149,8.16669],[0.15552,8.1665],[0.1593,8.17212],[0.1637,8.17188],[0.17853,8.18573],[0.17828,8.19391],[0.19391,8.19067],[0.20313,8.19611],[0.21307,8.19489],[0.21991,8.2019],[0.2309,8.2005],[0.24591,8.20673],[0.2641,8.19611],[0.26727,8.19647],[0.26709,8.20172],[0.27087,8.20367],[0.27728,8.19751],[0.2749,8.19489],[0.27631,8.18793],[0.28333,8.18848],[0.29089,8.18408],[0.30713,8.18127],[0.31689,8.16687],[0.31348,8.14771],[0.30408,8.13049]]]}},{"type":"Feature","properties":{"name":"Krachi Nchumuru","region":"Oti","pcode":"GH1005","level":"ADM2"},"geometry":{"type":"Polygon","coordinates":[[[0.12988,8.21472],[0.13312,8.20728],[0.14471,8.19769],[0.17828,8.19391],[0.17969,8.19153],[0.17853,8.18573],[0.1637,8.17188],[0.1593,8.17212],[0.15552,8.1665],[0.15149,8.16669],[0.15271,8.16193],[0.14771,8.15552],[0.15729,8.13391],[0.1767,8.11591],[0.19708,8.10931],[0.19391,8.09351],[0.1731,8.08832],[0.1405,8.07013],[0.10608,8.07532],[0.08972,8.07452],[0.08649,8.07208],[0.03229,8.10107],[0.01593,8.10492],[-0.00018,8.10632],[-0.02722,8.10431],[-0.03552,8.10052],[-0.04468,8.1015],[-0.05798,8.09729],[-0.07562,8.08148],[-0.0816,8.08087],[-0.08759,8.06592],[-0.0946,8.0567],[-0.12628,8.0517],[-0.14612,8.04089],[-0.15411,8.03131],[-0.17322,8.02472],[-0.21472,8.03088],[-0.2406,8.04968],[-0.24878,8.07709],[-0.29492,8.11731],[-0.31927,8.13049],[-0.3847,8.15289],[-0.35413,8.16632],[-0.35162,8.17249],[-0.35858,8.18573],[-0.35193,8.19269],[-0.34851,8.20172],[-0.36841,8.20111],[-0.38489,8.19513],[-0.38971,8.19873],[-0.39081,8.21088],[-0.38751,8.22412],[-0.37811,8.22852],[-0.36023,8.2309],[-0.31927,8.22693],[-0.29181,8.24268],[-0.2807,8.24548],[-0.27478,8.22949],[-0.26959,8.22247],[-0.2594,8.21631],[-0.23779,8.2179],[-0.2326,8.21307],[-0.2243,8.21289],[-0.21881,8.2179],[-0.198,8.22028],[-0.19659,8.22552],[-0.1861,8.2323],[-0.17291,8.22913],[-0.16663,8.23749],[-0.16931,8.25208],[-0.15179,8.2641],[-0.14581,8.27191],[-0.12451,8.27307],[-0.11462,8.29669],[-0.11023,8.3349],[-0.10199,8.33612],[-0.08698,8.33289],[-0.08331,8.33752],[-0.06769,8.34113],[-0.06519,8.35052],[-0.05823,8.35211],[-0.04108,8.3493],[-0.0379,8.33447],[-0.00208,8.3197],[0.01007,8.29889],[0.02753,8.29749],[0.04187,8.29169],[0.05188,8.29108],[0.06152,8.2821],[0.07288,8.28308],[0.0799,8.2807],[0.08313,8.27228],[0.0907,8.26727],[0.10431,8.23969],[0.09491,8.23309],[0.08588,8.23273],[0.07953,8.22412],[0.09528,8.2301],[0.10608,8.22571],[0.11469,8.22827],[0.1167,8.21912],[0.12988,8.21472]]]}},{"type":"Feature","properties":{"name":"Krachi West","region":"Oti","pcode":"GH1006","level":"ADM2"},"geometry":{"type":"Polygon","coordinates":[[[0.01593,8.10492],[0.03229,8.10107],[0.08649,8.07208],[0.07629,8.06427],[0.07428,8.05328],[0.11871,8.01489],[0.11652,7.99451],[0.1037,7.97369],[0.06567,7.9505],[0.06512,7.94208],[0.07349,7.90472],[0.06787,7.85632],[0.06128,7.83313],[0.07373,7.83508],[0.07672,7.83289],[0.07788,7.79431],[0.06732,7.76813],[0.04449,7.7403],[0.03729,7.71228],[0.01453,7.69128],[-0.0152,7.68408],[0.0025,7.71771],[0.00409,7.74249],[-0.01453,7.7569],[-0.04248,7.75452],[-0.05859,7.74872],[-0.07721,7.74731],[-0.1001,7.75049],[-0.11102,7.76031],[-0.1264,7.78833],[-0.13611,7.82489],[-0.14539,7.90308],[-0.14172,7.93512],[-0.13647,7.9397],[-0.13489,7.94849],[-0.14111,7.9585],[-0.17383,7.95752],[-0.17023,7.96991],[-0.14423,8.00549],[-0.14148,8.01788],[-0.15411,8.03131],[-0.14612,8.04089],[-0.12628,8.0517],[-0.0946,8.0567],[-0.08759,8.06592],[-0.0816,8.08087],[-0.07562,8.08148],[-0.05798,8.09729],[-0.04468,8.1015],[-0.03552,8.10052],[-0.02722,8.10431],[0.01593,8.10492]]]}},{"type":"Feature","properties":{"name":"Nkwanta North","region":"Oti","pcode":"GH1007","level":"ADM2"},"geometry":{"type":"Polygon","coordinates":[[[0.38232,8.73969],[0.46948,8.60028],[0.4577,8.59888],[0.44568,8.58673],[0.42133,8.58173],[0.40253,8.56152],[0.38733,8.55371],[0.37073,8.55029],[0.36591,8.53607],[0.35852,8.5343],[0.3623,8.52649],[0.34387,8.52051],[0.33148,8.50891],[0.31653,8.50549],[0.32312,8.49011],[0.31592,8.48932],[0.31329,8.48169],[0.30188,8.4809],[0.29993,8.47668],[0.30609,8.46948],[0.30292,8.46411],[0.30591,8.46191],[0.29449,8.45691],[0.29712,8.44952],[0.28851,8.44891],[0.2887,8.44171],[0.28448,8.4389],[0.28552,8.43292],[0.28229,8.43048],[0.30011,8.41772],[0.29749,8.41492],[0.28748,8.41553],[0.27911,8.3941],[0.28027,8.3913],[0.28967,8.38953],[0.2851,8.3717],[0.2901,8.36572],[0.28632,8.36212],[0.27911,8.36292],[0.27753,8.3587],[0.2829,8.35089],[0.29108,8.3493],[0.29108,8.3457],[0.28528,8.34167],[0.28851,8.33411],[0.28229,8.32831],[0.27393,8.3327],[0.24072,8.33392],[0.22748,8.34229],[0.23529,8.34387],[0.24292,8.35413],[0.24432,8.38647],[0.22308,8.4071],[0.20752,8.4101],[0.16528,8.39111],[0.12488,8.38287],[0.10468,8.39008],[0.08649,8.40332],[0.0929,8.42749],[0.0907,8.4455],[0.08173,8.46088],[0.09491,8.47168],[0.12091,8.48547],[0.09387,8.50171],[0.08948,8.51727],[0.08209,8.52771],[0.09448,8.55109],[0.09912,8.5697],[0.11029,8.59412],[0.12689,8.60468],[0.13287,8.60291],[0.14752,8.58868],[0.16992,8.59491],[0.17188,8.5993],[0.17273,8.60889],[0.16968,8.61572],[0.14728,8.62952],[0.1391,8.63953],[0.13611,8.65271],[0.13867,8.6687],[0.1687,8.70172],[0.18073,8.71051],[0.18213,8.7215],[0.1665,8.75391],[0.16791,8.77393],[0.17432,8.77032],[0.1709,8.76532],[0.18091,8.76208],[0.18127,8.74451],[0.18372,8.74231],[0.18707,8.74188],[0.1875,8.74652],[0.19928,8.74432],[0.21252,8.75427],[0.21631,8.7547],[0.2229,8.74988],[0.23187,8.7533],[0.23767,8.75189],[0.24487,8.74109],[0.25732,8.7467],[0.26971,8.73969],[0.27051,8.7309],[0.27991,8.7251],[0.28387,8.72467],[0.28748,8.73328],[0.29132,8.73291],[0.29352,8.74127],[0.29749,8.74213],[0.30151,8.72668],[0.31451,8.73413],[0.32288,8.72949],[0.33832,8.73053],[0.34253,8.72827],[0.34332,8.72009],[0.35388,8.71887],[0.35913,8.71973],[0.35992,8.72467],[0.34692,8.73993],[0.35327,8.74188],[0.37372,8.73572],[0.38232,8.73969]]]}},{"type":"Feature","properties":{"name":"Nkwanta South Municipal","region":"Oti","pcode":"GH1008","level":"ADM2"},"geometry":{"type":"Polygon","coordinates":[[[0.6261,7.90149],[0.59668,7.8999],[0.58868,7.90411],[0.58612,7.90228],[0.56567,7.91449],[0.56348,7.91913],[0.55829,7.91968],[0.55072,7.91351],[0.53448,7.90973],[0.51672,7.91589],[0.5083,7.91431],[0.50232,7.90509],[0.49249,7.90033],[0.48749,7.91412],[0.47192,7.92651],[0.4729,7.93091],[0.46912,7.93628],[0.47491,7.94733],[0.4707,7.95428],[0.45972,7.95569],[0.45673,7.96173],[0.44989,7.96332],[0.43811,7.95728],[0.43628,7.96228],[0.43127,7.96509],[0.41687,7.96649],[0.41351,7.96948],[0.40448,7.96753],[0.40668,7.9743],[0.39331,7.9859],[0.35193,8.01691],[0.31152,8.04169],[0.31171,8.05389],[0.30432,8.06653],[0.28192,8.06512],[0.26813,8.07208],[0.25848,8.08148],[0.25769,8.09192],[0.26331,8.09387],[0.25531,8.09552],[0.24292,8.10773],[0.25592,8.10773],[0.27252,8.1131],[0.27649,8.11749],[0.2843,8.11572],[0.30408,8.13049],[0.31348,8.14771],[0.31689,8.16687],[0.30713,8.18127],[0.29089,8.18408],[0.28333,8.18848],[0.27631,8.18793],[0.2749,8.19489],[0.27728,8.19751],[0.27087,8.20367],[0.26709,8.20172],[0.26727,8.19647],[0.2641,8.19611],[0.24591,8.20673],[0.2309,8.2005],[0.21991,8.2019],[0.21307,8.19489],[0.20313,8.19611],[0.19391,8.19067],[0.14471,8.19769],[0.13312,8.20728],[0.12372,8.2309],[0.1449,8.24091],[0.16193,8.24152],[0.18927,8.24933],[0.19391,8.2533],[0.19629,8.26031],[0.19672,8.3017],[0.1853,8.32269],[0.19128,8.33392],[0.20471,8.34149],[0.21429,8.34253],[0.22748,8.34229],[0.24072,8.33392],[0.27393,8.3327],[0.28229,8.32831],[0.28851,8.33411],[0.28528,8.34167],[0.29108,8.3457],[0.29108,8.3493],[0.2829,8.35089],[0.27753,8.3587],[0.27911,8.36292],[0.28632,8.36212],[0.2901,8.36572],[0.2851,8.3717],[0.28967,8.38953],[0.28027,8.3913],[0.27911,8.3941],[0.28748,8.41553],[0.29749,8.41492],[0.30011,8.41772],[0.28229,8.43048],[0.28552,8.43292],[0.28448,8.4389],[0.2887,8.44171],[0.28851,8.44891],[0.29712,8.44952],[0.29449,8.45691],[0.30591,8.46191],[0.30292,8.46411],[0.30609,8.46948],[0.29993,8.47668],[0.30188,8.4809],[0.31329,8.48169],[0.31592,8.48932],[0.32312,8.49011],[0.31653,8.50549],[0.33148,8.50891],[0.34387,8.52051],[0.3623,8.52649],[0.35852,8.5343],[0.36591,8.53607],[0.37073,8.55029],[0.38733,8.55371],[0.40253,8.56152],[0.42133,8.58173],[0.44568,8.58673],[0.4577,8.59888],[0.46948,8.60028],[0.47668,8.59528],[0.48352,8.5979],[0.4931,8.59613],[0.50171,8.57489],[0.5069,8.57391],[0.51489,8.56549],[0.52991,8.5697],[0.54089,8.55731],[0.55908,8.55011],[0.56451,8.54492],[0.57208,8.52667],[0.58331,8.52869],[0.59131,8.51672],[0.60193,8.51813],[0.6217,8.5119],[0.62872,8.5083],[0.62732,8.49988],[0.62988,8.49731],[0.64331,8.49573],[0.64709,8.49048],[0.64532,8.47607],[0.65491,8.45691],[0.65527,8.4527],[0.65253,8.45227],[0.65228,8.42151],[0.68549,8.41107],[0.6889,8.40527],[0.69531,8.4035],[0.6933,8.39551],[0.7049,8.39349],[0.69971,8.3891],[0.7085,8.3847],[0.71033,8.35248],[0.71692,8.35071],[0.7193,8.34808],[0.7179,8.34473],[0.72729,8.34351],[0.72888,8.34088],[0.7309,8.29449],[0.72632,8.2821],[0.68872,8.28192],[0.68292,8.27972],[0.68188,8.2663],[0.67352,8.25909],[0.63892,8.26068],[0.63672,8.25488],[0.63812,8.24628],[0.62512,8.23431],[0.62549,8.22491],[0.61987,8.2207],[0.6189,8.21552],[0.61072,8.21631],[0.59027,8.20709],[0.58972,8.19812],[0.59253,8.1925],[0.60327,8.18152],[0.61328,8.18433],[0.61389,8.18011],[0.60773,8.17249],[0.61133,8.15411],[0.60687,8.13892],[0.59332,8.1391],[0.59149,8.13629],[0.5943,8.1275],[0.59192,8.10327],[0.58569,8.10107],[0.58508,8.09332],[0.59308,8.06171],[0.59747,8.06152],[0.59869,8.05731],[0.59473,8.03888],[0.60052,8.02612],[0.60968,8.0271],[0.62231,8.01251],[0.62073,8.00787],[0.6131,8.0047],[0.61768,7.96588],[0.62329,7.96173],[0.62128,7.93671],[0.62689,7.93109],[0.63049,7.9201],[0.62811,7.91791],[0.63171,7.91388],[0.6261,7.90149]]]}},{"type":"Feature","properties":{"name":"Bole","region":"Savannah","pcode":"GH1101","level":"ADM2"},"geometry":{"type":"Polygon","coordinates":[[[-2.40399,9.23413],[-2.40948,9.20929],[-2.40002,9.19031],[-2.4043,9.17688],[-2.40271,9.17249],[-2.39111,9.16913],[-2.37402,9.14288],[-2.36542,9.1369],[-2.36243,9.13629],[-2.35773,9.14752],[-2.35052,9.1543],[-2.34302,9.15289],[-2.33289,9.14551],[-2.28638,9.15631],[-2.27191,9.15393],[-2.26282,9.15588],[-2.23431,9.14288],[-2.22021,9.12793],[-2.20221,9.11652],[-2.18939,9.11188],[-2.177,9.10229],[-2.16492,9.07831],[-2.15381,9.06848],[-2.13708,9.06372],[-2.11652,9.03491],[-2.0932,9.02753],[-2.07819,9.03113],[-2.06439,9.02753],[-2.0495,9.01709],[-2.04303,9.02032],[-2.0329,9.01611],[-2.0473,8.99829],[-2.05859,9.00189],[-2.06989,8.99908],[-2.07129,8.99487],[-2.07971,8.99127],[-2.10303,8.99591],[-2.12653,8.98669],[-2.14172,8.98529],[-2.15271,8.98853],[-2.16571,8.98633],[-2.17761,8.97852],[-2.21832,8.96307],[-2.23242,8.96667],[-2.2572,8.95551],[-2.23029,8.92291],[-2.22089,8.91632],[-2.21118,8.91388],[-2.1933,8.89807],[-2.18378,8.89648],[-2.17133,8.87549],[-2.14893,8.8623],[-2.1441,8.84113],[-2.13,8.82928],[-2.11871,8.83191],[-2.1123,8.82849],[-2.10901,8.82129],[-2.0802,8.82489],[-2.04248,8.82489],[-2.04041,8.82031],[-2.01648,8.81128],[-2.01221,8.79291],[-2.00879,8.79211],[-2.0105,8.77893],[-2.00781,8.7691],[-1.99658,8.75873],[-1.99469,8.75269],[-1.97351,8.7547],[-1.96381,8.74432],[-1.94568,8.74268],[-1.9375,8.74652],[-1.92639,8.74292],[-1.91803,8.74652],[-1.90759,8.74371],[-1.89722,8.7373],[-1.89362,8.7287],[-1.88672,8.72571],[-1.87653,8.71368],[-1.8764,8.70728],[-1.87042,8.6983],[-1.867,8.68591],[-1.86493,8.66089],[-1.85632,8.65253],[-1.87183,8.63428],[-1.88928,8.5863],[-1.89288,8.55609],[-1.89868,8.54028],[-1.88312,8.48029],[-1.88641,8.46448],[-1.90881,8.44031],[-1.90778,8.39691],[-1.88379,8.34869],[-1.87091,8.33411],[-1.8562,8.32953],[-1.8443,8.3299],[-1.81659,8.33929],[-1.80292,8.33948],[-1.78992,8.33588],[-1.76868,8.32013],[-1.76288,8.30267],[-1.74841,8.28009],[-1.7467,8.26929],[-1.75458,8.25128],[-1.77191,8.23273],[-1.78461,8.22668],[-1.79858,8.22632],[-1.84058,8.25189],[-1.86859,8.25952],[-1.89508,8.26172],[-1.90802,8.24689],[-1.91351,8.22968],[-1.9314,8.21033],[-1.94049,8.18951],[-1.96033,8.16992],[-1.9798,8.16589],[-2.00623,8.1557],[-2.0282,8.15552],[-2.04358,8.14771],[-2.06372,8.14612],[-2.08331,8.1535],[-2.1062,8.15729],[-2.117,8.15692],[-2.12421,8.14832],[-2.13409,8.15112],[-2.15381,8.17151],[-2.16309,8.17633],[-2.16821,8.21149],[-2.17792,8.21887],[-2.19263,8.2229],[-2.20508,8.23187],[-2.2121,8.24231],[-2.20898,8.24792],[-2.21289,8.25629],[-2.22931,8.2641],[-2.23889,8.28052],[-2.25311,8.27753],[-2.27301,8.2915],[-2.28821,8.29688],[-2.28632,8.31873],[-2.29541,8.32751],[-2.29712,8.34229],[-2.30438,8.35388],[-2.29779,8.38068],[-2.30688,8.38953],[-2.3092,8.39893],[-2.31799,8.4115],[-2.32501,8.4173],[-2.33789,8.45453],[-2.35071,8.46033],[-2.35571,8.46851],[-2.36603,8.47607],[-2.37073,8.49933],[-2.35852,8.51831],[-2.35883,8.52289],[-2.36713,8.53931],[-2.37158,8.5401],[-2.38092,8.55212],[-2.39911,8.55792],[-2.40289,8.56451],[-2.41272,8.57147],[-2.41791,8.58551],[-2.41779,8.6123],[-2.44031,8.62909],[-2.45422,8.64728],[-2.46429,8.65228],[-2.48859,8.68689],[-2.48969,8.69751],[-2.49951,8.71869],[-2.51202,8.72949],[-2.53162,8.7359],[-2.54321,8.76111],[-2.5705,8.77289],[-2.58429,8.78589],[-2.59589,8.78833],[-2.61731,8.78729],[-2.62848,8.79572],[-2.62231,8.80652],[-2.59851,8.8219],[-2.59631,8.82892],[-2.6004,8.8429],[-2.60791,8.84912],[-2.62268,8.87708],[-2.61609,8.91089],[-2.6178,8.92047],[-2.62701,8.92969],[-2.64258,8.93469],[-2.65021,8.94269],[-2.65771,8.98328],[-2.65411,9.00751],[-2.66028,9.00812],[-2.66388,9.01593],[-2.67181,9.01971],[-2.69519,9.01849],[-2.69879,9.01593],[-2.7052,9.02069],[-2.72028,9.01349],[-2.71381,9.02271],[-2.716,9.02509],[-2.73029,9.0271],[-2.758,9.02533],[-2.77191,9.0329],[-2.7738,9.04431],[-2.7829,9.05969],[-2.78009,9.06732],[-2.76831,9.08032],[-2.7655,9.09027],[-2.77393,9.1427],[-2.76392,9.15088],[-2.74951,9.15668],[-2.74268,9.15631],[-2.73602,9.16071],[-2.72321,9.1853],[-2.72168,9.19287],[-2.72388,9.1991],[-2.72052,9.19672],[-2.7135,9.20911],[-2.70782,9.20789],[-2.69281,9.19489],[-2.68488,9.1925],[-2.66681,9.19568],[-2.64258,9.18573],[-2.61823,9.19348],[-2.60828,9.18829],[-2.57758,9.19312],[-2.56848,9.19128],[-2.52832,9.20172],[-2.48218,9.20972],[-2.4696,9.21729],[-2.4707,9.2207],[-2.46631,9.22528],[-2.4574,9.22748],[-2.45331,9.23511],[-2.41553,9.23431],[-2.40668,9.23651],[-2.40399,9.23413]]]}},{"type":"Feature","properties":{"name":"Central Gonja","region":"Savannah","pcode":"GH1102","level":"ADM2"},"geometry":{"type":"Polygon","coordinates":[[[-0.96429,9.33472],[-0.96008,9.30469],[-0.95508,9.30048],[-0.93573,9.29492],[-0.93512,9.28308],[-0.92542,9.27893],[-0.91553,9.28009],[-0.9032,9.27393],[-0.89911,9.26489],[-0.89508,9.26367],[-0.88342,9.2489],[-0.87421,9.22809],[-0.85431,9.21948],[-0.83881,9.21832],[-0.84839,9.19733],[-0.854,9.19287],[-0.84229,9.18689],[-0.84058,9.18109],[-0.84369,9.16852],[-0.84003,9.14587],[-0.82343,9.1543],[-0.81482,9.15271],[-0.79431,9.15771],[-0.77551,9.15588],[-0.76178,9.1441],[-0.75861,9.13452],[-0.74799,9.1275],[-0.74219,9.12988],[-0.73822,9.1261],[-0.74011,9.1059],[-0.73419,9.09491],[-0.72241,9.08447],[-0.729,9.06049],[-0.7226,9.05511],[-0.72412,9.03632],[-0.72131,9.02753],[-0.71613,9.02191],[-0.72668,9.0097],[-0.72137,8.99591],[-0.71753,8.99731],[-0.71863,9.00153],[-0.69818,9.0097],[-0.68628,9.02209],[-0.66199,9.01428],[-0.62372,9.01288],[-0.61072,8.99829],[-0.60748,8.97748],[-0.6012,8.96149],[-0.60419,8.95551],[-0.6319,8.94647],[-0.6424,8.93628],[-0.66888,8.92371],[-0.66431,8.91089],[-0.64539,8.88507],[-0.64673,8.87732],[-0.6424,8.86169],[-0.64691,8.84509],[-0.63989,8.81653],[-0.66248,8.77472],[-0.677,8.76129],[-0.685,8.7403],[-0.69922,8.72412],[-0.69812,8.69708],[-0.70941,8.6853],[-0.7157,8.66949],[-0.72681,8.65912],[-0.73401,8.63788],[-0.7439,8.63129],[-0.74591,8.62689],[-0.74011,8.61908],[-0.74219,8.61011],[-0.7475,8.60132],[-0.7572,8.60291],[-0.76923,8.61407],[-0.7735,8.62347],[-0.78619,8.60211],[-0.7995,8.5943],[-0.8092,8.57953],[-0.8186,8.55688],[-0.8291,8.54309],[-0.8587,8.53711],[-0.87671,8.54413],[-0.88879,8.56049],[-0.92651,8.63031],[-0.94092,8.64771],[-0.9502,8.65253],[-0.98322,8.65991],[-1.02948,8.69489],[-1.05359,8.7019],[-1.0755,8.70227],[-1.12549,8.67853],[-1.18591,8.67828],[-1.198,8.6701],[-1.21033,8.66809],[-1.2616,8.6897],[-1.28552,8.7179],[-1.29022,8.72089],[-1.30219,8.72009],[-1.31152,8.72351],[-1.35602,8.75909],[-1.37842,8.76813],[-1.40808,8.77429],[-1.45001,8.76569],[-1.47388,8.76532],[-1.48419,8.75989],[-1.49902,8.73871],[-1.51111,8.69128],[-1.53131,8.68109],[-1.55499,8.67572],[-1.61511,8.67749],[-1.62891,8.68091],[-1.64539,8.6925],[-1.6593,8.69489],[-1.67871,8.68469],[-1.68201,8.67987],[-1.68372,8.65649],[-1.69318,8.64392],[-1.72803,8.62793],[-1.73798,8.6261],[-1.75519,8.63013],[-1.78888,8.65253],[-1.81189,8.66107],[-1.83942,8.66132],[-1.85632,8.65253],[-1.86493,8.66089],[-1.867,8.68591],[-1.87042,8.6983],[-1.8764,8.70728],[-1.87653,8.71368],[-1.88672,8.72571],[-1.89362,8.7287],[-1.89722,8.7373],[-1.91803,8.74652],[-1.92639,8.74292],[-1.9375,8.74652],[-1.94983,8.74292],[-1.96381,8.74432],[-1.97351,8.7547],[-1.99469,8.75269],[-1.99658,8.75873],[-2.00781,8.7691],[-2.0105,8.77893],[-2.00879,8.79211],[-2.01221,8.79291],[-2.01648,8.81128],[-2.04041,8.82031],[-2.04248,8.82489],[-2.0802,8.82489],[-2.10901,8.82129],[-2.1123,8.82849],[-2.11871,8.83191],[-2.13,8.82928],[-2.1441,8.84113],[-2.14893,8.8623],[-2.17133,8.87549],[-2.18378,8.89648],[-2.1933,8.89807],[-2.21118,8.91388],[-2.22089,8.91632],[-2.23029,8.92291],[-2.2572,8.95551],[-2.23242,8.96667],[-2.21832,8.96307],[-2.17761,8.97852],[-2.16571,8.98633],[-2.15271,8.98853],[-2.14172,8.98529],[-2.12653,8.98669],[-2.10303,8.99591],[-2.07971,8.99127],[-2.07129,8.99487],[-2.06989,8.99908],[-2.05859,9.00189],[-2.0473,8.99829],[-2.03131,9.02032],[-2.01703,9.03149],[-2.008,9.04352],[-1.99231,9.04291],[-1.9892,9.0401],[-1.9762,9.0423],[-1.9743,9.04907],[-1.95221,9.0473],[-1.93988,9.05292],[-1.92749,9.04327],[-1.91711,9.04187],[-1.90973,9.04388],[-1.90271,9.05048],[-1.88971,9.0473],[-1.87952,9.04968],[-1.85748,9.03772],[-1.8432,9.0343],[-1.84052,9.03131],[-1.84198,9.02667],[-1.83252,9.0105],[-1.85608,8.96869],[-1.85211,8.9613],[-1.86011,8.95093],[-1.86139,8.9317],[-1.85602,8.9021],[-1.85651,8.87952],[-1.7005,8.85449],[-1.69427,8.89148],[-1.6767,8.90771],[-1.65839,8.91968],[-1.62048,8.91608],[-1.6095,8.91968],[-1.60382,8.92688],[-1.58911,8.92908],[-1.57898,8.93451],[-1.57349,8.94409],[-1.56311,8.95032],[-1.58118,8.98291],[-1.58868,8.98749],[-1.58661,8.99353],[-1.56738,9.00732],[-1.55139,9.03888],[-1.51642,9.05872],[-1.50879,9.07251],[-1.49512,9.08008],[-1.47461,9.10571],[-1.4491,9.11493],[-1.4306,9.11371],[-1.42249,9.11591],[-1.41553,9.12531],[-1.40271,9.1297],[-1.3811,9.12671],[-1.37402,9.12988],[-1.3783,9.1485],[-1.36243,9.1687],[-1.34229,9.16071],[-1.31879,9.15613],[-1.28741,9.1745],[-1.27869,9.18469],[-1.26471,9.18469],[-1.26111,9.18951],[-1.25812,9.18628],[-1.2533,9.18732],[-1.24512,9.2063],[-1.23901,9.21191],[-1.23682,9.22571],[-1.2403,9.24408],[-1.237,9.26147],[-1.23853,9.26532],[-1.25061,9.26611],[-1.25293,9.27252],[-1.24231,9.27893],[-1.23999,9.28748],[-1.22778,9.29572],[-1.2121,9.29968],[-1.21179,9.30267],[-1.20251,9.30768],[-1.19879,9.30511],[-1.18231,9.31207],[-1.16821,9.32092],[-1.16461,9.31873],[-1.11981,9.31769],[-1.10468,9.3089],[-1.10028,9.30969],[-1.09381,9.31628],[-1.0755,9.32593],[-1.05951,9.32788],[-1.04993,9.33948],[-1.03931,9.34412],[-1.03082,9.34131],[-1.01611,9.33032],[-1.01508,9.32672],[-1.02039,9.31531],[-1.01758,9.31372],[-0.99579,9.32892],[-0.98718,9.32971],[-0.9751,9.33588],[-0.96429,9.33472]]]}},{"type":"Feature","properties":{"name":"East Gonja Municipal","region":"Savannah","pcode":"GH1103","level":"ADM2"},"geometry":{"type":"Polygon","coordinates":[[[-0.87671,8.54413],[-0.86102,8.49152],[-0.85022,8.44189],[-0.8252,8.39948],[-0.80731,8.3783],[-0.77979,8.33551],[-0.80139,8.33972],[-0.85779,8.32849],[-0.85901,8.32233],[-0.8526,8.31488],[-0.8623,8.27411],[-0.86572,8.27087],[-0.89508,8.25769],[-0.93793,8.25171],[-0.94861,8.24652],[-0.9599,8.25067],[-0.9657,8.2467],[-0.96771,8.23309],[-0.979,8.22729],[-0.98743,8.23529],[-0.98871,8.24213],[-0.99249,8.24573],[-1.00891,8.2475],[-1.01923,8.26111],[-1.02258,8.25928],[-1.03839,8.24371],[-1.04291,8.20892],[-1.04102,8.16791],[-1.0675,8.12793],[-1.04352,8.09308],[-1.04102,8.08148],[-1.0473,8.0697],[-1.04681,8.06189],[-1.03619,8.05731],[-1.03351,8.0451],[-1.01929,8.0307],[-1.01691,8.01849],[-1.01941,8.01611],[-1.02948,8.01752],[-1.03668,8.02551],[-1.04871,8.02972],[-1.08051,8.01709],[-1.09662,7.99768],[-1.10699,7.99268],[-1.12109,7.99432],[-1.125,7.99731],[-1.1319,7.99548],[-1.14862,7.99988],[-1.15442,7.99811],[-1.16193,8.01331],[-1.15942,8.0343],[-1.16559,8.05847],[-1.16479,8.07111],[-1.15741,8.08209],[-1.15723,8.0899],[-1.22949,8.2049],[-1.23712,8.22369],[-1.25128,8.2431],[-1.26648,8.25732],[-1.26868,8.27692],[-1.27411,8.2851],[-1.27643,8.30511],[-1.27899,8.30811],[-1.27631,8.31152],[-1.27759,8.32068],[-1.27289,8.3349],[-1.26532,8.34088],[-1.25891,8.35413],[-1.25732,8.3587],[-1.26111,8.36871],[-1.25342,8.37848],[-1.25909,8.40692],[-1.25458,8.41852],[-1.25519,8.42731],[-1.26178,8.43109],[-1.26221,8.43488],[-1.25812,8.45453],[-1.24371,8.46832],[-1.23242,8.4707],[-1.22803,8.47729],[-1.22137,8.47809],[-1.2204,8.48907],[-1.21771,8.49091],[-1.1955,8.49469],[-1.19238,8.5011],[-1.19562,8.51111],[-1.18323,8.51129],[-1.17981,8.51593],[-1.17529,8.51672],[-1.17371,8.50873],[-1.16931,8.50848],[-1.16412,8.51508],[-1.16528,8.5235],[-1.17102,8.52753],[-1.17072,8.53571],[-1.16101,8.53748],[-1.15552,8.54211],[-1.146,8.55847],[-1.14148,8.57648],[-1.146,8.59131],[-1.14661,8.62549],[-1.15051,8.6333],[-1.1449,8.64612],[-1.14728,8.6557],[-1.14441,8.67749],[-1.12549,8.67853],[-1.11469,8.68231],[-1.10248,8.6911],[-1.0755,8.70227],[-1.05359,8.7019],[-1.02948,8.69489],[-0.98322,8.65991],[-0.9502,8.65253],[-0.94092,8.64771],[-0.92651,8.63031],[-0.88879,8.56049],[-0.87671,8.54413]]]}},{"type":"Feature","properties":{"name":"North East Gonja","region":"Savannah","pcode":"GH1104","level":"ADM2"},"geometry":{"type":"Polygon","coordinates":[[[-0.56268,9.2887],[-0.54352,9.27612],[-0.53571,9.27509],[-0.5202,9.28192],[-0.51141,9.27472],[-0.51172,9.26532],[-0.50629,9.25873],[-0.49109,9.25049],[-0.47601,9.24792],[-0.4693,9.24268],[-0.43591,9.23108],[-0.4259,9.22272],[-0.41968,9.22272],[-0.39209,9.23529],[-0.37769,9.22809],[-0.35822,9.22308],[-0.33948,9.2113],[-0.32452,9.20929],[-0.3175,9.1983],[-0.30969,9.19269],[-0.30621,9.18127],[-0.29608,9.1767],[-0.28082,9.13733],[-0.25922,9.12732],[-0.2514,9.12927],[-0.24719,9.12408],[-0.23712,9.11951],[-0.22968,9.12292],[-0.2265,9.1217],[-0.21912,9.11047],[-0.20178,9.1095],[-0.20691,9.10449],[-0.20831,9.08289],[-0.21161,9.07971],[-0.20502,9.06207],[-0.21301,9.05133],[-0.21252,9.04468],[-0.21832,9.03271],[-0.20831,9.02533],[-0.211,9.01233],[-0.20441,9.00348],[-0.20502,8.99872],[-0.1955,8.97528],[-0.20038,8.94769],[-0.21301,8.94611],[-0.22198,8.93591],[-0.23761,8.93793],[-0.24103,8.93048],[-0.2381,8.92047],[-0.24823,8.91711],[-0.24371,8.90991],[-0.25568,8.90131],[-0.27209,8.90271],[-0.28088,8.8999],[-0.28009,8.89612],[-0.28821,8.8913],[-0.28888,8.88812],[-0.30261,8.88409],[-0.29541,8.8653],[-0.29901,8.8645],[-0.2998,8.86108],[-0.31042,8.85828],[-0.32629,8.86267],[-0.32971,8.86011],[-0.33459,8.8667],[-0.34198,8.86591],[-0.34253,8.8623],[-0.33911,8.86108],[-0.34369,8.85492],[-0.34253,8.84631],[-0.33948,8.8457],[-0.33533,8.83789],[-0.32269,8.83411],[-0.32013,8.81848],[-0.31659,8.81628],[-0.3092,8.81989],[-0.29889,8.81787],[-0.29608,8.81152],[-0.30341,8.79492],[-0.3064,8.79431],[-0.30469,8.78772],[-0.30823,8.78473],[-0.30823,8.76892],[-0.31421,8.76349],[-0.31622,8.75012],[-0.32971,8.74268],[-0.33649,8.75311],[-0.3465,8.75787],[-0.36401,8.7453],[-0.37219,8.74353],[-0.37219,8.73993],[-0.36621,8.73511],[-0.3667,8.73132],[-0.37,8.72308],[-0.38342,8.72308],[-0.38159,8.71088],[-0.39478,8.71191],[-0.40198,8.71088],[-0.40491,8.70752],[-0.4071,8.71448],[-0.41101,8.70911],[-0.41272,8.72089],[-0.40869,8.73212],[-0.41211,8.73389],[-0.43182,8.72809],[-0.43182,8.71753],[-0.4483,8.72791],[-0.45782,8.72168],[-0.47223,8.73431],[-0.4856,8.72711],[-0.49042,8.71033],[-0.48969,8.70428],[-0.48621,8.70349],[-0.48419,8.68188],[-0.47571,8.6825],[-0.47021,8.67212],[-0.45801,8.67749],[-0.45312,8.67511],[-0.44708,8.66248],[-0.43958,8.66351],[-0.43951,8.66028],[-0.43268,8.65588],[-0.43591,8.6507],[-0.43512,8.6449],[-0.43091,8.64288],[-0.42401,8.64972],[-0.42041,8.64911],[-0.41278,8.62549],[-0.41632,8.61292],[-0.41461,8.60828],[-0.40991,8.60809],[-0.41101,8.60071],[-0.40698,8.59851],[-0.40332,8.60388],[-0.39929,8.60229],[-0.39508,8.59351],[-0.39062,8.59528],[-0.3811,8.59271],[-0.37872,8.59692],[-0.37329,8.59772],[-0.37189,8.58771],[-0.36511,8.59271],[-0.3623,8.59888],[-0.35858,8.5993],[-0.35931,8.58948],[-0.3634,8.5827],[-0.35468,8.57068],[-0.34741,8.57031],[-0.3443,8.56732],[-0.34961,8.5611],[-0.34882,8.55713],[-0.33661,8.53851],[-0.33551,8.53113],[-0.32141,8.53247],[-0.31842,8.5351],[-0.31299,8.52911],[-0.31049,8.53748],[-0.30658,8.53888],[-0.30402,8.5365],[-0.29749,8.5473],[-0.2948,8.54572],[-0.29773,8.54291],[-0.2948,8.54187],[-0.27539,8.55713],[-0.26819,8.54529],[-0.26093,8.54791],[-0.25677,8.5553],[-0.23859,8.55988],[-0.23712,8.56989],[-0.2345,8.5719],[-0.22821,8.56769],[-0.22388,8.5697],[-0.21362,8.55292],[-0.1991,8.55389],[-0.19659,8.55109],[-0.20642,8.53748],[-0.20679,8.52808],[-0.19983,8.52307],[-0.20691,8.49353],[-0.19568,8.48389],[-0.19922,8.48169],[-0.20813,8.48669],[-0.21161,8.48413],[-0.21222,8.4707],[-0.2301,8.47528],[-0.2428,8.47272],[-0.23578,8.4599],[-0.21918,8.45453],[-0.21979,8.44647],[-0.22461,8.43109],[-0.2348,8.41388],[-0.23871,8.39771],[-0.24939,8.3797],[-0.2525,8.35291],[-0.25531,8.3501],[-0.26752,8.35028],[-0.27399,8.35309],[-0.30011,8.35352],[-0.30609,8.35809],[-0.32611,8.33911],[-0.3078,8.32068],[-0.27789,8.32013],[-0.26788,8.32593],[-0.26361,8.33447],[-0.25891,8.3363],[-0.2478,8.33392],[-0.24109,8.34192],[-0.21912,8.33832],[-0.21411,8.34192],[-0.21033,8.3501],[-0.19409,8.34912],[-0.18872,8.35773],[-0.18561,8.35571],[-0.18311,8.33691],[-0.16321,8.31207],[-0.159,8.29907],[-0.14832,8.29028],[-0.1424,8.2807],[-0.14178,8.27228],[-0.14581,8.27191],[-0.15179,8.2641],[-0.16931,8.25208],[-0.16663,8.23749],[-0.17059,8.23071],[-0.17731,8.22888],[-0.1861,8.2323],[-0.19659,8.22552],[-0.198,8.22028],[-0.21881,8.2179],[-0.2243,8.21289],[-0.2326,8.21307],[-0.23779,8.2179],[-0.2594,8.21631],[-0.26959,8.22247],[-0.27478,8.22949],[-0.2807,8.24548],[-0.29181,8.24268],[-0.31927,8.22693],[-0.36951,8.2309],[-0.38751,8.22412],[-0.39081,8.21088],[-0.38971,8.19873],[-0.38489,8.19513],[-0.36841,8.20111],[-0.34851,8.20172],[-0.35193,8.19269],[-0.35858,8.18573],[-0.35162,8.17249],[-0.35413,8.16632],[-0.3847,8.15289],[-0.41901,8.15289],[-0.4444,8.15747],[-0.48743,8.17212],[-0.50299,8.18091],[-0.54248,8.18768],[-0.63953,8.26947],[-0.74078,8.33551],[-0.77979,8.33551],[-0.80731,8.3783],[-0.8252,8.39948],[-0.85022,8.44189],[-0.86102,8.49152],[-0.87671,8.54413],[-0.8587,8.53711],[-0.8291,8.54309],[-0.8186,8.55688],[-0.8092,8.57953],[-0.7995,8.5943],[-0.78619,8.60211],[-0.7735,8.62347],[-0.76923,8.61407],[-0.7572,8.60291],[-0.7475,8.60132],[-0.74042,8.61469],[-0.74011,8.61908],[-0.74591,8.62689],[-0.7439,8.63129],[-0.73401,8.63788],[-0.72681,8.65912],[-0.7157,8.66949],[-0.70941,8.6853],[-0.69812,8.69708],[-0.69922,8.72412],[-0.685,8.7403],[-0.677,8.76129],[-0.66248,8.77472],[-0.63989,8.81653],[-0.64691,8.84509],[-0.6424,8.86169],[-0.64673,8.87732],[-0.64539,8.88507],[-0.66431,8.91089],[-0.66888,8.92371],[-0.6424,8.93628],[-0.6319,8.94647],[-0.60419,8.95551],[-0.6012,8.96149],[-0.60748,8.97748],[-0.61072,8.99829],[-0.62372,9.01288],[-0.66199,9.01428],[-0.68628,9.02209],[-0.69818,9.0097],[-0.71863,9.00153],[-0.71753,8.99731],[-0.72137,8.99591],[-0.72668,9.0097],[-0.71613,9.02191],[-0.72131,9.02753],[-0.72412,9.03632],[-0.7226,9.05511],[-0.729,9.06049],[-0.72241,9.08447],[-0.73419,9.09491],[-0.74011,9.1059],[-0.73822,9.1261],[-0.74219,9.12988],[-0.74799,9.1275],[-0.75861,9.13452],[-0.76178,9.1441],[-0.77551,9.15588],[-0.79431,9.15771],[-0.81482,9.15271],[-0.82343,9.1543],[-0.84003,9.14587],[-0.84369,9.16852],[-0.84058,9.18109],[-0.84229,9.18689],[-0.854,9.19287],[-0.84839,9.19733],[-0.83881,9.21832],[-0.85431,9.21948],[-0.87421,9.22809],[-0.88342,9.2489],[-0.89508,9.26367],[-0.89911,9.26489],[-0.9032,9.27393],[-0.91553,9.28009],[-0.92542,9.27893],[-0.93512,9.28308],[-0.93573,9.29492],[-0.93231,9.29871],[-0.92639,9.29633],[-0.88611,9.30969],[-0.88232,9.30829],[-0.87903,9.3017],[-0.87061,9.30591],[-0.85889,9.30591],[-0.84991,9.3045],[-0.8476,9.29828],[-0.83282,9.29791],[-0.82312,9.31049],[-0.80481,9.3183],[-0.79492,9.30872],[-0.77661,9.30353],[-0.76532,9.29688],[-0.71631,9.28888],[-0.69788,9.28333],[-0.71283,9.29309],[-0.71161,9.30548],[-0.71759,9.31592],[-0.71539,9.32471],[-0.70978,9.32471],[-0.6886,9.31091],[-0.68701,9.32092],[-0.68341,9.32532],[-0.65192,9.31531],[-0.63452,9.3183],[-0.63562,9.31189],[-0.62811,9.30768],[-0.617,9.3125],[-0.61078,9.31207],[-0.6037,9.32312],[-0.59399,9.32831],[-0.58209,9.31909],[-0.56921,9.29211],[-0.56628,9.28833],[-0.56268,9.2887]]]}},{"type":"Feature","properties":{"name":"North Gonja","region":"Savannah","pcode":"GH1105","level":"ADM2"},"geometry":{"type":"Polygon","coordinates":[[[-1.46973,10.10291],[-1.4375,10.10309],[-1.41193,10.08948],[-1.40369,10.09351],[-1.38361,10.09027],[-1.36871,10.09412],[-1.36713,10.08832],[-1.3559,10.08051],[-1.32141,10.06592],[-1.3092,10.06488],[-1.30762,10.0575],[-1.30157,10.04968],[-1.28711,10.03668],[-1.27972,10.03809],[-1.27618,10.03168],[-1.25751,10.03552],[-1.2522,10.03369],[-1.2403,10.02612],[-1.2334,10.01331],[-1.22748,10.00873],[-1.21033,10.0061],[-1.19708,9.99469],[-1.17981,9.99127],[-1.15662,9.97791],[-1.14178,9.97888],[-1.13898,9.96887],[-1.12451,9.9585],[-1.11041,9.9317],[-1.10937,9.92767],[-1.11981,9.92767],[-1.15479,9.94873],[-1.16388,9.95227],[-1.1767,9.94989],[-1.17871,9.93768],[-1.17621,9.92328],[-1.18188,9.89771],[-1.17108,9.8797],[-1.16431,9.87408],[-1.16058,9.8595],[-1.16602,9.83447],[-1.1731,9.82013],[-1.1698,9.81451],[-1.17371,9.80792],[-1.17529,9.79053],[-1.18671,9.80011],[-1.19702,9.79608],[-1.2132,9.79871],[-1.21942,9.81268],[-1.23859,9.82831],[-1.25098,9.82391],[-1.26318,9.82349],[-1.26471,9.8147],[-1.27319,9.80231],[-1.28638,9.80231],[-1.29431,9.80627],[-1.30591,9.81268],[-1.30841,9.82068],[-1.31299,9.81732],[-1.3136,9.81311],[-1.3103,9.80188],[-1.32062,9.7995],[-1.328,9.80688],[-1.34088,9.80829],[-1.34833,9.80371],[-1.3515,9.79449],[-1.34802,9.77509],[-1.35059,9.76532],[-1.34601,9.75372],[-1.34888,9.72949],[-1.33801,9.70587],[-1.32648,9.69769],[-1.32458,9.68927],[-1.31982,9.68408],[-1.32312,9.65631],[-1.315,9.6521],[-1.31708,9.64868],[-1.33051,9.64331],[-1.32953,9.63391],[-1.36621,9.61829],[-1.37341,9.61011],[-1.3147,9.54932],[-1.31158,9.53888],[-1.29712,9.52173],[-1.28131,9.50989],[-1.25012,9.42749],[-1.2428,9.41852],[-1.24591,9.38708],[-1.2572,9.3595],[-1.2561,9.35272],[-1.2644,9.3421],[-1.26129,9.33252],[-1.26831,9.33209],[-1.2677,9.32751],[-1.25861,9.31769],[-1.25403,9.3031],[-1.23999,9.28748],[-1.242,9.28351],[-1.24622,9.28833],[-1.26251,9.29529],[-1.28571,9.32672],[-1.29633,9.3327],[-1.30652,9.34509],[-1.31311,9.3587],[-1.32361,9.36932],[-1.34332,9.38153],[-1.35071,9.37708],[-1.35962,9.37671],[-1.36963,9.37128],[-1.38678,9.36792],[-1.39221,9.35272],[-1.4035,9.35211],[-1.40869,9.34088],[-1.41663,9.33868],[-1.42059,9.32953],[-1.42493,9.3277],[-1.43152,9.33173],[-1.43701,9.33148],[-1.4458,9.32532],[-1.44678,9.32147],[-1.46082,9.31812],[-1.47931,9.32233],[-1.48279,9.33069],[-1.49451,9.32568],[-1.49402,9.32172],[-1.50043,9.31451],[-1.50281,9.30371],[-1.50763,9.3017],[-1.50623,9.29907],[-1.52472,9.29669],[-1.53052,9.30133],[-1.53491,9.31567],[-1.53992,9.31989],[-1.54852,9.3111],[-1.55658,9.30847],[-1.56,9.30371],[-1.56311,9.30487],[-1.56708,9.29907],[-1.56372,9.2937],[-1.57031,9.29028],[-1.56818,9.28552],[-1.57251,9.28528],[-1.58002,9.27631],[-1.58423,9.27667],[-1.58838,9.28589],[-1.59558,9.28772],[-1.59888,9.29169],[-1.60498,9.29089],[-1.61102,9.29791],[-1.61108,9.30212],[-1.63501,9.32288],[-1.65131,9.3291],[-1.65759,9.33673],[-1.67981,9.3493],[-1.6944,9.36328],[-1.7149,9.37207],[-1.71759,9.38287],[-1.729,9.39331],[-1.73181,9.41388],[-1.73932,9.41913],[-1.73419,9.44128],[-1.73792,9.45288],[-1.7724,9.49628],[-1.78619,9.50311],[-1.84338,9.50372],[-1.84912,9.50568],[-1.84802,9.51208],[-1.85052,9.51367],[-1.86749,9.51489],[-1.86688,9.51892],[-1.87561,9.52173],[-1.8764,9.52533],[-1.87341,9.53247],[-1.8689,9.53369],[-1.86713,9.54248],[-1.87048,9.54431],[-1.87469,9.55731],[-1.88647,9.56049],[-1.90613,9.55432],[-1.9101,9.56189],[-1.9223,9.5719],[-1.92609,9.5827],[-1.92133,9.6015],[-1.91272,9.61011],[-1.90479,9.62811],[-1.90558,9.6319],[-1.89429,9.64313],[-1.88708,9.64612],[-1.8869,9.64972],[-1.90033,9.66449],[-1.90808,9.68109],[-1.91058,9.68872],[-1.90808,9.7063],[-1.91632,9.72333],[-1.9209,9.7467],[-1.94281,9.77911],[-1.9632,9.79907],[-1.9693,9.81049],[-1.9859,9.82373],[-1.74219,9.82013],[-1.70978,9.82251],[-1.70691,9.82471],[-1.703,9.84167],[-1.69641,9.8869],[-1.70673,9.90131],[-1.7049,9.92432],[-1.71381,9.92969],[-1.71478,9.93671],[-1.71509,9.94189],[-1.7077,9.94568],[-1.71033,9.96033],[-1.70782,9.96448],[-1.71259,9.97089],[-1.71051,9.98212],[-1.71808,10.00153],[-1.71393,10.01288],[-1.70172,10.0141],[-1.7019,10.02112],[-1.69562,10.0249],[-1.69482,10.03052],[-1.68561,10.03851],[-1.67328,10.02588],[-1.66742,10.03528],[-1.6676,10.04431],[-1.66168,10.04468],[-1.64478,10.03809],[-1.63489,10.04272],[-1.63,10.05328],[-1.64221,10.05847],[-1.65472,10.07391],[-1.62952,10.07928],[-1.62592,10.07892],[-1.62042,10.0697],[-1.60931,10.07031],[-1.58228,10.08148],[-1.57831,10.08911],[-1.56018,10.09113],[-1.55731,10.09729],[-1.5517,10.09332],[-1.54858,10.07269],[-1.53821,10.07147],[-1.51709,10.0863],[-1.50677,10.08313],[-1.46973,10.10291]]]}},{"type":"Feature","properties":{"name":"Sawla-Tuna-Kalba","region":"Savannah","pcode":"GH1106","level":"ADM2"},"geometry":{"type":"Polygon","coordinates":[[[-1.9859,9.82373],[-1.9693,9.81049],[-1.9632,9.79907],[-1.94281,9.77911],[-1.9209,9.7467],[-1.91632,9.72333],[-1.90808,9.7063],[-1.91058,9.68872],[-1.90808,9.68109],[-1.90033,9.66449],[-1.8869,9.64972],[-1.88708,9.64612],[-1.89429,9.64313],[-1.90558,9.6319],[-1.9104,9.61469],[-1.92133,9.6015],[-1.9256,9.59027],[-1.92609,9.5827],[-1.9223,9.5719],[-1.9137,9.5639],[-1.92902,9.55548],[-1.93219,9.54572],[-1.94171,9.54852],[-1.94812,9.54431],[-1.95819,9.54529],[-1.96722,9.55847],[-1.96771,9.5755],[-1.9787,9.57471],[-1.98499,9.57953],[-1.99841,9.58112],[-2.01093,9.59027],[-2.03339,9.58228],[-2.04303,9.58313],[-2.05988,9.57507],[-2.06482,9.56952],[-2.0849,9.56512],[-2.09363,9.55652],[-2.10999,9.52209],[-2.1189,9.51471],[-2.12231,9.50732],[-2.14569,9.49792],[-2.13702,9.46649],[-2.1377,9.45551],[-2.12769,9.43433],[-2.13098,9.42188],[-2.12622,9.40808],[-2.11871,9.39728],[-2.11871,9.39111],[-2.12341,9.38647],[-2.15179,9.3877],[-2.1673,9.3819],[-2.18152,9.3609],[-2.20038,9.35492],[-2.20111,9.35071],[-2.21948,9.33508],[-2.2215,9.32709],[-2.25659,9.26233],[-2.27209,9.2467],[-2.2887,9.23932],[-2.29059,9.23511],[-2.28772,9.23212],[-2.27972,9.22992],[-2.26959,9.22211],[-2.26678,9.19348],[-2.25708,9.17932],[-2.25891,9.15369],[-2.26282,9.15588],[-2.27191,9.15393],[-2.28638,9.15631],[-2.33289,9.14551],[-2.34302,9.15289],[-2.35052,9.1543],[-2.35773,9.14752],[-2.36243,9.13629],[-2.36542,9.1369],[-2.37402,9.14288],[-2.39111,9.16913],[-2.40271,9.17249],[-2.4043,9.17688],[-2.40002,9.19031],[-2.40948,9.20929],[-2.40399,9.23413],[-2.40668,9.23651],[-2.41553,9.23431],[-2.45331,9.23511],[-2.4574,9.22748],[-2.46631,9.22528],[-2.4707,9.2207],[-2.4696,9.21729],[-2.48218,9.20972],[-2.52832,9.20172],[-2.56848,9.19128],[-2.57758,9.19312],[-2.60828,9.18829],[-2.61823,9.19348],[-2.64258,9.18573],[-2.66681,9.19568],[-2.68488,9.1925],[-2.69281,9.19489],[-2.70782,9.20789],[-2.7135,9.20911],[-2.69788,9.21808],[-2.69208,9.22632],[-2.66193,9.24011],[-2.65662,9.25568],[-2.67401,9.2771],[-2.68591,9.28729],[-2.69421,9.28473],[-2.7077,9.2887],[-2.71521,9.29633],[-2.7207,9.31171],[-2.71991,9.33368],[-2.70319,9.34009],[-2.69373,9.35211],[-2.68158,9.3609],[-2.67682,9.37048],[-2.67371,9.38849],[-2.67761,9.40851],[-2.6886,9.4325],[-2.69,9.45313],[-2.68451,9.47388],[-2.68451,9.4873],[-2.69373,9.50391],[-2.71301,9.52307],[-2.7301,9.52948],[-2.74689,9.54651],[-2.75989,9.55469],[-2.77112,9.57648],[-2.77148,9.59967],[-2.76398,9.60791],[-2.76111,9.61853],[-2.74249,9.64191],[-2.73199,9.64227],[-2.72668,9.63568],[-2.72021,9.63287],[-2.70758,9.63373],[-2.70038,9.63049],[-2.68121,9.63208],[-2.65417,9.64191],[-2.63013,9.64648],[-2.60028,9.6593],[-2.5387,9.67792],[-2.52118,9.68707],[-2.51459,9.6947],[-2.50763,9.71973],[-2.50842,9.74591],[-2.42108,9.77252],[-2.09692,9.81372],[-2.09448,9.81128],[-2.09119,9.78992],[-2.08643,9.78552],[-2.04218,9.77972],[-2.02972,9.7829],[-2.02191,9.78949],[-2.00421,9.82147],[-2.00061,9.82373],[-1.9859,9.82373]]]}},{"type":"Feature","properties":{"name":"West Gonja","region":"Savannah","pcode":"GH1107","level":"ADM2"},"geometry":{"type":"Polygon","coordinates":[[[-2.01093,9.59027],[-1.99841,9.58112],[-1.98499,9.57953],[-1.9787,9.57471],[-1.96771,9.5755],[-1.96722,9.55847],[-1.95819,9.54529],[-1.94812,9.54431],[-1.94171,9.54852],[-1.93219,9.54572],[-1.92902,9.55548],[-1.9137,9.5639],[-1.90613,9.55432],[-1.88123,9.5603],[-1.8717,9.55371],[-1.87048,9.54431],[-1.86713,9.54248],[-1.8689,9.53369],[-1.8764,9.52893],[-1.87561,9.52173],[-1.86688,9.51892],[-1.86749,9.51489],[-1.85052,9.51367],[-1.84802,9.51208],[-1.84912,9.50568],[-1.84338,9.50372],[-1.78619,9.50311],[-1.7724,9.49628],[-1.73792,9.45288],[-1.73419,9.44128],[-1.73932,9.41913],[-1.73181,9.41388],[-1.729,9.39331],[-1.71759,9.38287],[-1.7149,9.37207],[-1.6944,9.36328],[-1.67981,9.3493],[-1.65759,9.33673],[-1.65131,9.3291],[-1.63501,9.32288],[-1.61108,9.30212],[-1.61102,9.29791],[-1.60498,9.29089],[-1.59888,9.29169],[-1.59558,9.28772],[-1.58838,9.28589],[-1.58423,9.27667],[-1.58002,9.27631],[-1.57251,9.28528],[-1.56818,9.28552],[-1.57031,9.29028],[-1.56372,9.2937],[-1.56708,9.29907],[-1.56311,9.30487],[-1.56,9.30371],[-1.55658,9.30847],[-1.54852,9.3111],[-1.53992,9.31989],[-1.53491,9.31567],[-1.53052,9.30133],[-1.52472,9.29669],[-1.50623,9.29907],[-1.50763,9.3017],[-1.50281,9.30371],[-1.50043,9.31451],[-1.49402,9.32172],[-1.49451,9.32568],[-1.48279,9.33069],[-1.47931,9.32233],[-1.46082,9.31812],[-1.44678,9.32147],[-1.4458,9.32532],[-1.43701,9.33148],[-1.43152,9.33173],[-1.42493,9.3277],[-1.42059,9.32953],[-1.41663,9.33868],[-1.40869,9.34088],[-1.4035,9.35211],[-1.39221,9.35272],[-1.38678,9.36792],[-1.36963,9.37128],[-1.35962,9.37671],[-1.35071,9.37708],[-1.34833,9.38049],[-1.33972,9.38013],[-1.31311,9.3587],[-1.30652,9.34509],[-1.29633,9.3327],[-1.28571,9.32672],[-1.26251,9.29529],[-1.24622,9.28833],[-1.242,9.28351],[-1.24231,9.27893],[-1.25293,9.27252],[-1.25293,9.26892],[-1.25061,9.26611],[-1.23853,9.26532],[-1.237,9.26147],[-1.2403,9.24408],[-1.23682,9.22571],[-1.23901,9.21191],[-1.24512,9.2063],[-1.2533,9.18732],[-1.25812,9.18628],[-1.26111,9.18951],[-1.26471,9.18469],[-1.27869,9.18469],[-1.28741,9.1745],[-1.31879,9.15613],[-1.34229,9.16071],[-1.36243,9.1687],[-1.3783,9.1485],[-1.37402,9.12988],[-1.3811,9.12671],[-1.40271,9.1297],[-1.41553,9.12531],[-1.42249,9.11591],[-1.4306,9.11371],[-1.4491,9.11493],[-1.47461,9.10571],[-1.49512,9.08008],[-1.50879,9.07251],[-1.51642,9.05872],[-1.55139,9.03888],[-1.56738,9.00732],[-1.58661,8.99353],[-1.58868,8.98749],[-1.58118,8.98291],[-1.56311,8.95032],[-1.57349,8.94409],[-1.57898,8.93451],[-1.58911,8.92908],[-1.60382,8.92688],[-1.6095,8.91968],[-1.62048,8.91608],[-1.65839,8.91968],[-1.6767,8.90771],[-1.69427,8.89148],[-1.7005,8.85449],[-1.85651,8.87952],[-1.85602,8.9021],[-1.86139,8.9317],[-1.86011,8.95093],[-1.85211,8.9613],[-1.85608,8.96869],[-1.83252,9.0105],[-1.84198,9.02667],[-1.84052,9.03131],[-1.8432,9.0343],[-1.85748,9.03772],[-1.87952,9.04968],[-1.88971,9.0473],[-1.90271,9.05048],[-1.90973,9.04388],[-1.91711,9.04187],[-1.92749,9.04327],[-1.93988,9.05292],[-1.95221,9.0473],[-1.9743,9.04907],[-1.9762,9.0423],[-1.9892,9.0401],[-1.99231,9.04291],[-2.008,9.04352],[-2.0329,9.01611],[-2.04303,9.02032],[-2.0495,9.01709],[-2.06439,9.02753],[-2.07819,9.03113],[-2.09003,9.02753],[-2.10828,9.03113],[-2.11652,9.03491],[-2.13708,9.06372],[-2.15381,9.06848],[-2.16022,9.0733],[-2.16968,9.0849],[-2.17218,9.09613],[-2.177,9.10229],[-2.18939,9.11188],[-2.20221,9.11652],[-2.22021,9.12793],[-2.23431,9.14288],[-2.25891,9.15369],[-2.25708,9.17932],[-2.26678,9.19348],[-2.26959,9.22211],[-2.29059,9.23511],[-2.2887,9.23932],[-2.27209,9.2467],[-2.25659,9.26233],[-2.2215,9.32709],[-2.21948,9.33508],[-2.20111,9.35071],[-2.20038,9.35492],[-2.18152,9.3609],[-2.1673,9.3819],[-2.15179,9.3877],[-2.12341,9.38647],[-2.11871,9.39111],[-2.11871,9.39728],[-2.12622,9.40808],[-2.13098,9.42188],[-2.12769,9.43433],[-2.1377,9.45551],[-2.13702,9.46649],[-2.14569,9.49792],[-2.12231,9.50732],[-2.1189,9.51471],[-2.10999,9.52209],[-2.09363,9.55652],[-2.0849,9.56512],[-2.06482,9.56952],[-2.05988,9.57507],[-2.04303,9.58313],[-2.03339,9.58228],[-2.01093,9.59027]]]}},{"type":"Feature","properties":{"name":"Bawku Municipal","region":"Upper East","pcode":"GH1201","level":"ADM2"},"geometry":{"type":"Polygon","coordinates":[[[-0.21869,11.15973],[-0.22571,11.1369],[-0.2149,11.12927],[-0.21619,11.11731],[-0.20502,11.10449],[-0.2063,11.0885],[-0.19641,11.08868],[-0.1936,11.08051],[-0.1983,11.06592],[-0.19861,11.04828],[-0.19281,11.03552],[-0.17352,11.0423],[-0.1582,11.02869],[-0.159,11.02148],[-0.15161,11.01331],[-0.15033,10.99847],[-0.15601,10.99152],[-0.15668,10.97809],[-0.14728,10.97388],[-0.14362,10.96753],[-0.16559,10.93292],[-0.1781,10.9223],[-0.19678,10.91669],[-0.20911,10.90973],[-0.21503,10.91193],[-0.2196,10.9231],[-0.23572,10.92731],[-0.23651,10.93188],[-0.237,10.93872],[-0.23041,10.95129],[-0.21802,10.95428],[-0.21252,10.96051],[-0.23071,10.97913],[-0.22351,10.98633],[-0.22101,11.00171],[-0.24268,11.0083],[-0.24731,11.0177],[-0.25812,11.02808],[-0.27588,11.03571],[-0.27533,11.03931],[-0.28149,11.04352],[-0.28271,11.04773],[-0.27631,11.05353],[-0.27393,11.06689],[-0.27881,11.07831],[-0.28333,11.08209],[-0.28918,11.08472],[-0.29852,11.07568],[-0.30573,11.07349],[-0.31403,11.08569],[-0.33728,11.09271],[-0.33679,11.10632],[-0.32141,11.11493],[-0.27368,11.12347],[-0.27039,11.12891],[-0.27289,11.13867],[-0.28381,11.14252],[-0.28931,11.14911],[-0.28461,11.15411],[-0.28369,11.16669],[-0.27631,11.17468],[-0.21869,11.15973]]]}},{"type":"Feature","properties":{"name":"Bawku West","region":"Upper East","pcode":"GH1202","level":"ADM2"},"geometry":{"type":"Polygon","coordinates":[[[-0.3598,11.07013],[-0.3739,11.05469],[-0.37488,11.04572],[-0.36902,11.04028],[-0.37152,11.03552],[-0.38611,11.02789],[-0.39001,11.02289],[-0.38458,11.00549],[-0.38733,10.9903],[-0.39111,10.98431],[-0.38721,10.97028],[-0.3656,10.95752],[-0.3656,10.95392],[-0.3681,10.94672],[-0.3811,10.94287],[-0.3819,10.93951],[-0.37201,10.92688],[-0.38031,10.92212],[-0.38019,10.89832],[-0.383,10.89612],[-0.388,10.8999],[-0.39001,10.89728],[-0.38409,10.86652],[-0.39612,10.85327],[-0.38702,10.82788],[-0.375,10.8205],[-0.36359,10.8045],[-0.33362,10.79272],[-0.33252,10.7887],[-0.34833,10.77612],[-0.35211,10.76532],[-0.37201,10.75629],[-0.37543,10.75049],[-0.37128,10.7373],[-0.37262,10.71973],[-0.36749,10.70673],[-0.36493,10.68231],[-0.3548,10.67493],[-0.34271,10.6709],[-0.32941,10.64948],[-0.33032,10.64551],[-0.34161,10.62048],[-0.34741,10.61932],[-0.35541,10.62549],[-0.36511,10.62531],[-0.39691,10.60809],[-0.44312,10.59991],[-0.45239,10.60168],[-0.46912,10.61829],[-0.49268,10.62408],[-0.49921,10.62329],[-0.50702,10.60748],[-0.50531,10.60089],[-0.50842,10.56769],[-0.51959,10.55988],[-0.51862,10.56567],[-0.52753,10.57251],[-0.53839,10.59369],[-0.54919,10.60553],[-0.52441,10.6217],[-0.52551,10.6261],[-0.53888,10.63269],[-0.53351,10.64368],[-0.5426,10.65613],[-0.53918,10.66669],[-0.54572,10.67389],[-0.54431,10.68213],[-0.54962,10.69312],[-0.5473,10.69989],[-0.54883,10.72131],[-0.55872,10.73151],[-0.56671,10.73389],[-0.56622,10.74152],[-0.57397,10.75269],[-0.57721,10.76453],[-0.57642,10.77148],[-0.5705,10.7793],[-0.57343,10.7887],[-0.56061,10.79852],[-0.55768,10.80908],[-0.5686,10.82452],[-0.5885,10.83728],[-0.6015,10.85468],[-0.60571,10.87512],[-0.61841,10.90991],[-0.5932,10.92468],[-0.59302,10.9317],[-0.58661,10.94373],[-0.58533,10.96173],[-0.5813,10.96411],[-0.56812,10.99091],[-0.56451,10.99268],[-0.55408,10.99048],[-0.55121,10.97968],[-0.54431,10.9765],[-0.54321,10.98492],[-0.53021,10.99951],[-0.52631,10.99872],[-0.52289,10.99249],[-0.5127,10.9903],[-0.50153,11.00293],[-0.50208,11.01611],[-0.48108,11.02271],[-0.47919,11.03088],[-0.47479,11.03528],[-0.46033,11.0285],[-0.43829,11.03027],[-0.43408,11.0379],[-0.43842,11.04413],[-0.43628,11.05267],[-0.43982,11.06512],[-0.43402,11.07727],[-0.43158,11.10211],[-0.42682,11.11432],[-0.42322,11.11407],[-0.40253,11.12628],[-0.38489,11.12653],[-0.37341,11.12292],[-0.37561,11.10773],[-0.37158,11.09949],[-0.37183,11.09009],[-0.36041,11.07751],[-0.3598,11.07013]]]}},{"type":"Feature","properties":{"name":"Binduri","region":"Upper East","pcode":"GH1203","level":"ADM2"},"geometry":{"type":"Polygon","coordinates":[[[-0.21252,10.96051],[-0.21802,10.95428],[-0.23041,10.95129],[-0.237,10.93872],[-0.23572,10.92731],[-0.2196,10.9231],[-0.21503,10.91193],[-0.22498,10.89612],[-0.23071,10.89368],[-0.2392,10.8833],[-0.26788,10.8877],[-0.2724,10.8847],[-0.27972,10.87329],[-0.28961,10.87048],[-0.31262,10.8537],[-0.32428,10.83789],[-0.33301,10.83911],[-0.33612,10.83673],[-0.3371,10.82831],[-0.35321,10.81488],[-0.35303,10.8031],[-0.35559,10.80072],[-0.36359,10.8045],[-0.375,10.8205],[-0.38702,10.82788],[-0.39612,10.85327],[-0.38409,10.86652],[-0.39001,10.89728],[-0.388,10.8999],[-0.383,10.89612],[-0.37842,10.9021],[-0.38123,10.91211],[-0.38031,10.92212],[-0.37201,10.92688],[-0.3819,10.93951],[-0.37903,10.94513],[-0.3681,10.94672],[-0.3656,10.95752],[-0.38721,10.97028],[-0.39111,10.98431],[-0.38733,10.9903],[-0.38458,11.00549],[-0.39001,11.02289],[-0.38611,11.02789],[-0.37152,11.03552],[-0.36902,11.04028],[-0.37488,11.04572],[-0.3739,11.05469],[-0.35571,11.0719],[-0.35321,11.08429],[-0.34192,11.08588],[-0.33728,11.09271],[-0.31403,11.08569],[-0.30573,11.07349],[-0.29852,11.07568],[-0.28918,11.08472],[-0.27881,11.07831],[-0.27399,11.06293],[-0.27631,11.05353],[-0.28271,11.04773],[-0.28149,11.04352],[-0.27533,11.03931],[-0.27588,11.03571],[-0.25812,11.02808],[-0.24731,11.0177],[-0.24268,11.0083],[-0.22101,11.00171],[-0.22351,10.98633],[-0.23071,10.97913],[-0.21252,10.96051]]]}},{"type":"Feature","properties":{"name":"Bolga East","region":"Upper East","pcode":"GH1204","level":"ADM2"},"geometry":{"type":"Polygon","coordinates":[[[-0.73993,10.83673],[-0.75031,10.82751],[-0.75842,10.82892],[-0.7644,10.8125],[-0.76208,10.80688],[-0.77051,10.79993],[-0.76599,10.7981],[-0.7666,10.79529],[-0.78223,10.76971],[-0.81152,10.75909],[-0.82123,10.74951],[-0.83008,10.74933],[-0.83893,10.74371],[-0.84918,10.74249],[-0.85791,10.76007],[-0.85742,10.7655],[-0.85229,10.76788],[-0.82831,10.80353],[-0.81372,10.8111],[-0.8078,10.82867],[-0.78552,10.83752],[-0.78198,10.84369],[-0.76343,10.85968],[-0.75409,10.86267],[-0.74561,10.85968],[-0.73993,10.83673]]]}},{"type":"Feature","properties":{"name":"Bolgatanga Municipal","region":"Upper East","pcode":"GH1205","level":"ADM2"},"geometry":{"type":"Polygon","coordinates":[[[-0.8078,10.82867],[-0.81372,10.8111],[-0.82831,10.80353],[-0.85229,10.76788],[-0.85742,10.7655],[-0.85791,10.76007],[-0.84918,10.74249],[-0.86322,10.73792],[-0.8736,10.74231],[-0.8844,10.72852],[-0.888,10.72809],[-0.90051,10.71613],[-0.90143,10.69348],[-0.90723,10.68732],[-0.91638,10.66748],[-0.91821,10.64551],[-0.92291,10.64368],[-0.92749,10.63049],[-0.9444,10.61768],[-0.95441,10.62732],[-0.95203,10.63312],[-0.95508,10.6413],[-0.97949,10.66913],[-0.97809,10.67853],[-0.98199,10.68109],[-0.9798,10.68652],[-0.9729,10.6875],[-0.9682,10.6925],[-0.97162,10.69489],[-0.97101,10.69849],[-0.9599,10.70789],[-0.96661,10.71368],[-0.98419,10.71851],[-0.99182,10.73187],[-1.0058,10.72888],[-1.00702,10.73651],[-1.01202,10.74152],[-1.0141,10.76147],[-1.00848,10.77032],[-1.00769,10.7821],[-1.00098,10.79272],[-1.00409,10.80212],[-0.99933,10.80792],[-0.99408,10.82428],[-0.987,10.83173],[-0.9823,10.83191],[-0.97992,10.83911],[-0.9718,10.84369],[-0.96661,10.85052],[-0.9632,10.85248],[-0.95459,10.84967],[-0.94531,10.85449],[-0.93378,10.86871],[-0.93011,10.87793],[-0.92529,10.87811],[-0.91571,10.86969],[-0.90802,10.86871],[-0.87469,10.84869],[-0.86792,10.84167],[-0.86481,10.84967],[-0.84491,10.84668],[-0.83258,10.84912],[-0.8175,10.84113],[-0.8111,10.84052],[-0.8078,10.82867]]]}},{"type":"Feature","properties":{"name":"Bongo","region":"Upper East","pcode":"GH1206","level":"ADM2"},"geometry":{"type":"Polygon","coordinates":[[[-0.82721,11.00653],[-0.8111,11.0061],[-0.80762,11.00452],[-0.80621,10.99872],[-0.8009,10.99792],[-0.68909,10.99847],[-0.68469,10.9975],[-0.68628,10.9895],[-0.68158,10.98352],[-0.67761,10.98291],[-0.67212,10.98969],[-0.65369,10.98712],[-0.65479,10.97772],[-0.6637,10.97449],[-0.67078,10.95868],[-0.66302,10.95648],[-0.65302,10.9635],[-0.64551,10.95367],[-0.67438,10.93011],[-0.68188,10.88208],[-0.69061,10.88171],[-0.71808,10.86469],[-0.72528,10.84772],[-0.73621,10.83649],[-0.73993,10.83673],[-0.74561,10.85968],[-0.75409,10.86267],[-0.76343,10.85968],[-0.78198,10.84369],[-0.78552,10.83752],[-0.8078,10.82867],[-0.8111,10.84052],[-0.8175,10.84113],[-0.83258,10.84912],[-0.84491,10.84668],[-0.86481,10.84967],[-0.86792,10.84167],[-0.87469,10.84869],[-0.90802,10.86871],[-0.91571,10.86969],[-0.92529,10.87811],[-0.93011,10.87793],[-0.93323,10.89471],[-0.93298,10.9201],[-0.91632,10.94629],[-0.91162,10.95148],[-0.89819,10.95349],[-0.89722,10.96051],[-0.89062,10.96411],[-0.87073,10.96667],[-0.85358,10.99847],[-0.82831,10.99908],[-0.82721,11.00653]]]}},{"type":"Feature","properties":{"name":"Builsa North","region":"Upper East","pcode":"GH1207","level":"ADM2"},"geometry":{"type":"Polygon","coordinates":[[[-1.09698,10.6123],[-1.15808,10.59692],[-1.17712,10.60071],[-1.18402,10.59473],[-1.17212,10.5791],[-1.16992,10.5719],[-1.17542,10.5675],[-1.1734,10.56207],[-1.19519,10.54388],[-1.20752,10.54633],[-1.2226,10.54327],[-1.2334,10.56012],[-1.2431,10.56091],[-1.2406,10.57092],[-1.24921,10.58612],[-1.27539,10.58209],[-1.26929,10.59729],[-1.28888,10.61908],[-1.29211,10.61932],[-1.30573,10.6015],[-1.3147,10.60388],[-1.31281,10.61133],[-1.31989,10.61871],[-1.33551,10.61768],[-1.3562,10.6059],[-1.3681,10.59528],[-1.38208,10.58948],[-1.38922,10.58032],[-1.40369,10.57428],[-1.40588,10.57709],[-1.40253,10.5885],[-1.38953,10.61133],[-1.39191,10.61951],[-1.39062,10.62769],[-1.37952,10.63373],[-1.38361,10.64392],[-1.38989,10.64911],[-1.3891,10.66089],[-1.40369,10.69067],[-1.40033,10.69568],[-1.39972,10.70709],[-1.4035,10.70789],[-1.40692,10.72192],[-1.39752,10.7345],[-1.39752,10.75293],[-1.39398,10.76147],[-1.4021,10.77472],[-1.40161,10.79132],[-1.3905,10.80048],[-1.37518,10.80487],[-1.375,10.81207],[-1.36371,10.81512],[-1.36072,10.80951],[-1.35748,10.80951],[-1.29462,10.82507],[-1.2597,10.80908],[-1.25562,10.80231],[-1.24799,10.8045],[-1.24091,10.79791],[-1.22601,10.81073],[-1.198,10.82129],[-1.1947,10.82507],[-1.1911,10.84027],[-1.18689,10.84589],[-1.1875,10.8703],[-1.15509,10.87567],[-1.15417,10.87927],[-1.15131,10.87848],[-1.14368,10.85791],[-1.13068,10.84833],[-1.12042,10.85168],[-1.11139,10.83411],[-1.11493,10.83051],[-1.11432,10.81909],[-1.1228,10.80872],[-1.12183,10.80371],[-1.1347,10.79388],[-1.13611,10.78632],[-1.1347,10.7735],[-1.12579,10.76068],[-1.12708,10.74628],[-1.11902,10.74127],[-1.10571,10.73993],[-1.0976,10.72968],[-1.10822,10.71191],[-1.11151,10.71149],[-1.11981,10.70093],[-1.11981,10.69171],[-1.11511,10.68469],[-1.11407,10.67633],[-1.10382,10.67468],[-1.09521,10.68451],[-1.09271,10.68231],[-1.09113,10.66827],[-1.08313,10.66132],[-1.08398,10.65729],[-1.09412,10.64893],[-1.09888,10.64648],[-1.10937,10.65051],[-1.1131,10.64288],[-1.10632,10.6369],[-1.10742,10.62433],[-1.09698,10.6123]]]}},{"type":"Feature","properties":{"name":"Builsa South","region":"Upper East","pcode":"GH1208","level":"ADM2"},"geometry":{"type":"Polygon","coordinates":[[[-1.47021,10.76849],[-1.47131,10.75848],[-1.45642,10.75427],[-1.4444,10.75427],[-1.44,10.74908],[-1.42621,10.74933],[-1.422,10.7395],[-1.40521,10.72668],[-1.40692,10.72192],[-1.40472,10.71051],[-1.39972,10.70709],[-1.40033,10.69568],[-1.40369,10.69067],[-1.3891,10.66089],[-1.38989,10.64911],[-1.38361,10.64392],[-1.37952,10.63373],[-1.39062,10.62769],[-1.39191,10.61951],[-1.38953,10.61133],[-1.40253,10.5885],[-1.40588,10.57709],[-1.40369,10.57428],[-1.38922,10.58032],[-1.38208,10.58948],[-1.3681,10.59528],[-1.3562,10.6059],[-1.33551,10.61768],[-1.31989,10.61871],[-1.31281,10.61133],[-1.3147,10.60388],[-1.30573,10.6015],[-1.29211,10.61932],[-1.28888,10.61908],[-1.26929,10.59729],[-1.27539,10.58209],[-1.24921,10.58612],[-1.2406,10.57092],[-1.2431,10.56091],[-1.2334,10.56012],[-1.2226,10.54327],[-1.20752,10.54633],[-1.19519,10.54388],[-1.1734,10.56207],[-1.17542,10.5675],[-1.16992,10.5719],[-1.17212,10.5791],[-1.18402,10.59473],[-1.17712,10.60071],[-1.15808,10.59692],[-1.09698,10.6123],[-1.09088,10.60248],[-1.09589,10.59412],[-1.08911,10.58691],[-1.09009,10.57831],[-1.08099,10.56073],[-1.07391,10.55371],[-1.07288,10.54413],[-1.06891,10.54071],[-1.06873,10.53229],[-1.078,10.52448],[-1.07739,10.51971],[-1.08258,10.5105],[-1.06891,10.50348],[-1.06549,10.49792],[-1.0708,10.49109],[-1.0965,10.48328],[-1.11029,10.47607],[-1.13239,10.45892],[-1.16559,10.41272],[-1.23199,10.38708],[-1.2345,10.37988],[-1.23212,10.36713],[-1.21399,10.3443],[-1.21039,10.32971],[-1.21399,10.31512],[-1.22321,10.30328],[-1.22308,10.29608],[-1.23138,10.29187],[-1.22888,10.28851],[-1.23163,10.28552],[-1.2403,10.28528],[-1.242,10.28009],[-1.24579,10.28149],[-1.2536,10.27808],[-1.2569,10.29053],[-1.25531,10.30029],[-1.26923,10.31152],[-1.27118,10.31549],[-1.26959,10.32593],[-1.27283,10.32568],[-1.27271,10.32208],[-1.28522,10.32233],[-1.2915,10.32611],[-1.29602,10.32471],[-1.3255,10.33252],[-1.32452,10.33929],[-1.3349,10.34668],[-1.33911,10.34711],[-1.3418,10.34387],[-1.34778,10.34833],[-1.3446,10.35107],[-1.34491,10.36432],[-1.3512,10.37347],[-1.37323,10.38208],[-1.37921,10.3891],[-1.38428,10.40472],[-1.3736,10.4057],[-1.36621,10.41528],[-1.36407,10.4209],[-1.3714,10.42651],[-1.3645,10.42987],[-1.36261,10.43591],[-1.37769,10.45288],[-1.37878,10.45673],[-1.37421,10.45868],[-1.37708,10.46631],[-1.40161,10.4845],[-1.4118,10.47693],[-1.41779,10.46771],[-1.42908,10.46411],[-1.4375,10.46887],[-1.44708,10.46991],[-1.45001,10.47913],[-1.45709,10.4787],[-1.46692,10.48749],[-1.45959,10.49872],[-1.46283,10.50751],[-1.45081,10.51428],[-1.44879,10.51813],[-1.45581,10.53131],[-1.46381,10.53668],[-1.48401,10.5379],[-1.4873,10.53967],[-1.49091,10.55072],[-1.50568,10.56049],[-1.51849,10.56293],[-1.51648,10.5777],[-1.52649,10.58807],[-1.55328,10.58673],[-1.56671,10.6015],[-1.56561,10.6189],[-1.57343,10.66852],[-1.57281,10.67871],[-1.56732,10.72272],[-1.56152,10.72931],[-1.55768,10.74512],[-1.55109,10.75031],[-1.53271,10.74908],[-1.52612,10.76147],[-1.50989,10.76251],[-1.47803,10.78528],[-1.47021,10.76849]]]}},{"type":"Feature","properties":{"name":"Garu","region":"Upper East","pcode":"GH1209","level":"ADM2"},"geometry":{"type":"Polygon","coordinates":[[[-0.07178,10.76727],[-0.0741,10.7533],[-0.07172,10.74109],[-0.07483,10.72949],[-0.07312,10.7207],[-0.08899,10.71472],[-0.09088,10.71033],[-0.10809,10.70148],[-0.11218,10.69427],[-0.12292,10.68671],[-0.13861,10.68268],[-0.15179,10.67291],[-0.17493,10.67072],[-0.1778,10.66809],[-0.18341,10.66949],[-0.20459,10.65833],[-0.23059,10.65509],[-0.2356,10.64893],[-0.25769,10.63831],[-0.26038,10.63232],[-0.2785,10.6391],[-0.28491,10.63531],[-0.28729,10.63751],[-0.30011,10.63312],[-0.31219,10.62292],[-0.33289,10.62433],[-0.34161,10.62048],[-0.32941,10.64948],[-0.34271,10.6709],[-0.3548,10.67493],[-0.36493,10.68231],[-0.36749,10.70673],[-0.37262,10.71973],[-0.37128,10.7373],[-0.37543,10.75049],[-0.37201,10.75629],[-0.35211,10.76532],[-0.34833,10.77612],[-0.33252,10.7887],[-0.33698,10.79468],[-0.35559,10.80072],[-0.35303,10.8031],[-0.35413,10.80969],[-0.35089,10.8183],[-0.3371,10.82831],[-0.33612,10.83673],[-0.33301,10.83911],[-0.32428,10.83789],[-0.31262,10.8537],[-0.28961,10.87048],[-0.27972,10.87329],[-0.27521,10.8819],[-0.26788,10.8877],[-0.2392,10.8833],[-0.23071,10.89368],[-0.22498,10.89612],[-0.21503,10.91193],[-0.20471,10.91052],[-0.19678,10.91669],[-0.1781,10.9223],[-0.1665,10.90692],[-0.15942,10.86853],[-0.14301,10.86609],[-0.1344,10.84692],[-0.13593,10.83472],[-0.1297,10.81628],[-0.12183,10.80469],[-0.10852,10.80011],[-0.09601,10.78772],[-0.09912,10.77631],[-0.0929,10.7663],[-0.07178,10.76727]]]}},{"type":"Feature","properties":{"name":"Kasena Nankana East","region":"Upper East","pcode":"GH1210","level":"ADM2"},"geometry":{"type":"MultiPolygon","coordinates":[[[[-1.00391,10.99768],[-0.9165,11.00232],[-0.91663,10.98029],[-0.91119,10.9801],[-0.9198,10.96832],[-0.92383,10.95709],[-0.93488,10.95587],[-0.93719,10.94812],[-0.9425,10.94849],[-0.9458,10.94427],[-0.96631,10.95911],[-0.9856,10.95892],[-0.99402,10.95587],[-1.00098,10.94269],[-1.01392,10.93829],[-1.01782,10.9325],[-1.01611,10.91809],[-1.01239,10.91248],[-1.01379,10.90472],[-1.00519,10.89288],[-1.005,10.87927],[-1.00079,10.87189],[-0.9881,10.86548],[-0.98389,10.86969],[-0.98022,10.86627],[-0.97241,10.86713],[-0.9632,10.85248],[-0.97992,10.83911],[-0.9823,10.83191],[-0.987,10.83173],[-0.99609,10.82031],[-0.9964,10.81451],[-1.00409,10.80212],[-1.00098,10.79272],[-1.00769,10.7821],[-1.00848,10.77032],[-1.0141,10.76147],[-1.01288,10.7475],[-1.0058,10.72888],[-0.99182,10.73187],[-0.98419,10.71851],[-0.96661,10.71368],[-0.9599,10.70789],[-0.97101,10.69849],[-0.97162,10.69489],[-0.9682,10.6925],[-0.9729,10.6875],[-0.9798,10.68652],[-0.98199,10.68109],[-0.97809,10.67853],[-0.97949,10.66913],[-0.97192,10.6629],[-0.96753,10.65369],[-0.95282,10.63708],[-0.95441,10.62732],[-0.94531,10.62073],[-0.9444,10.61469],[-0.95129,10.6001],[-0.94897,10.59552],[-0.9541,10.58929],[-0.95618,10.5755],[-0.95508,10.57172],[-0.94922,10.5683],[-0.94458,10.55487],[-0.93341,10.54791],[-0.93262,10.53992],[-0.93689,10.52753],[-0.94849,10.53369],[-0.9585,10.52893],[-0.96698,10.53693],[-0.97931,10.53229],[-1.00842,10.53809],[-1.03058,10.52893],[-1.0498,10.5105],[-1.0528,10.50171],[-1.05688,10.49811],[-1.06549,10.49792],[-1.06891,10.50348],[-1.08258,10.5105],[-1.07739,10.51971],[-1.078,10.52448],[-1.06873,10.53229],[-1.06891,10.54071],[-1.07288,10.54413],[-1.07391,10.55371],[-1.08099,10.56073],[-1.09009,10.57831],[-1.08911,10.58691],[-1.09589,10.59412],[-1.09088,10.60248],[-1.10742,10.62433],[-1.10632,10.6369],[-1.1131,10.64288],[-1.10937,10.65051],[-1.09888,10.64648],[-1.09412,10.64893],[-1.08398,10.65729],[-1.08313,10.66132],[-1.09113,10.66827],[-1.09271,10.68231],[-1.09521,10.68451],[-1.10382,10.67468],[-1.11407,10.67633],[-1.11511,10.68469],[-1.11981,10.69171],[-1.11981,10.70093],[-1.11151,10.71149],[-1.10822,10.71191],[-1.0976,10.72968],[-1.10571,10.73993],[-1.11902,10.74127],[-1.12708,10.74628],[-1.125,10.75391],[-1.12689,10.76489],[-1.1347,10.7735],[-1.1347,10.79388],[-1.12671,10.80109],[-1.12329,10.80109],[-1.1228,10.80872],[-1.11432,10.81909],[-1.11493,10.83051],[-1.11139,10.83411],[-1.12042,10.85168],[-1.13068,10.84833],[-1.13373,10.84991],[-1.14368,10.85791],[-1.15131,10.87848],[-1.15417,10.87927],[-1.15509,10.87567],[-1.15973,10.87671],[-1.16492,10.92169],[-1.13599,10.92133],[-1.12219,10.9339],[-1.09271,10.94232],[-1.0885,10.94751],[-1.06848,10.9483],[-1.05792,10.95947],[-1.03839,10.97052],[-1.03058,10.9837],[-1.01672,10.98651],[-1.00391,10.99768]]],[[[-1.15619,10.95709],[-1.1698,10.93707],[-1.17401,10.93872],[-1.17603,10.94672],[-1.17322,10.95831],[-1.17651,10.97052],[-1.17279,10.9729],[-1.17218,10.97748],[-1.18091,10.98767],[-1.17572,10.98907],[-1.15381,10.9873],[-1.15009,10.97528],[-1.15619,10.95709]]]]}},{"type":"Feature","properties":{"name":"Kasena Nankana West","region":"Upper East","pcode":"GH1211","level":"ADM2"},"geometry":{"type":"MultiPolygon","coordinates":[[[[-0.89838,10.95691],[-0.89819,10.95349],[-0.90143,10.9519],[-0.91162,10.95148],[-0.92798,10.93073],[-0.93298,10.9201],[-0.93323,10.89471],[-0.93011,10.87793],[-0.93378,10.86871],[-0.94531,10.85449],[-0.9585,10.85028],[-0.96808,10.85809],[-0.97241,10.86713],[-0.98022,10.86627],[-0.98389,10.86969],[-0.9881,10.86548],[-1.00079,10.87189],[-1.005,10.87927],[-1.00519,10.89288],[-1.01379,10.90472],[-1.01239,10.91248],[-1.01611,10.91809],[-1.01782,10.9325],[-1.01392,10.93829],[-1.00098,10.94269],[-0.99402,10.95587],[-0.9856,10.95892],[-0.96631,10.95911],[-0.9458,10.94427],[-0.9425,10.94849],[-0.93719,10.94812],[-0.93488,10.95587],[-0.92383,10.95709],[-0.9198,10.96832],[-0.91119,10.9801],[-0.88928,10.98071],[-0.88879,10.96771],[-0.89838,10.95691]]],[[[-1.38049,10.9873],[-1.27698,10.99109],[-1.1839,10.98932],[-1.17218,10.97748],[-1.17279,10.9729],[-1.17651,10.97052],[-1.17322,10.95831],[-1.17603,10.94672],[-1.17401,10.93872],[-1.1698,10.93707],[-1.1524,10.96667],[-1.15009,10.97528],[-1.15381,10.9873],[-1.11462,10.9859],[-1.11481,11.00391],[-1.00031,11.00787],[-1.00012,10.99792],[-1.00391,10.99768],[-1.01672,10.98651],[-1.03058,10.9837],[-1.03839,10.97052],[-1.05792,10.95947],[-1.06848,10.9483],[-1.0885,10.94751],[-1.09271,10.94232],[-1.12219,10.9339],[-1.13599,10.92133],[-1.16492,10.92169],[-1.15973,10.87671],[-1.1875,10.8703],[-1.18689,10.84589],[-1.1911,10.84027],[-1.1947,10.82507],[-1.198,10.82129],[-1.22601,10.81073],[-1.24091,10.79791],[-1.24799,10.8045],[-1.25562,10.80231],[-1.2597,10.80908],[-1.29462,10.82507],[-1.35748,10.80951],[-1.36072,10.80951],[-1.36371,10.81512],[-1.375,10.81207],[-1.37518,10.80487],[-1.3905,10.80048],[-1.40161,10.79132],[-1.4021,10.77472],[-1.39398,10.76147],[-1.39752,10.75293],[-1.39752,10.7345],[-1.40521,10.72668],[-1.422,10.7395],[-1.42621,10.74933],[-1.44,10.74908],[-1.4444,10.75427],[-1.45642,10.75427],[-1.47131,10.75848],[-1.47021,10.76849],[-1.47803,10.78528],[-1.50989,10.76251],[-1.52612,10.76147],[-1.52832,10.76508],[-1.52332,10.77692],[-1.50378,10.78009],[-1.49591,10.78967],[-1.49213,10.80389],[-1.49988,10.81592],[-1.49213,10.83252],[-1.47809,10.8327],[-1.47601,10.8407],[-1.4588,10.8501],[-1.45428,10.86713],[-1.45819,10.8797],[-1.45251,10.88892],[-1.45428,10.91632],[-1.448,10.93073],[-1.4444,10.95032],[-1.44781,10.96368],[-1.43811,10.98969],[-1.4281,10.99872],[-1.42853,11.01251],[-1.42279,11.01672],[-1.42279,11.02032],[-1.3963,10.99091],[-1.38049,10.9873]]]]}},{"type":"Feature","properties":{"name":"Nabdam","region":"Upper East","pcode":"GH1212","level":"ADM2"},"geometry":{"type":"Polygon","coordinates":[[[-0.62671,10.93951],[-0.60571,10.87512],[-0.6015,10.85468],[-0.5885,10.83728],[-0.5686,10.82452],[-0.55768,10.80908],[-0.56061,10.79852],[-0.57343,10.7887],[-0.5705,10.7793],[-0.57709,10.7677],[-0.59821,10.76831],[-0.60449,10.77191],[-0.61371,10.77069],[-0.6217,10.77411],[-0.62622,10.76831],[-0.61261,10.75372],[-0.61621,10.74548],[-0.63898,10.74371],[-0.64331,10.7511],[-0.65442,10.75427],[-0.66211,10.7439],[-0.66699,10.75031],[-0.66968,10.7655],[-0.66882,10.78308],[-0.67249,10.78931],[-0.68329,10.78888],[-0.70093,10.79889],[-0.71649,10.80328],[-0.72931,10.80188],[-0.7348,10.79651],[-0.7403,10.7995],[-0.74512,10.7959],[-0.75769,10.80011],[-0.76599,10.7981],[-0.77051,10.79993],[-0.76208,10.80688],[-0.7644,10.8125],[-0.75842,10.82892],[-0.75031,10.82751],[-0.74329,10.83447],[-0.73029,10.84113],[-0.72052,10.86212],[-0.7149,10.86713],[-0.70502,10.87091],[-0.69061,10.88171],[-0.68188,10.88208],[-0.67603,10.9267],[-0.67133,10.9339],[-0.65222,10.94873],[-0.64819,10.95068],[-0.63611,10.94232],[-0.62671,10.93951]]]}},{"type":"Feature","properties":{"name":"Pusiga","region":"Upper East","pcode":"GH1213","level":"ADM2"},"geometry":{"type":"Polygon","coordinates":[[[-0.14221,11.1225],[-0.14252,11.10632],[-0.12482,11.10492],[-0.11969,11.1001],[-0.10559,11.09509],[-0.0976,11.0871],[-0.08008,11.08447],[-0.0545,11.08691],[-0.03961,11.10492],[-0.01691,11.11371],[-0.00513,11.10748],[-0.00488,11.10089],[0.00171,11.09528],[0.0047,11.08252],[0.02429,11.06232],[0.02612,11.03552],[0.00153,11.03308],[-0.01642,11.0083],[-0.02618,11.0163],[-0.0351,11.0163],[-0.03778,11.02631],[-0.04382,11.02087],[-0.05072,11.02588],[-0.0816,11.01971],[-0.09271,11.00751],[-0.11041,11.00372],[-0.13208,10.99268],[-0.14429,10.99249],[-0.15033,10.99847],[-0.15161,11.01331],[-0.159,11.02148],[-0.1582,11.02869],[-0.16931,11.04053],[-0.17352,11.0423],[-0.1897,11.03491],[-0.19482,11.03967],[-0.19897,11.05133],[-0.1983,11.06592],[-0.1936,11.08051],[-0.19641,11.08868],[-0.2063,11.0885],[-0.20502,11.10449],[-0.21619,11.11731],[-0.2149,11.12927],[-0.22571,11.1369],[-0.21869,11.15973],[-0.19781,11.15668],[-0.13611,11.1391],[-0.13422,11.13049],[-0.14221,11.1225]]]}},{"type":"Feature","properties":{"name":"Talensi","region":"Upper East","pcode":"GH1214","level":"ADM2"},"geometry":{"type":"Polygon","coordinates":[[[-0.57709,10.7677],[-0.57581,10.75671],[-0.56488,10.73749],[-0.56671,10.73389],[-0.55872,10.73151],[-0.54883,10.72131],[-0.5473,10.69989],[-0.54962,10.69312],[-0.54431,10.68213],[-0.54572,10.67389],[-0.53918,10.66669],[-0.5426,10.65613],[-0.53351,10.64368],[-0.53888,10.63269],[-0.52551,10.6261],[-0.52441,10.6217],[-0.54919,10.60553],[-0.53839,10.59369],[-0.52753,10.57251],[-0.51862,10.56567],[-0.51959,10.55988],[-0.52643,10.55811],[-0.55438,10.57172],[-0.56848,10.5639],[-0.57751,10.55072],[-0.59167,10.54669],[-0.61823,10.55548],[-0.62958,10.55292],[-0.64008,10.55573],[-0.65308,10.5495],[-0.66718,10.52588],[-0.68359,10.52832],[-0.68732,10.54108],[-0.69019,10.54272],[-0.70111,10.5343],[-0.70453,10.52393],[-0.7085,10.5235],[-0.71558,10.52991],[-0.71472,10.53772],[-0.70508,10.54413],[-0.68958,10.56091],[-0.68628,10.57013],[-0.6936,10.5885],[-0.70349,10.59692],[-0.71368,10.60071],[-0.71881,10.60809],[-0.71838,10.6145],[-0.71222,10.61548],[-0.7063,10.62073],[-0.71191,10.64111],[-0.72272,10.6507],[-0.72748,10.65167],[-0.74683,10.64587],[-0.7547,10.6405],[-0.76508,10.64349],[-0.77301,10.65051],[-0.78882,10.65253],[-0.79382,10.65088],[-0.79687,10.64532],[-0.7959,10.62347],[-0.79791,10.61969],[-0.82397,10.60089],[-0.83838,10.60052],[-0.84229,10.57629],[-0.85492,10.58173],[-0.86108,10.59167],[-0.87482,10.59473],[-0.90918,10.57593],[-0.90851,10.5611],[-0.8916,10.51788],[-0.91199,10.4989],[-0.9234,10.4823],[-0.92798,10.48029],[-0.93439,10.48291],[-0.93341,10.48853],[-0.91431,10.50989],[-0.90918,10.52332],[-0.91351,10.52808],[-0.9306,10.52472],[-0.93689,10.52753],[-0.93262,10.53992],[-0.93341,10.54791],[-0.94458,10.55487],[-0.94922,10.5683],[-0.95508,10.57172],[-0.95508,10.58649],[-0.94897,10.59552],[-0.95129,10.6001],[-0.9444,10.61768],[-0.92749,10.63049],[-0.92291,10.64368],[-0.91821,10.64551],[-0.91638,10.66748],[-0.90723,10.68732],[-0.90143,10.69348],[-0.90051,10.71613],[-0.888,10.72809],[-0.8844,10.72852],[-0.8736,10.74231],[-0.86322,10.73792],[-0.85321,10.74249],[-0.83893,10.74371],[-0.83008,10.74933],[-0.82123,10.74951],[-0.81152,10.75909],[-0.78223,10.76971],[-0.76599,10.7981],[-0.75769,10.80011],[-0.74512,10.7959],[-0.7403,10.7995],[-0.7348,10.79651],[-0.72931,10.80188],[-0.72101,10.80353],[-0.70093,10.79889],[-0.68329,10.78888],[-0.67249,10.78931],[-0.66882,10.78308],[-0.66968,10.7655],[-0.66699,10.75031],[-0.66211,10.7439],[-0.65442,10.75427],[-0.64331,10.7511],[-0.63898,10.74371],[-0.61621,10.74548],[-0.61261,10.75372],[-0.62622,10.76831],[-0.6217,10.77411],[-0.61371,10.77069],[-0.60449,10.77191],[-0.59821,10.76831],[-0.57709,10.7677]]]}},{"type":"Feature","properties":{"name":"Tempane","region":"Upper East","pcode":"GH1215","level":"ADM2"},"geometry":{"type":"Polygon","coordinates":[[[-0.07178,10.76727],[-0.0929,10.7663],[-0.09912,10.77631],[-0.09601,10.78772],[-0.10852,10.80011],[-0.12183,10.80469],[-0.1297,10.81628],[-0.13593,10.83472],[-0.1344,10.84692],[-0.14301,10.86609],[-0.15942,10.86853],[-0.1665,10.90692],[-0.1781,10.9223],[-0.16559,10.93292],[-0.14362,10.96753],[-0.14728,10.97388],[-0.15668,10.97809],[-0.15601,10.99152],[-0.15033,10.99847],[-0.14429,10.99249],[-0.13208,10.99268],[-0.11041,11.00372],[-0.08899,11.00928],[-0.0871,11.01532],[-0.0816,11.01971],[-0.05072,11.02588],[-0.04382,11.02087],[-0.03778,11.02631],[-0.0351,11.0163],[-0.02618,11.0163],[-0.01642,11.0083],[0.00153,11.03308],[0.02612,11.03552],[0.02869,11.00348],[0.03387,10.99268],[0.03247,10.98633],[0.0249,10.97247],[-0.00409,10.96472],[-0.0058,10.96112],[-0.0072,10.94873],[-0.01141,10.94373],[-0.01221,10.9375],[-0.008,10.91669],[-0.01752,10.89191],[-0.02509,10.88092],[-0.02533,10.8667],[-0.02991,10.85449],[-0.0285,10.84308],[-0.02368,10.83429],[-0.02252,10.81952],[-0.02869,10.81531],[-0.0321,10.80713],[-0.0387,10.80469],[-0.04492,10.79388],[-0.05579,10.78711],[-0.06451,10.77332],[-0.07208,10.77032],[-0.07178,10.76727]]]}},{"type":"Feature","properties":{"name":"Daffiama Bussie Issa","region":"Upper West","pcode":"GH1301","level":"ADM2"},"geometry":{"type":"Polygon","coordinates":[[[-2.18793,10.49548],[-2.17853,10.48932],[-2.18091,10.47491],[-2.18622,10.4679],[-2.18323,10.46112],[-2.16443,10.46649],[-2.16083,10.46527],[-2.14111,10.4433],[-2.13501,10.44092],[-2.12201,10.44287],[-2.11621,10.44891],[-2.10571,10.44952],[-2.09839,10.4447],[-2.09058,10.44373],[-2.08661,10.43549],[-2.0733,10.42493],[-2.07269,10.41589],[-2.06348,10.40393],[-2.06488,10.3927],[-2.05579,10.37732],[-2.05371,10.3645],[-2.05243,10.34711],[-2.05878,10.34613],[-2.06781,10.33789],[-2.05988,10.32471],[-2.06671,10.32373],[-2.08069,10.31348],[-2.09271,10.31989],[-2.09601,10.3327],[-2.16992,10.30731],[-2.16418,10.28851],[-2.19672,10.28748],[-2.21381,10.25232],[-2.21118,10.2467],[-2.21399,10.2431],[-2.2207,10.24292],[-2.2265,10.2381],[-2.23853,10.23511],[-2.24341,10.21912],[-2.24951,10.21448],[-2.25531,10.21832],[-2.25891,10.22791],[-2.27173,10.24231],[-2.28088,10.24628],[-2.29639,10.24072],[-2.3241,10.24127],[-2.32971,10.24573],[-2.34198,10.24072],[-2.35419,10.24048],[-2.3761,10.20752],[-2.37921,10.19568],[-2.39618,10.17889],[-2.40521,10.16333],[-2.42078,10.16431],[-2.4483,10.15771],[-2.45721,10.16071],[-2.45898,10.19171],[-2.45471,10.20032],[-2.45581,10.2063],[-2.46271,10.2149],[-2.46271,10.22369],[-2.46649,10.22949],[-2.46613,10.24152],[-2.43091,10.25629],[-2.42719,10.26007],[-2.42719,10.26489],[-2.42969,10.2691],[-2.43939,10.27332],[-2.45581,10.27649],[-2.46161,10.28369],[-2.46008,10.29053],[-2.4646,10.31653],[-2.45599,10.32751],[-2.46051,10.33789],[-2.46899,10.34448],[-2.47083,10.36267],[-2.46881,10.38373],[-2.47321,10.3855],[-2.48401,10.38129],[-2.51068,10.38391],[-2.52002,10.38068],[-2.54858,10.3877],[-2.55573,10.38409],[-2.5647,10.3847],[-2.578,10.3941],[-2.5918,10.38733],[-2.59473,10.37469],[-2.6004,10.37189],[-2.604,10.37469],[-2.60071,10.41632],[-2.60382,10.42853],[-2.6001,10.44171],[-2.60138,10.44812],[-2.59192,10.4621],[-2.57501,10.46112],[-2.57501,10.46588],[-2.58679,10.4801],[-2.57819,10.48669],[-2.55658,10.49988],[-2.5274,10.50989],[-2.50891,10.5119],[-2.48999,10.50928],[-2.47333,10.51331],[-2.46039,10.5285],[-2.43988,10.51849],[-2.43329,10.53491],[-2.40363,10.53571],[-2.37451,10.5423],[-2.36371,10.5495],[-2.35602,10.5589],[-2.35553,10.56329],[-2.34418,10.56653],[-2.32141,10.57971],[-2.31708,10.58032],[-2.3067,10.57532],[-2.30682,10.57208],[-2.29999,10.56812],[-2.29828,10.55829],[-2.29498,10.55469],[-2.29102,10.55353],[-2.2771,10.55908],[-2.26941,10.55469],[-2.26398,10.54071],[-2.24268,10.52649],[-2.23761,10.52148],[-2.23907,10.51672],[-2.22699,10.50653],[-2.21033,10.5047],[-2.20038,10.49591],[-2.18793,10.49548]]]}},{"type":"Feature","properties":{"name":"Jirapa","region":"Upper West","pcode":"GH1302","level":"ADM2"},"geometry":{"type":"Polygon","coordinates":[[[-2.43469,10.74091],[-2.40363,10.73767],[-2.39172,10.71991],[-2.38788,10.7019],[-2.3736,10.69647],[-2.35773,10.69592],[-2.34991,10.68909],[-2.35052,10.68091],[-2.35681,10.6701],[-2.35449,10.66772],[-2.35779,10.65131],[-2.34662,10.63068],[-2.3457,10.61792],[-2.34192,10.61688],[-2.3349,10.60687],[-2.33398,10.59808],[-2.32068,10.59332],[-2.31958,10.58911],[-2.32141,10.57971],[-2.34418,10.56653],[-2.35553,10.56329],[-2.35602,10.5589],[-2.36841,10.5451],[-2.39972,10.53632],[-2.43329,10.53491],[-2.43988,10.51849],[-2.46039,10.5285],[-2.47333,10.51331],[-2.48999,10.50928],[-2.50891,10.5119],[-2.5274,10.50989],[-2.56409,10.49628],[-2.59961,10.47369],[-2.60638,10.46588],[-2.62512,10.46112],[-2.66852,10.46112],[-2.68719,10.44788],[-2.70728,10.44733],[-2.7229,10.44232],[-2.7276,10.43573],[-2.74219,10.42749],[-2.75531,10.4295],[-2.76721,10.42548],[-2.79211,10.42688],[-2.83301,10.43707],[-2.85382,10.44812],[-2.83661,10.47211],[-2.84039,10.4895],[-2.83868,10.50208],[-2.84552,10.50348],[-2.83411,10.51727],[-2.8219,10.52271],[-2.80353,10.55188],[-2.80762,10.56567],[-2.80322,10.57892],[-2.80408,10.59387],[-2.80322,10.59808],[-2.79401,10.60352],[-2.79321,10.60992],[-2.78619,10.61432],[-2.7735,10.61432],[-2.76349,10.6181],[-2.75342,10.62872],[-2.74652,10.62891],[-2.7417,10.6181],[-2.73572,10.61267],[-2.7196,10.6261],[-2.69989,10.63373],[-2.69849,10.6369],[-2.70471,10.65613],[-2.68622,10.66388],[-2.66571,10.66711],[-2.64221,10.65948],[-2.63208,10.65991],[-2.62628,10.66309],[-2.61572,10.67432],[-2.59058,10.6911],[-2.5932,10.71393],[-2.6001,10.73071],[-2.60681,10.73889],[-2.59528,10.74933],[-2.57098,10.75269],[-2.53241,10.74829],[-2.51831,10.74213],[-2.4892,10.7395],[-2.46692,10.7323],[-2.45502,10.72388],[-2.44849,10.72247],[-2.4436,10.72528],[-2.43469,10.74091]]]}},{"type":"Feature","properties":{"name":"Lambussie-Karni","region":"Upper West","pcode":"GH1303","level":"ADM2"},"geometry":{"type":"Polygon","coordinates":[[[-2.43469,10.74091],[-2.4436,10.72528],[-2.44849,10.72247],[-2.45502,10.72388],[-2.46692,10.7323],[-2.4892,10.7395],[-2.51831,10.74213],[-2.53241,10.74829],[-2.57098,10.75269],[-2.59528,10.74933],[-2.60681,10.73889],[-2.6001,10.73071],[-2.5932,10.71393],[-2.5896,10.6947],[-2.59271,10.68811],[-2.60339,10.68329],[-2.63208,10.65991],[-2.64648,10.65973],[-2.65631,10.66553],[-2.67499,10.66687],[-2.70471,10.65613],[-2.70612,10.6651],[-2.71552,10.67731],[-2.716,10.68451],[-2.72131,10.68127],[-2.72351,10.68347],[-2.73163,10.71069],[-2.72888,10.71448],[-2.72412,10.71173],[-2.71631,10.7157],[-2.70441,10.70929],[-2.7005,10.7149],[-2.68231,10.71289],[-2.68091,10.71613],[-2.69373,10.7489],[-2.67328,10.74609],[-2.66132,10.74969],[-2.65601,10.75409],[-2.65399,10.76068],[-2.66101,10.77252],[-2.65991,10.7807],[-2.66388,10.78851],[-2.68268,10.78088],[-2.69122,10.78052],[-2.68683,10.79669],[-2.68872,10.79889],[-2.68738,10.81268],[-2.69427,10.81549],[-2.7085,10.81268],[-2.71301,10.82928],[-2.70911,10.83789],[-2.71503,10.8421],[-2.71649,10.85052],[-2.73541,10.85687],[-2.73688,10.87567],[-2.74139,10.87689],[-2.72571,10.88849],[-2.72498,10.90948],[-2.7345,10.90393],[-2.737,10.92908],[-2.7442,10.9317],[-2.73669,10.9455],[-2.74591,10.9585],[-2.74652,10.97131],[-2.75262,10.97968],[-2.75482,10.99048],[-2.7674,11.00067],[-2.76758,11.01251],[-2.755,11.01929],[-2.6189,11.02051],[-2.62048,11.00989],[-2.62921,11.0033],[-2.63379,10.99451],[-2.63177,10.97009],[-2.6106,10.96692],[-2.61011,10.95911],[-2.60358,10.95789],[-2.59778,10.95288],[-2.59698,10.94287],[-2.59399,10.9397],[-2.56738,10.93433],[-2.53949,10.93689],[-2.53052,10.9325],[-2.51459,10.93549],[-2.50769,10.92548],[-2.49359,10.92212],[-2.47351,10.89691],[-2.47461,10.88831],[-2.46918,10.87927],[-2.47009,10.86969],[-2.46832,10.86609],[-2.46008,10.86249],[-2.45471,10.83807],[-2.44672,10.82953],[-2.44592,10.81909],[-2.43958,10.80432],[-2.44128,10.79993],[-2.45563,10.7995],[-2.46613,10.79492],[-2.4751,10.7959],[-2.47791,10.78851],[-2.47388,10.78668],[-2.46558,10.78888],[-2.45081,10.77692],[-2.43469,10.74091]]]}},{"type":"Feature","properties":{"name":"Lawra","region":"Upper West","pcode":"GH1304","level":"ADM2"},"geometry":{"type":"Polygon","coordinates":[[[-2.69373,10.7489],[-2.68091,10.71613],[-2.68231,10.71289],[-2.7005,10.7149],[-2.70441,10.70929],[-2.71631,10.7157],[-2.72412,10.71173],[-2.72888,10.71448],[-2.73163,10.71069],[-2.72351,10.68347],[-2.72131,10.68127],[-2.716,10.68451],[-2.71552,10.67731],[-2.70612,10.6651],[-2.703,10.64508],[-2.69849,10.6369],[-2.69989,10.63373],[-2.7196,10.6261],[-2.73572,10.61267],[-2.7417,10.6181],[-2.74652,10.62891],[-2.75342,10.62872],[-2.76349,10.6181],[-2.7735,10.61432],[-2.78619,10.61432],[-2.79321,10.60992],[-2.79401,10.60352],[-2.80322,10.59808],[-2.80408,10.59387],[-2.80322,10.57892],[-2.80762,10.56567],[-2.80353,10.55188],[-2.8219,10.52271],[-2.83411,10.51727],[-2.84552,10.50348],[-2.83868,10.50208],[-2.84039,10.4895],[-2.83661,10.47211],[-2.84998,10.45331],[-2.8559,10.45172],[-2.86829,10.46368],[-2.8714,10.48169],[-2.87988,10.50049],[-2.88818,10.50568],[-2.89532,10.51508],[-2.90039,10.52972],[-2.89899,10.54431],[-2.9118,10.56567],[-2.9256,10.59747],[-2.94031,10.61328],[-2.94019,10.63733],[-2.92999,10.65308],[-2.91559,10.66388],[-2.90558,10.68628],[-2.9104,10.69952],[-2.93939,10.70911],[-2.93701,10.72333],[-2.9184,10.73669],[-2.89783,10.76172],[-2.89392,10.76312],[-2.888,10.75592],[-2.88751,10.74847],[-2.86749,10.75232],[-2.86371,10.7489],[-2.85718,10.75092],[-2.85028,10.74811],[-2.85089,10.73651],[-2.84058,10.72992],[-2.8172,10.75153],[-2.81201,10.7525],[-2.80792,10.76709],[-2.80121,10.76813],[-2.77612,10.76233],[-2.76581,10.74487],[-2.75928,10.74609],[-2.75049,10.73969],[-2.74341,10.7417],[-2.72888,10.75232],[-2.71692,10.75391],[-2.7088,10.7583],[-2.69427,10.75812],[-2.6955,10.76392],[-2.70752,10.76593],[-2.71008,10.77209],[-2.70038,10.77753],[-2.68268,10.78088],[-2.66388,10.78851],[-2.65991,10.7807],[-2.66101,10.77252],[-2.65491,10.76428],[-2.6543,10.75751],[-2.66132,10.74969],[-2.67328,10.74609],[-2.69373,10.7489]]]}},{"type":"Feature","properties":{"name":"Nadowli-Kaleo","region":"Upper West","pcode":"GH1305","level":"ADM2"},"geometry":{"type":"Polygon","coordinates":[[[-2.57501,10.46588],[-2.57501,10.46112],[-2.59192,10.4621],[-2.60138,10.44812],[-2.6001,10.44171],[-2.60382,10.42853],[-2.60071,10.41632],[-2.604,10.37469],[-2.6004,10.37189],[-2.59473,10.37469],[-2.5918,10.38733],[-2.578,10.3941],[-2.5647,10.3847],[-2.55573,10.38409],[-2.54858,10.3877],[-2.52002,10.38068],[-2.51068,10.38391],[-2.48401,10.38129],[-2.47321,10.3855],[-2.46881,10.38373],[-2.47083,10.36267],[-2.46899,10.34448],[-2.46051,10.33789],[-2.45599,10.32751],[-2.4646,10.31653],[-2.46008,10.29053],[-2.46161,10.28369],[-2.45581,10.27649],[-2.43939,10.27332],[-2.42969,10.2691],[-2.42719,10.26489],[-2.42719,10.26007],[-2.43091,10.25629],[-2.46613,10.24152],[-2.46649,10.22949],[-2.46271,10.22369],[-2.46271,10.2149],[-2.45581,10.2063],[-2.45471,10.20032],[-2.45898,10.19171],[-2.45721,10.16071],[-2.46051,10.15912],[-2.46069,10.1557],[-2.4762,10.14752],[-2.48523,10.13348],[-2.50128,10.12329],[-2.52118,10.09888],[-2.54919,10.09229],[-2.56488,10.10272],[-2.5686,10.11731],[-2.57642,10.12048],[-2.58411,10.11627],[-2.59198,10.1283],[-2.61353,10.14471],[-2.61621,10.14832],[-2.60992,10.15588],[-2.6134,10.16388],[-2.62378,10.16528],[-2.63348,10.15668],[-2.64691,10.15948],[-2.65961,10.15509],[-2.67682,10.16388],[-2.69128,10.16388],[-2.69733,10.17792],[-2.70422,10.18433],[-2.72021,10.19153],[-2.72382,10.19629],[-2.73071,10.19592],[-2.73633,10.2019],[-2.74329,10.2041],[-2.7511,10.20251],[-2.76788,10.18909],[-2.77802,10.18793],[-2.79309,10.1767],[-2.79761,10.18732],[-2.79633,10.19647],[-2.78802,10.20648],[-2.76782,10.21973],[-2.7583,10.23108],[-2.7561,10.24487],[-2.7597,10.25928],[-2.76709,10.26672],[-2.79828,10.2771],[-2.83319,10.29633],[-2.84222,10.30548],[-2.8501,10.31989],[-2.84271,10.34253],[-2.84131,10.36713],[-2.83002,10.38971],[-2.81818,10.39789],[-2.79889,10.3985],[-2.78241,10.40729],[-2.7757,10.41351],[-2.77338,10.42291],[-2.77539,10.42529],[-2.76251,10.42609],[-2.75531,10.4295],[-2.73889,10.42853],[-2.7276,10.43573],[-2.7229,10.44232],[-2.70728,10.44733],[-2.68719,10.44788],[-2.66852,10.46112],[-2.61792,10.4621],[-2.60638,10.46588],[-2.59009,10.47992],[-2.58679,10.4801],[-2.57501,10.46588]]]}},{"type":"Feature","properties":{"name":"Nandom","region":"Upper West","pcode":"GH1306","level":"ADM2"},"geometry":{"type":"Polygon","coordinates":[[[-2.76788,11.00427],[-2.76538,10.99768],[-2.75482,10.99048],[-2.75262,10.97968],[-2.74652,10.97131],[-2.74591,10.9585],[-2.73669,10.9455],[-2.7442,10.9317],[-2.737,10.92908],[-2.7345,10.90393],[-2.72498,10.90948],[-2.72571,10.88849],[-2.74139,10.87689],[-2.73688,10.87567],[-2.73541,10.85687],[-2.71649,10.85052],[-2.71503,10.8421],[-2.70911,10.83789],[-2.71301,10.82928],[-2.7085,10.81268],[-2.69427,10.81549],[-2.68738,10.81268],[-2.68872,10.79889],[-2.68683,10.79669],[-2.69122,10.78052],[-2.71008,10.77209],[-2.70752,10.76593],[-2.6955,10.76392],[-2.69427,10.75812],[-2.7088,10.7583],[-2.71692,10.75391],[-2.72888,10.75232],[-2.74341,10.7417],[-2.75049,10.73969],[-2.75928,10.74609],[-2.76581,10.74487],[-2.77612,10.76233],[-2.78229,10.7655],[-2.80792,10.76709],[-2.81201,10.7525],[-2.8172,10.75153],[-2.84058,10.72992],[-2.84509,10.73071],[-2.85089,10.73651],[-2.85028,10.74811],[-2.85718,10.75092],[-2.86371,10.7489],[-2.86749,10.75232],[-2.88751,10.74847],[-2.888,10.75592],[-2.89392,10.76312],[-2.89429,10.77191],[-2.88049,10.80627],[-2.87872,10.8327],[-2.86371,10.85748],[-2.86511,10.8847],[-2.85999,10.89032],[-2.83868,10.89252],[-2.81781,10.92273],[-2.8183,10.93951],[-2.82251,10.94733],[-2.83771,10.96051],[-2.84058,10.96851],[-2.83398,11.00409],[-2.76788,11.00427]]]}},{"type":"Feature","properties":{"name":"Sissala East","region":"Upper West","pcode":"GH1307","level":"ADM2"},"geometry":{"type":"Polygon","coordinates":[[[-1.42853,11.01251],[-1.4281,10.99872],[-1.43811,10.98969],[-1.44781,10.96368],[-1.4444,10.95032],[-1.448,10.93073],[-1.45428,10.91632],[-1.45251,10.88892],[-1.45819,10.8797],[-1.45428,10.86713],[-1.4588,10.8501],[-1.47601,10.8407],[-1.47809,10.8327],[-1.49213,10.83252],[-1.49988,10.81592],[-1.49213,10.80389],[-1.50018,10.78229],[-1.52332,10.77692],[-1.52832,10.76508],[-1.52612,10.76147],[-1.53271,10.74908],[-1.55109,10.75031],[-1.55768,10.74512],[-1.56152,10.72931],[-1.56732,10.72272],[-1.57343,10.66852],[-1.56781,10.64331],[-1.56488,10.5979],[-1.55859,10.59448],[-1.55328,10.58673],[-1.52649,10.58807],[-1.51648,10.5777],[-1.51849,10.56293],[-1.50568,10.56049],[-1.49091,10.55072],[-1.4873,10.53967],[-1.48401,10.5379],[-1.46381,10.53668],[-1.45581,10.53131],[-1.44879,10.51813],[-1.45081,10.51428],[-1.46283,10.50751],[-1.45959,10.49872],[-1.46692,10.48749],[-1.45709,10.4787],[-1.45001,10.47913],[-1.44708,10.46991],[-1.43341,10.4671],[-1.44562,10.4613],[-1.45111,10.45367],[-1.46759,10.4433],[-1.47461,10.43372],[-1.51782,10.40588],[-1.57031,10.35553],[-1.61981,10.26868],[-1.64691,10.21649],[-1.65131,10.2005],[-1.66248,10.18652],[-1.66101,10.17572],[-1.66479,10.17432],[-1.66772,10.17731],[-1.67462,10.2077],[-1.68658,10.22113],[-1.70459,10.22632],[-1.72998,10.24152],[-1.73669,10.25049],[-1.74121,10.2489],[-1.74792,10.25128],[-1.76721,10.26349],[-1.80463,10.29413],[-1.82111,10.29907],[-1.82721,10.31329],[-1.828,10.32507],[-1.84509,10.35193],[-1.85571,10.36713],[-1.8797,10.39008],[-1.896,10.41388],[-1.9046,10.40131],[-1.90833,10.38953],[-1.92279,10.37311],[-1.94269,10.36731],[-1.95898,10.35828],[-1.97211,10.3631],[-1.98242,10.36029],[-1.98743,10.3457],[-2.00031,10.33612],[-2.0025,10.32849],[-2.00763,10.32507],[-2.00708,10.31848],[-2.0188,10.31512],[-2.02283,10.3045],[-2.03052,10.30353],[-2.0321,10.30908],[-2.0517,10.31311],[-2.05432,10.31073],[-2.06,10.3175],[-2.05988,10.32471],[-2.06781,10.33789],[-2.05878,10.34613],[-2.05243,10.34711],[-2.05579,10.37732],[-2.0639,10.38971],[-2.06348,10.40393],[-2.07269,10.41589],[-2.0719,10.4223],[-2.07538,10.42767],[-2.08661,10.43549],[-2.09058,10.44373],[-2.09839,10.4447],[-2.10571,10.44952],[-2.11621,10.44891],[-2.12201,10.44287],[-2.13501,10.44092],[-2.14111,10.4433],[-2.16083,10.46527],[-2.16443,10.46649],[-2.17871,10.4613],[-2.18591,10.46307],[-2.17853,10.48932],[-2.18158,10.49249],[-2.17908,10.50128],[-2.18213,10.50488],[-2.16479,10.5191],[-2.17181,10.5415],[-2.17822,10.55011],[-2.17712,10.55353],[-2.15918,10.55829],[-2.1546,10.56512],[-2.1557,10.56873],[-2.14691,10.57611],[-2.14172,10.58551],[-2.13733,10.58569],[-2.1308,10.59149],[-2.13861,10.59888],[-2.14001,10.6109],[-2.13483,10.62012],[-2.1358,10.62793],[-2.12183,10.65948],[-2.12872,10.6759],[-2.13062,10.6933],[-2.14111,10.70587],[-2.151,10.73187],[-2.16571,10.75311],[-2.17352,10.77173],[-2.17529,10.7951],[-2.17853,10.79871],[-2.16882,10.80951],[-2.15759,10.80811],[-2.14508,10.81232],[-2.13849,10.81909],[-2.13611,10.82629],[-2.12952,10.83051],[-2.12152,10.82751],[-2.10461,10.83051],[-2.09119,10.81311],[-2.0766,10.80908],[-2.04523,10.84912],[-2.03619,10.84991],[-2.03131,10.85413],[-2.03149,10.86188],[-2.01349,10.87073],[-2.00879,10.88409],[-1.98712,10.91107],[-1.96289,10.92688],[-1.9679,10.93591],[-1.96881,10.9577],[-1.97192,10.96448],[-1.9978,10.9873],[-2.00629,11.00409],[-1.74341,11.00812],[-1.74451,11.03809],[-1.54578,11.04028],[-1.54413,11.01031],[-1.42853,11.01251]]]}},{"type":"Feature","properties":{"name":"Sissala West","region":"Upper West","pcode":"GH1308","level":"ADM2"},"geometry":{"type":"Polygon","coordinates":[[[-2.00629,11.00409],[-1.9978,10.9873],[-1.97192,10.96448],[-1.96881,10.9577],[-1.9679,10.93591],[-1.96289,10.92688],[-1.98712,10.91107],[-2.00879,10.88409],[-2.01349,10.87073],[-2.03149,10.86188],[-2.03131,10.85413],[-2.03619,10.84991],[-2.04523,10.84912],[-2.0766,10.80908],[-2.09119,10.81311],[-2.10461,10.83051],[-2.12152,10.82751],[-2.12952,10.83051],[-2.13611,10.82629],[-2.13849,10.81909],[-2.14508,10.81232],[-2.15759,10.80811],[-2.16882,10.80951],[-2.17853,10.79871],[-2.17529,10.7951],[-2.17352,10.77173],[-2.16571,10.75311],[-2.151,10.73187],[-2.14111,10.70587],[-2.13062,10.6933],[-2.12872,10.6759],[-2.12183,10.65948],[-2.1358,10.62793],[-2.13483,10.62012],[-2.14001,10.6109],[-2.13861,10.59888],[-2.1308,10.59149],[-2.13733,10.58569],[-2.14172,10.58551],[-2.14691,10.57611],[-2.1557,10.56873],[-2.1546,10.56512],[-2.15918,10.55829],[-2.17712,10.55353],[-2.17822,10.55011],[-2.17181,10.5415],[-2.16479,10.5191],[-2.18048,10.50787],[-2.18213,10.50488],[-2.17908,10.50128],[-2.18158,10.49249],[-2.18793,10.49548],[-2.20038,10.49591],[-2.21033,10.5047],[-2.22699,10.50653],[-2.23907,10.51672],[-2.23761,10.52148],[-2.24268,10.52649],[-2.26398,10.54071],[-2.26941,10.55469],[-2.2771,10.55908],[-2.29102,10.55353],[-2.29498,10.55469],[-2.29828,10.55829],[-2.29999,10.56812],[-2.30682,10.57208],[-2.3067,10.57532],[-2.31708,10.58032],[-2.32141,10.57971],[-2.32068,10.59332],[-2.33398,10.59808],[-2.3349,10.60687],[-2.34192,10.61688],[-2.3457,10.61792],[-2.34662,10.63068],[-2.35779,10.65131],[-2.35449,10.66772],[-2.35681,10.6701],[-2.34991,10.68451],[-2.35162,10.69189],[-2.35773,10.69592],[-2.3736,10.69647],[-2.38788,10.7019],[-2.39172,10.71991],[-2.40002,10.73468],[-2.40363,10.73767],[-2.43469,10.74091],[-2.45081,10.77692],[-2.46558,10.78888],[-2.47388,10.78668],[-2.47791,10.78851],[-2.4751,10.7959],[-2.46613,10.79492],[-2.45563,10.7995],[-2.44128,10.79993],[-2.43958,10.80432],[-2.44592,10.81909],[-2.44672,10.82953],[-2.45471,10.83807],[-2.46008,10.86249],[-2.46832,10.86609],[-2.47009,10.86969],[-2.46918,10.87927],[-2.47461,10.88831],[-2.47351,10.89691],[-2.49359,10.92212],[-2.50769,10.92548],[-2.51459,10.93549],[-2.53052,10.9325],[-2.53949,10.93689],[-2.56738,10.93433],[-2.59119,10.93811],[-2.59698,10.94287],[-2.59778,10.95288],[-2.60052,10.95612],[-2.61011,10.95911],[-2.6106,10.96692],[-2.63177,10.97009],[-2.63379,10.99451],[-2.62921,11.0033],[-2.62048,11.00989],[-2.6189,11.02051],[-2.58289,11.02173],[-2.55542,11.01813],[-2.49768,11.01831],[-2.45221,11.02332],[-2.37762,11.00891],[-2.36023,11.00812],[-2.30011,11.01111],[-2.2724,11.01691],[-2.22021,11.02069],[-2.11841,11.01428],[-2.05798,11.01752],[-2.00629,11.00409]]]}},{"type":"Feature","properties":{"name":"Wa East","region":"Upper West","pcode":"GH1309","level":"ADM2"},"geometry":{"type":"Polygon","coordinates":[[[-1.85931,10.37073],[-1.828,10.32507],[-1.82721,10.31329],[-1.82111,10.29907],[-1.80463,10.29413],[-1.76343,10.26093],[-1.74792,10.25128],[-1.74121,10.2489],[-1.73669,10.25049],[-1.72528,10.23853],[-1.70459,10.22632],[-1.69342,10.22491],[-1.67871,10.21472],[-1.67328,10.20428],[-1.6745,10.20007],[-1.66949,10.19049],[-1.66772,10.17731],[-1.65479,10.16211],[-1.63531,10.15289],[-1.62201,10.13428],[-1.60071,10.13287],[-1.59351,10.11432],[-1.59473,10.10669],[-1.58789,10.10071],[-1.58801,10.07831],[-1.61719,10.06891],[-1.62323,10.07129],[-1.62592,10.07892],[-1.65472,10.07391],[-1.64221,10.05847],[-1.63,10.05328],[-1.63013,10.04907],[-1.6394,10.03912],[-1.64478,10.03809],[-1.66168,10.04468],[-1.6676,10.04431],[-1.66742,10.03528],[-1.67328,10.02588],[-1.68561,10.03851],[-1.69482,10.03052],[-1.69562,10.0249],[-1.7019,10.02112],[-1.70172,10.0141],[-1.71393,10.01288],[-1.71631,10.0083],[-1.71753,9.99628],[-1.71051,9.98212],[-1.71259,9.97089],[-1.70782,9.96448],[-1.71033,9.96033],[-1.7077,9.94568],[-1.71509,9.94189],[-1.71381,9.92969],[-1.7049,9.92432],[-1.70673,9.90131],[-1.69641,9.8869],[-1.69812,9.86591],[-1.70691,9.82471],[-1.71979,9.82031],[-1.74219,9.82013],[-2.00061,9.82373],[-2.00671,9.81848],[-2.02191,9.78949],[-2.02972,9.7829],[-2.04218,9.77972],[-2.08643,9.78552],[-2.09119,9.78992],[-2.09448,9.81128],[-2.09692,9.81372],[-2.42108,9.77252],[-2.48639,9.75409],[-2.4859,9.76093],[-2.49622,9.76648],[-2.4939,9.78308],[-2.48431,9.78949],[-2.48999,9.80029],[-2.48651,9.80487],[-2.4892,9.81628],[-2.487,9.82129],[-2.47528,9.82452],[-2.47168,9.83612],[-2.46301,9.8493],[-2.4624,9.86572],[-2.45441,9.87128],[-2.45331,9.87891],[-2.46143,9.88611],[-2.45941,9.90033],[-2.44861,9.9043],[-2.44849,9.91193],[-2.45813,9.91992],[-2.45972,9.9433],[-2.45093,9.9361],[-2.44171,9.91449],[-2.43323,9.91351],[-2.40979,9.92407],[-2.39691,9.94049],[-2.38409,9.93671],[-2.38013,9.93927],[-2.37842,9.95331],[-2.35309,9.96692],[-2.34729,9.97272],[-2.32648,9.97748],[-2.32251,9.9895],[-2.32953,10.01093],[-2.33002,10.02209],[-2.32483,10.03369],[-2.31812,10.03729],[-2.30542,10.0517],[-2.32758,10.06311],[-2.3465,10.06372],[-2.35303,10.06128],[-2.3642,10.07092],[-2.36621,10.07452],[-2.36353,10.08832],[-2.36938,10.10107],[-2.35052,10.10889],[-2.3526,10.11389],[-2.35773,10.11652],[-2.36249,10.1145],[-2.37439,10.1217],[-2.39563,10.11749],[-2.39819,10.13409],[-2.40613,10.15131],[-2.4021,10.17151],[-2.37921,10.19568],[-2.3761,10.20752],[-2.35419,10.24048],[-2.34198,10.24072],[-2.32971,10.24573],[-2.3241,10.24127],[-2.29639,10.24072],[-2.28088,10.24628],[-2.27173,10.24231],[-2.25891,10.22791],[-2.25531,10.21832],[-2.24951,10.21448],[-2.24341,10.21912],[-2.23853,10.23511],[-2.2265,10.2381],[-2.2207,10.24292],[-2.21399,10.2431],[-2.21118,10.2467],[-2.21381,10.25232],[-2.19672,10.28748],[-2.16418,10.28851],[-2.16992,10.30731],[-2.09601,10.3327],[-2.09271,10.31989],[-2.08069,10.31348],[-2.06671,10.32373],[-2.05988,10.32471],[-2.06,10.3175],[-2.05432,10.31073],[-2.0517,10.31311],[-2.0321,10.30908],[-2.03052,10.30353],[-2.02283,10.3045],[-2.0188,10.31512],[-2.00708,10.31848],[-2.00763,10.32507],[-2.0025,10.32849],[-2.00031,10.33612],[-1.98743,10.3457],[-1.98242,10.36029],[-1.97211,10.3631],[-1.95898,10.35828],[-1.94269,10.36731],[-1.92279,10.37311],[-1.90833,10.38953],[-1.9046,10.40131],[-1.896,10.41388],[-1.8797,10.39008],[-1.85931,10.37073]]]}},{"type":"Feature","properties":{"name":"Wa Municipal","region":"Upper West","pcode":"GH1310","level":"ADM2"},"geometry":{"type":"Polygon","coordinates":[[[-2.40521,10.16333],[-2.40381,10.15631],[-2.40613,10.15131],[-2.39819,10.13409],[-2.39563,10.11749],[-2.37439,10.1217],[-2.36249,10.1145],[-2.35773,10.11652],[-2.3526,10.11389],[-2.35052,10.10889],[-2.36938,10.10107],[-2.36353,10.08832],[-2.36621,10.07452],[-2.3642,10.07092],[-2.35303,10.06128],[-2.3465,10.06372],[-2.32758,10.06311],[-2.30542,10.0517],[-2.31812,10.03729],[-2.32483,10.03369],[-2.33002,10.02209],[-2.32953,10.01093],[-2.32251,9.9895],[-2.32648,9.97748],[-2.34729,9.97272],[-2.35309,9.96692],[-2.37842,9.95331],[-2.38013,9.93927],[-2.38409,9.93671],[-2.39691,9.94049],[-2.40979,9.92407],[-2.43323,9.91351],[-2.44171,9.91449],[-2.45093,9.9361],[-2.4657,9.95148],[-2.47968,9.95752],[-2.51349,9.9469],[-2.52271,9.93768],[-2.53119,9.9353],[-2.5481,9.94012],[-2.55682,9.92767],[-2.56592,9.92511],[-2.58472,9.93127],[-2.58728,9.93347],[-2.58661,9.93793],[-2.60138,9.9425],[-2.59839,9.96008],[-2.59167,9.97113],[-2.5932,9.97552],[-2.58313,9.98413],[-2.58911,9.98969],[-2.59473,9.9845],[-2.5979,9.98529],[-2.59998,9.98889],[-2.59601,9.99548],[-2.60388,10.00208],[-2.6084,10.00171],[-2.61493,10.03351],[-2.61218,10.0401],[-2.59961,10.04169],[-2.59589,10.03931],[-2.58911,10.04291],[-2.56952,10.0459],[-2.58429,10.05713],[-2.58112,10.06372],[-2.58063,10.0799],[-2.59479,10.07831],[-2.5965,10.08191],[-2.59381,10.08868],[-2.57831,10.09888],[-2.58289,10.1059],[-2.58411,10.11627],[-2.57208,10.12012],[-2.56671,10.11371],[-2.56488,10.10272],[-2.54919,10.09229],[-2.52502,10.0965],[-2.50128,10.12329],[-2.48523,10.13348],[-2.4762,10.14752],[-2.46069,10.1557],[-2.46051,10.15912],[-2.45221,10.16052],[-2.4483,10.15771],[-2.42078,10.16431],[-2.40521,10.16333]]]}},{"type":"Feature","properties":{"name":"Wa West","region":"Upper West","pcode":"GH1311","level":"ADM2"},"geometry":{"type":"Polygon","coordinates":[[[-2.58411,10.11627],[-2.58289,10.1059],[-2.57831,10.09888],[-2.59381,10.08868],[-2.5965,10.08191],[-2.59479,10.07831],[-2.58063,10.0799],[-2.58112,10.06372],[-2.58429,10.05713],[-2.56952,10.0459],[-2.58911,10.04291],[-2.59589,10.03931],[-2.59961,10.04169],[-2.61218,10.0401],[-2.61493,10.03351],[-2.6084,10.00171],[-2.60388,10.00208],[-2.59601,9.99548],[-2.59998,9.98889],[-2.5979,9.98529],[-2.59473,9.9845],[-2.58911,9.98969],[-2.58313,9.98413],[-2.5932,9.97552],[-2.59167,9.97113],[-2.59839,9.96008],[-2.60138,9.9425],[-2.58661,9.93793],[-2.58728,9.93347],[-2.58472,9.93127],[-2.56592,9.92511],[-2.55682,9.92767],[-2.5481,9.94012],[-2.53119,9.9353],[-2.52271,9.93768],[-2.51349,9.9469],[-2.47968,9.95752],[-2.46899,9.95367],[-2.46161,9.94611],[-2.45813,9.91992],[-2.44849,9.91193],[-2.44861,9.9043],[-2.45941,9.90033],[-2.46143,9.88611],[-2.45331,9.87891],[-2.45441,9.87128],[-2.4624,9.86572],[-2.46301,9.8493],[-2.47168,9.83612],[-2.47528,9.82452],[-2.487,9.82129],[-2.4892,9.81628],[-2.48651,9.80487],[-2.48999,9.80029],[-2.48431,9.78949],[-2.4939,9.78308],[-2.49622,9.76648],[-2.4859,9.76093],[-2.48639,9.75409],[-2.50842,9.74591],[-2.50763,9.71973],[-2.51459,9.6947],[-2.52118,9.68707],[-2.5387,9.67792],[-2.60028,9.6593],[-2.63013,9.64648],[-2.66388,9.6391],[-2.67383,9.63373],[-2.70038,9.63049],[-2.70758,9.63373],[-2.72021,9.63287],[-2.72668,9.63568],[-2.73199,9.64227],[-2.74658,9.6427],[-2.75421,9.65308],[-2.75861,9.68048],[-2.78101,9.68811],[-2.78632,9.69391],[-2.78711,9.69928],[-2.78351,9.72571],[-2.7901,9.74689],[-2.77942,9.75592],[-2.75873,9.80011],[-2.75189,9.8067],[-2.73328,9.81488],[-2.72693,9.82831],[-2.72949,9.83673],[-2.74652,9.8537],[-2.76251,9.88568],[-2.763,9.91711],[-2.75232,9.94128],[-2.74481,9.94891],[-2.74329,9.95947],[-2.75,9.98151],[-2.77032,10.00293],[-2.78223,10.02832],[-2.7829,10.04547],[-2.79071,10.07068],[-2.78851,10.09509],[-2.79388,10.12469],[-2.78778,10.13928],[-2.79498,10.17389],[-2.77802,10.18793],[-2.76788,10.18909],[-2.7511,10.20251],[-2.73999,10.20331],[-2.73071,10.19592],[-2.72382,10.19629],[-2.72021,10.19153],[-2.70422,10.18433],[-2.69733,10.17792],[-2.69128,10.16388],[-2.67682,10.16388],[-2.65961,10.15509],[-2.64691,10.15948],[-2.63348,10.15668],[-2.62378,10.16528],[-2.6134,10.16388],[-2.60992,10.15588],[-2.61621,10.14832],[-2.60608,10.1369],[-2.59198,10.1283],[-2.58411,10.11627]]]}},{"type":"Feature","properties":{"name":"Adaklu","region":"Volta","pcode":"GH1401","level":"ADM2"},"geometry":{"type":"Polygon","coordinates":[[[0.49652,6.60052],[0.5199,6.59631],[0.52429,6.57251],[0.54608,6.58051],[0.5531,6.59149],[0.5603,6.59052],[0.63049,6.55469],[0.63348,6.52148],[0.63049,6.51392],[0.63092,6.48969],[0.64227,6.46729],[0.65192,6.46332],[0.65509,6.45508],[0.65509,6.43927],[0.66309,6.43433],[0.66412,6.43011],[0.69531,6.44031],[0.70551,6.4361],[0.70813,6.4317],[0.70892,6.42212],[0.70471,6.4209],[0.70471,6.40491],[0.6925,6.39673],[0.69788,6.37012],[0.6853,6.36371],[0.68347,6.34888],[0.67249,6.33032],[0.67511,6.31989],[0.6731,6.31653],[0.66351,6.31293],[0.65991,6.3147],[0.64807,6.3045],[0.63269,6.3009],[0.61627,6.29108],[0.61353,6.30511],[0.58972,6.28229],[0.57269,6.29132],[0.57593,6.30231],[0.55713,6.29773],[0.54828,6.29828],[0.5437,6.28271],[0.52173,6.2959],[0.49231,6.30469],[0.46613,6.30048],[0.4519,6.28772],[0.4433,6.28931],[0.43213,6.28668],[0.43073,6.2901],[0.43188,6.29431],[0.44348,6.3031],[0.44489,6.32208],[0.44012,6.33612],[0.43408,6.34167],[0.42828,6.3429],[0.42273,6.35388],[0.42432,6.35687],[0.4165,6.36627],[0.4209,6.38708],[0.41809,6.39532],[0.41309,6.39807],[0.41852,6.40527],[0.41309,6.42151],[0.4173,6.43311],[0.4079,6.4491],[0.41028,6.46912],[0.44067,6.5061],[0.44171,6.5097],[0.43793,6.51813],[0.4325,6.52112],[0.44427,6.53711],[0.44312,6.54291],[0.45648,6.56128],[0.46332,6.5777],[0.46729,6.57709],[0.47247,6.5611],[0.4823,6.55408],[0.4917,6.57751],[0.48767,6.59088],[0.48853,6.59729],[0.49652,6.60052]]]}},{"type":"Feature","properties":{"name":"Afadzato South","region":"Volta","pcode":"GH1402","level":"ADM2"},"geometry":{"type":"Polygon","coordinates":[[[0.59448,7.00311],[0.58612,7.00208],[0.5799,6.99792],[0.57092,6.99969],[0.5495,6.99371],[0.53931,6.98688],[0.53448,6.97772],[0.52252,6.97192],[0.52551,6.9635],[0.52612,6.95508],[0.52307,6.94733],[0.52509,6.9411],[0.5097,6.91931],[0.50409,6.90448],[0.47412,6.87231],[0.44952,6.86713],[0.43848,6.87952],[0.43591,6.8891],[0.41711,6.8927],[0.40527,6.90887],[0.4007,6.92432],[0.39551,6.9231],[0.38647,6.91132],[0.39008,6.90912],[0.40167,6.86987],[0.41028,6.85913],[0.40729,6.83789],[0.39752,6.82208],[0.39008,6.77911],[0.37793,6.75671],[0.37073,6.73431],[0.3559,6.71509],[0.34772,6.68652],[0.34308,6.68372],[0.3291,6.68951],[0.31567,6.68451],[0.30432,6.67389],[0.26672,6.66809],[0.26672,6.67407],[0.2901,6.69989],[0.2887,6.71851],[0.29327,6.72888],[0.29431,6.75568],[0.3031,6.76593],[0.31128,6.78888],[0.30212,6.79547],[0.30847,6.79993],[0.3111,6.80908],[0.3103,6.8161],[0.30487,6.82428],[0.30811,6.8299],[0.31189,6.8299],[0.31293,6.8269],[0.31531,6.82867],[0.31769,6.83832],[0.3277,6.84131],[0.33893,6.84009],[0.34253,6.84271],[0.3479,6.85571],[0.32709,6.85992],[0.32532,6.86389],[0.33051,6.87073],[0.3313,6.88092],[0.35651,6.90253],[0.35431,6.90448],[0.34351,6.8999],[0.33807,6.90289],[0.3371,6.90692],[0.34631,6.91992],[0.35449,6.92352],[0.3457,6.93872],[0.34589,6.94287],[0.35309,6.9433],[0.35468,6.94769],[0.36249,6.94989],[0.36548,6.95367],[0.36731,6.97308],[0.37708,6.98651],[0.3927,6.99408],[0.40668,6.99408],[0.41333,7.00653],[0.4115,7.0127],[0.39429,7.01648],[0.3819,7.0257],[0.37372,7.0379],[0.36328,7.04669],[0.3631,7.05133],[0.3667,7.0509],[0.36627,7.05713],[0.37073,7.06488],[0.38647,7.0647],[0.38452,7.06769],[0.39227,7.0733],[0.3941,7.08148],[0.39752,7.0835],[0.40808,7.07849],[0.41748,7.07928],[0.43011,7.06989],[0.4339,7.06989],[0.43152,7.05811],[0.4361,7.05548],[0.44452,7.05731],[0.45709,7.05249],[0.4671,7.05249],[0.48431,7.0625],[0.50269,7.0611],[0.50531,7.05768],[0.50171,7.0509],[0.52271,7.05249],[0.55389,7.04028],[0.55591,7.0293],[0.5639,7.02753],[0.5719,7.02173],[0.57147,7.01251],[0.59448,7.00311]]]}},{"type":"Feature","properties":{"name":"Agotime Ziope","region":"Volta","pcode":"GH1403","level":"ADM2"},"geometry":{"type":"Polygon","coordinates":[[[0.7489,6.44708],[0.74573,6.42767],[0.74908,6.41528],[0.75372,6.41589],[0.78809,6.39752],[0.78632,6.3905],[0.79071,6.38068],[0.78308,6.3717],[0.78693,6.35352],[0.76813,6.34912],[0.76471,6.34253],[0.7547,6.35272],[0.72333,6.34113],[0.71448,6.3421],[0.6983,6.33392],[0.6933,6.31512],[0.67249,6.33032],[0.68347,6.34888],[0.6853,6.36371],[0.69788,6.37012],[0.6925,6.39673],[0.70471,6.40491],[0.70471,6.4209],[0.70892,6.42212],[0.70813,6.4317],[0.70551,6.4361],[0.69531,6.44031],[0.66412,6.43011],[0.66309,6.43433],[0.65509,6.43927],[0.65509,6.45508],[0.65192,6.46332],[0.64227,6.46729],[0.63092,6.48969],[0.63049,6.51392],[0.63348,6.52148],[0.63049,6.55469],[0.58411,6.58008],[0.58911,6.58649],[0.60168,6.59113],[0.6131,6.59949],[0.62671,6.6181],[0.63031,6.6275],[0.64349,6.6311],[0.65472,6.61108],[0.6637,6.60553],[0.66992,6.60809],[0.67291,6.61371],[0.6889,6.60052],[0.69171,6.59167],[0.69788,6.5885],[0.71173,6.58508],[0.72369,6.5899],[0.74249,6.58911],[0.74872,6.57312],[0.7489,6.56311],[0.71912,6.53491],[0.71753,6.52753],[0.72168,6.50208],[0.7323,6.48492],[0.74652,6.48389],[0.74487,6.4585],[0.7489,6.44708]]]}},{"type":"Feature","properties":{"name":"Akatsi North","region":"Volta","pcode":"GH1404","level":"ADM2"},"geometry":{"type":"Polygon","coordinates":[[[0.7821,6.43451],[0.78748,6.41351],[0.82611,6.40411],[0.8399,6.39648],[0.87451,6.36688],[0.88733,6.34912],[0.89227,6.3363],[0.96411,6.33508],[0.96509,6.32672],[0.96069,6.3125],[0.96368,6.29773],[0.95947,6.28888],[0.9455,6.28369],[0.93469,6.2749],[0.92511,6.28088],[0.91608,6.27692],[0.89752,6.2785],[0.89429,6.24707],[0.90131,6.22369],[0.90033,6.21771],[0.88531,6.19568],[0.85229,6.22211],[0.83392,6.22229],[0.82507,6.21808],[0.82172,6.21991],[0.82013,6.18573],[0.80988,6.17749],[0.79572,6.17432],[0.79272,6.1947],[0.78412,6.19629],[0.77667,6.1933],[0.77429,6.20251],[0.77808,6.22229],[0.77649,6.24011],[0.78412,6.26672],[0.78271,6.27051],[0.79327,6.29712],[0.78992,6.32251],[0.77991,6.35071],[0.78693,6.35352],[0.78308,6.3717],[0.79071,6.38068],[0.78632,6.3905],[0.78809,6.39752],[0.75372,6.41589],[0.74908,6.41528],[0.74573,6.42767],[0.7489,6.44708],[0.7821,6.43451]]]}},{"type":"Feature","properties":{"name":"Akatsi South","region":"Volta","pcode":"GH1405","level":"ADM2"},"geometry":{"type":"Polygon","coordinates":[[[0.75909,6.3501],[0.76471,6.34253],[0.76813,6.34912],[0.77991,6.35071],[0.78607,6.33728],[0.79309,6.3045],[0.79327,6.29712],[0.78271,6.27051],[0.78412,6.26672],[0.77588,6.23651],[0.77808,6.22229],[0.77429,6.20251],[0.77667,6.1933],[0.78412,6.19629],[0.79272,6.1947],[0.79572,6.17432],[0.80988,6.17749],[0.82013,6.18573],[0.82172,6.21991],[0.82507,6.21808],[0.83392,6.22229],[0.85229,6.22211],[0.88531,6.19568],[0.87952,6.18829],[0.87433,6.16492],[0.87811,6.16248],[0.87909,6.1579],[0.87567,6.15411],[0.87891,6.14771],[0.89172,6.14111],[0.88629,6.13971],[0.8869,6.13348],[0.87848,6.1217],[0.88428,6.11792],[0.86432,6.06909],[0.85748,6.06689],[0.85608,6.05951],[0.84351,6.04352],[0.84229,6.03729],[0.85852,6.03491],[0.86072,6.00531],[0.85327,6.0033],[0.83472,6.00952],[0.82788,6.00171],[0.82373,6.00269],[0.81091,5.98071],[0.80371,5.95911],[0.79749,5.95947],[0.78729,5.96588],[0.77112,5.96033],[0.7663,5.95392],[0.7547,5.96912],[0.74072,5.96887],[0.72449,5.98352],[0.70728,5.98993],[0.70532,5.99329],[0.71149,6.01453],[0.73151,6.02667],[0.73169,6.03351],[0.75067,6.05487],[0.75513,6.07172],[0.75092,6.08728],[0.73413,6.10052],[0.71948,6.12048],[0.7243,6.13068],[0.72449,6.13849],[0.7193,6.15509],[0.72131,6.18573],[0.71368,6.21649],[0.7171,6.21869],[0.71692,6.2229],[0.70892,6.2265],[0.70892,6.23328],[0.70032,6.24292],[0.69788,6.26929],[0.68768,6.28271],[0.68152,6.28589],[0.67731,6.30048],[0.68188,6.30731],[0.69128,6.3075],[0.69531,6.31232],[0.6933,6.31512],[0.6983,6.33392],[0.71448,6.3421],[0.72333,6.34113],[0.7547,6.35272],[0.75909,6.3501]]]}},{"type":"Feature","properties":{"name":"Anloga","region":"Volta","pcode":"GH1406","level":"ADM2"},"geometry":{"type":"Polygon","coordinates":[[[0.71112,5.77332],[0.69287,5.76947],[0.69348,5.76648],[0.67969,5.77173],[0.67651,5.77612],[0.69928,5.77472],[0.70471,5.77948],[0.71121,5.77342],[0.7157,5.7829],[0.71948,5.78369],[0.71808,5.79169],[0.71191,5.79352],[0.71069,5.7995],[0.71753,5.81091],[0.71008,5.83008],[0.71393,5.84052],[0.71289,5.85449],[0.72247,5.87207],[0.7467,5.87927],[0.75751,5.87292],[0.81073,5.88312],[0.81873,5.8739],[0.85229,5.88428],[0.88251,5.8681],[0.87549,5.84149],[0.87909,5.8219],[0.89172,5.81512],[0.92072,5.80688],[0.95972,5.8147],[0.9361,5.79248],[0.92169,5.78589],[0.90411,5.78271],[0.82751,5.77472],[0.81653,5.76971],[0.76868,5.7691],[0.73572,5.77289],[0.71411,5.76929],[0.71552,5.77191],[0.71112,5.77332]]]}},{"type":"Feature","properties":{"name":"Central Tongu","region":"Volta","pcode":"GH1407","level":"ADM2"},"geometry":{"type":"Polygon","coordinates":[[[0.67249,6.33032],[0.69531,6.31232],[0.69128,6.3075],[0.68188,6.30731],[0.67853,6.30408],[0.67792,6.29211],[0.69788,6.26929],[0.70032,6.24292],[0.70892,6.23328],[0.70892,6.2265],[0.71692,6.2229],[0.7171,6.21869],[0.71368,6.21649],[0.72131,6.18573],[0.7193,6.15509],[0.70892,6.15527],[0.7041,6.1405],[0.6947,6.12671],[0.67529,6.10852],[0.6709,6.10669],[0.65991,6.11267],[0.64948,6.10193],[0.63013,6.09412],[0.61792,6.10651],[0.60828,6.10651],[0.59729,6.10052],[0.5871,6.07892],[0.55731,6.08472],[0.55267,6.08087],[0.55432,6.0553],[0.54871,6.03748],[0.5509,6.01709],[0.54907,6.00769],[0.52209,6.00208],[0.5069,6.0033],[0.4967,6.00928],[0.49628,6.0155],[0.49292,6.01868],[0.46228,6.03027],[0.46509,6.0387],[0.47333,6.04608],[0.45789,6.05487],[0.45947,6.0625],[0.44708,6.06812],[0.44171,6.0741],[0.4425,6.07831],[0.4353,6.08087],[0.43292,6.08612],[0.44647,6.08447],[0.4563,6.07971],[0.46149,6.08112],[0.46252,6.08429],[0.45972,6.08368],[0.45331,6.10193],[0.45331,6.11511],[0.46472,6.13171],[0.47693,6.12488],[0.47809,6.12891],[0.48151,6.12531],[0.48792,6.13391],[0.48712,6.13831],[0.50452,6.15729],[0.50128,6.16669],[0.50293,6.18231],[0.49872,6.1875],[0.49908,6.19629],[0.49591,6.19928],[0.48132,6.19128],[0.47351,6.19672],[0.46753,6.19373],[0.45673,6.2077],[0.45111,6.20569],[0.43909,6.20709],[0.43829,6.21088],[0.44568,6.21948],[0.45551,6.22607],[0.46973,6.25568],[0.47552,6.25513],[0.47729,6.25873],[0.4765,6.26331],[0.4729,6.2655],[0.46271,6.25989],[0.45892,6.26233],[0.42572,6.26288],[0.4267,6.27869],[0.43213,6.28668],[0.45587,6.28888],[0.46613,6.30048],[0.49231,6.30469],[0.52173,6.2959],[0.5437,6.28271],[0.54828,6.29828],[0.55713,6.29773],[0.57593,6.30231],[0.57269,6.29132],[0.58972,6.28229],[0.61353,6.30511],[0.61627,6.29108],[0.63269,6.3009],[0.64807,6.3045],[0.65991,6.3147],[0.66351,6.31293],[0.6731,6.31653],[0.67511,6.31989],[0.67249,6.33032]]]}},{"type":"Feature","properties":{"name":"Ho Municipal","region":"Volta","pcode":"GH1408","level":"ADM2"},"geometry":{"type":"Polygon","coordinates":[[[0.6377,6.63013],[0.63031,6.6275],[0.62671,6.6181],[0.6131,6.59949],[0.60168,6.59113],[0.58911,6.58649],[0.58411,6.58008],[0.58087,6.57953],[0.56549,6.58893],[0.5531,6.59149],[0.54608,6.58051],[0.52429,6.57251],[0.5199,6.59631],[0.49652,6.60052],[0.48853,6.59729],[0.48767,6.59088],[0.4917,6.57751],[0.4823,6.55408],[0.47247,6.5611],[0.46729,6.57709],[0.46332,6.5777],[0.45648,6.56128],[0.44312,6.54291],[0.44427,6.53711],[0.4325,6.52112],[0.43011,6.52411],[0.43347,6.53448],[0.4317,6.5451],[0.42609,6.55011],[0.40887,6.55652],[0.39447,6.56909],[0.38568,6.57269],[0.37628,6.5705],[0.37488,6.5733],[0.36249,6.57013],[0.36047,6.57269],[0.33929,6.5755],[0.35968,6.58551],[0.36792,6.6123],[0.36768,6.62073],[0.37769,6.6347],[0.39447,6.6319],[0.40509,6.64752],[0.42731,6.66492],[0.42889,6.68793],[0.41669,6.72247],[0.41809,6.72693],[0.42188,6.72809],[0.42371,6.73529],[0.42108,6.75452],[0.44989,6.77771],[0.45868,6.7713],[0.4563,6.7641],[0.46228,6.74707],[0.47113,6.74951],[0.47852,6.75909],[0.48132,6.75372],[0.48053,6.74371],[0.48309,6.74213],[0.48651,6.75153],[0.48932,6.7525],[0.49512,6.74487],[0.49811,6.7453],[0.50671,6.75488],[0.52008,6.76147],[0.52271,6.77289],[0.51971,6.77533],[0.52271,6.7865],[0.50208,6.7887],[0.49731,6.7959],[0.50671,6.80212],[0.50653,6.81207],[0.51569,6.8175],[0.52252,6.8269],[0.53247,6.82813],[0.53888,6.82489],[0.5437,6.82727],[0.5473,6.83411],[0.56531,6.82391],[0.56952,6.81049],[0.57953,6.80652],[0.57611,6.7995],[0.56891,6.80109],[0.56708,6.78833],[0.56769,6.78387],[0.57648,6.77429],[0.5733,6.77429],[0.5799,6.76331],[0.60132,6.75592],[0.60913,6.74847],[0.61871,6.75391],[0.62451,6.74829],[0.63312,6.74829],[0.64948,6.73828],[0.64429,6.72272],[0.64893,6.71252],[0.6441,6.69287],[0.6441,6.66809],[0.63568,6.64093],[0.63849,6.63849],[0.6377,6.63013]]]}},{"type":"Feature","properties":{"name":"Ho West","region":"Volta","pcode":"GH1409","level":"ADM2"},"geometry":{"type":"Polygon","coordinates":[[[0.53247,6.82813],[0.51929,6.82428],[0.51569,6.8175],[0.50653,6.81207],[0.50671,6.80212],[0.49731,6.7959],[0.50208,6.7887],[0.52271,6.7865],[0.51971,6.77533],[0.52271,6.77289],[0.52008,6.76147],[0.50671,6.75488],[0.49811,6.7453],[0.49512,6.74487],[0.48932,6.7525],[0.48651,6.75153],[0.48309,6.74213],[0.48053,6.74371],[0.48132,6.75372],[0.47852,6.75909],[0.47113,6.74951],[0.46228,6.74707],[0.4563,6.7641],[0.45868,6.7713],[0.44989,6.77771],[0.42108,6.75452],[0.42371,6.73529],[0.42188,6.72809],[0.41809,6.72693],[0.41669,6.72247],[0.42889,6.68793],[0.42731,6.66492],[0.40509,6.64752],[0.39447,6.6319],[0.37769,6.6347],[0.36768,6.62073],[0.36792,6.6123],[0.35968,6.58551],[0.33929,6.5755],[0.36688,6.5697],[0.36871,6.57251],[0.37488,6.5733],[0.38068,6.57013],[0.38568,6.57269],[0.40692,6.56049],[0.40887,6.55652],[0.42889,6.54852],[0.43372,6.54108],[0.43011,6.52411],[0.43793,6.51813],[0.44171,6.5097],[0.42889,6.48993],[0.41168,6.47229],[0.4079,6.4491],[0.4173,6.43311],[0.41309,6.42151],[0.41852,6.40527],[0.41309,6.39807],[0.41809,6.39532],[0.4209,6.38708],[0.4165,6.36627],[0.42432,6.35687],[0.42273,6.35388],[0.42828,6.3429],[0.43408,6.34167],[0.44012,6.33612],[0.44489,6.32208],[0.44348,6.3031],[0.43188,6.29431],[0.43213,6.28668],[0.4267,6.27869],[0.42432,6.26709],[0.42572,6.26288],[0.4223,6.26007],[0.41669,6.26129],[0.41248,6.27588],[0.40649,6.27991],[0.4035,6.28931],[0.39008,6.30353],[0.37952,6.30768],[0.37152,6.3031],[0.3385,6.31409],[0.32172,6.32111],[0.30511,6.33331],[0.19769,6.33392],[0.17389,6.33087],[0.18048,6.3399],[0.18591,6.33948],[0.19672,6.35352],[0.2005,6.35352],[0.20428,6.35773],[0.20007,6.3703],[0.21332,6.37952],[0.21552,6.38391],[0.21552,6.38928],[0.20892,6.39807],[0.2121,6.41211],[0.20172,6.43848],[0.20813,6.44489],[0.19971,6.4549],[0.20569,6.47571],[0.2207,6.4967],[0.2475,6.51147],[0.28412,6.54132],[0.28333,6.55487],[0.28772,6.57428],[0.28528,6.57788],[0.27667,6.57831],[0.27332,6.59009],[0.29028,6.59491],[0.31232,6.60712],[0.33972,6.63751],[0.34332,6.64691],[0.34589,6.6543],[0.34387,6.65747],[0.35193,6.67529],[0.34772,6.68652],[0.3559,6.71509],[0.37073,6.73431],[0.37793,6.75671],[0.39008,6.77911],[0.39752,6.82208],[0.40631,6.8335],[0.40991,6.8515],[0.41028,6.85913],[0.40167,6.86987],[0.39008,6.90912],[0.38647,6.91132],[0.39032,6.91687],[0.39789,6.92493],[0.4007,6.92432],[0.40527,6.90887],[0.41711,6.8927],[0.43591,6.8891],[0.43848,6.87952],[0.4455,6.8703],[0.45349,6.86627],[0.47412,6.87231],[0.4881,6.8869],[0.50409,6.90448],[0.5097,6.91931],[0.52509,6.9411],[0.54791,6.93707],[0.55212,6.93048],[0.55951,6.92853],[0.56592,6.92151],[0.55627,6.88629],[0.53448,6.87653],[0.54291,6.86493],[0.53192,6.85571],[0.53247,6.82813]]]}},{"type":"Feature","properties":{"name":"Hohoe Municipal","region":"Volta","pcode":"GH1410","level":"ADM2"},"geometry":{"type":"MultiPolygon","coordinates":[[[[0.61911,7.26428],[0.64429,7.26312],[0.64306,7.25387],[0.64334,7.26306],[0.61911,7.26428]]],[[[0.6427,7.25269],[0.64269,7.25268],[0.64273,7.25278],[0.6427,7.25269]]],[[[0.63899,7.23503],[0.6391,7.22607],[0.63658,7.22301],[0.63899,7.23503]]],[[[0.63886,7.23802],[0.63885,7.23806],[0.63889,7.23814],[0.63886,7.23802]]],[[[0.63314,7.20619],[0.63129,7.19647],[0.62488,7.18292],[0.63314,7.20619]]],[[[0.62222,7.18417],[0.62255,7.18415],[0.62276,7.18392],[0.62222,7.18417]]],[[[0.61796,7.1678],[0.61799,7.168],[0.61801,7.16803],[0.61796,7.1678]]],[[[0.61725,7.16414],[0.61728,7.16496],[0.61745,7.16519],[0.61725,7.16414]]],[[[0.61732,7.18191],[0.61722,7.17196],[0.61416,7.17401],[0.61732,7.18191]]],[[[0.59862,7.13446],[0.59308,7.11371],[0.59747,7.1145],[0.60229,7.10913],[0.61151,7.10553],[0.61432,7.09253],[0.59747,7.06073],[0.60248,7.02368],[0.59473,7.0097],[0.59448,7.00311],[0.57147,7.01251],[0.5719,7.02173],[0.5639,7.02753],[0.55591,7.0293],[0.55389,7.04028],[0.54352,7.04608],[0.52271,7.05249],[0.50171,7.0509],[0.50531,7.05768],[0.49811,7.06189],[0.48431,7.0625],[0.4671,7.05249],[0.45709,7.05249],[0.44452,7.05731],[0.4361,7.05548],[0.43152,7.05811],[0.4339,7.06989],[0.43011,7.06989],[0.41748,7.07928],[0.40808,7.07849],[0.39752,7.0835],[0.3941,7.08148],[0.39227,7.0733],[0.38452,7.06769],[0.38647,7.0647],[0.37073,7.06488],[0.36627,7.05713],[0.3667,7.0509],[0.3631,7.05133],[0.3573,7.05408],[0.34851,7.06812],[0.33948,7.0741],[0.32892,7.0907],[0.33392,7.10748],[0.33972,7.11609],[0.33911,7.1297],[0.34949,7.12653],[0.35748,7.13171],[0.36768,7.14832],[0.39161,7.22628],[0.39657,7.13618],[0.406,7.13979],[0.40413,7.16423],[0.41655,7.15431],[0.43654,7.17016],[0.47496,7.18069],[0.47527,7.18579],[0.47892,7.18745],[0.48115,7.18017],[0.4904,7.17256],[0.4869,7.16723],[0.50109,7.17406],[0.51935,7.16383],[0.5197,7.15305],[0.52225,7.15627],[0.53328,7.15417],[0.531,7.11576],[0.55049,7.12199],[0.54714,7.12674],[0.5481,7.12975],[0.55377,7.13023],[0.55593,7.12451],[0.5825,7.12227],[0.58643,7.12812],[0.59586,7.12776],[0.59675,7.13338],[0.59862,7.13446]]],[[[0.6059,7.14551],[0.60571,7.14378],[0.60586,7.14625],[0.6059,7.14551]]],[[[0.60564,7.14316],[0.60388,7.1377],[0.60341,7.13746],[0.60564,7.14316]]],[[[0.60512,7.1538],[0.6055,7.15078],[0.60482,7.15391],[0.60512,7.1538]]],[[[0.58392,7.27832],[0.60515,7.2671],[0.58455,7.27734],[0.58356,7.27811],[0.58193,7.28209],[0.58218,7.28384],[0.58392,7.27832]]],[[[0.58152,7.28565],[0.58112,7.28509],[0.58103,7.28573],[0.58152,7.28565]]],[[[0.57788,7.2879],[0.58013,7.2879],[0.57979,7.28765],[0.57788,7.2879]]],[[[0.57506,7.2835],[0.57609,7.28536],[0.57708,7.28414],[0.57506,7.2835]]],[[[0.57676,7.28776],[0.57588,7.28743],[0.57533,7.28758],[0.57676,7.28776]]],[[[0.5733,7.27649],[0.57336,7.277],[0.57286,7.27484],[0.5733,7.27649]]],[[[0.57285,7.27478],[0.57275,7.27399],[0.57259,7.27381],[0.57285,7.27478]]],[[[0.56592,7.26773],[0.57147,7.26813],[0.57176,7.26993],[0.57167,7.26762],[0.57032,7.26703],[0.56778,7.26673],[0.56592,7.26773]]],[[[0.56293,7.2655],[0.56326,7.26652],[0.56366,7.26596],[0.56293,7.2655]]],[[[0.56091,7.2597],[0.557,7.25382],[0.55636,7.25383],[0.56091,7.2597]]],[[[0.5531,7.24908],[0.55266,7.24742],[0.55041,7.24698],[0.5531,7.24908]]],[[[0.5481,7.24353],[0.54833,7.24389],[0.54811,7.24341],[0.5481,7.24353]]],[[[0.54184,7.27438],[0.54184,7.27438],[0.54184,7.27439],[0.54184,7.27438]]],[[[0.54003,7.28936],[0.5415,7.28168],[0.54162,7.27938],[0.54003,7.28936]]],[[[0.54089,7.23328],[0.54148,7.23423],[0.5409,7.23318],[0.54089,7.23328]]],[[[0.53934,7.26732],[0.53959,7.27036],[0.5407,7.27109],[0.53934,7.26732]]],[[[0.5387,7.2229],[0.53962,7.2234],[0.53847,7.22268],[0.5387,7.2229]]],[[[0.53931,7.29651],[0.53801,7.29724],[0.53678,7.29848],[0.53931,7.29651]]],[[[0.53874,7.26419],[0.53872,7.26613],[0.5391,7.26658],[0.53874,7.26419]]],[[[0.53851,7.2627],[0.53832,7.26194],[0.53858,7.26312],[0.53851,7.2627]]],[[[0.53716,7.25729],[0.53722,7.25782],[0.53736,7.2581],[0.53716,7.25729]]],[[[0.53571,7.29932],[0.53477,7.29992],[0.53506,7.3021],[0.53571,7.29932]]],[[[0.51932,7.22052],[0.53568,7.2201],[0.51932,7.22052],[0.51932,7.22052]]],[[[0.5343,7.2547],[0.53407,7.25319],[0.53546,7.25568],[0.5343,7.2547]]],[[[0.53351,7.24951],[0.53319,7.25062],[0.53387,7.25186],[0.53351,7.24951]]],[[[0.52667,7.24432],[0.5267,7.24452],[0.52722,7.24474],[0.52667,7.24432]]],[[[0.5163,7.29993],[0.52271,7.29791],[0.52533,7.30047],[0.52354,7.29821],[0.52252,7.29769],[0.52191,7.29764],[0.5163,7.29993]]],[[[0.5213,7.23468],[0.52051,7.23071],[0.52021,7.22826],[0.52051,7.23079],[0.52119,7.23472],[0.51805,7.23854],[0.5213,7.23468]]],[[[0.51711,7.23969],[0.51708,7.23973],[0.51804,7.24015],[0.51711,7.23969]]],[[[0.51251,7.30133],[0.5128,7.30123],[0.51178,7.30121],[0.51251,7.30133]]],[[[0.5048,7.30007],[0.50423,7.29888],[0.5023,7.29897],[0.5048,7.30007]]],[[[0.49268,7.29108],[0.49511,7.29373],[0.49431,7.29209],[0.49141,7.29019],[0.48606,7.29224],[0.49268,7.29108]]],[[[0.48152,7.29274],[0.48119,7.29261],[0.48108,7.29264],[0.48152,7.29274]]],[[[0.47589,7.29169],[0.47836,7.2921],[0.47055,7.29169],[0.47589,7.29169]]],[[[0.45709,7.29431],[0.46051,7.29169],[0.46496,7.2898],[0.45955,7.29203],[0.45709,7.29431]]],[[[0.4505,7.29633],[0.45361,7.29538],[0.45181,7.29516],[0.4505,7.29633]]],[[[0.45135,7.28733],[0.452,7.2849],[0.45094,7.28478],[0.45135,7.28733]]],[[[0.45148,7.28809],[0.45045,7.29166],[0.45138,7.28752],[0.45148,7.28809]]],[[[0.4469,7.27789],[0.44681,7.27993],[0.44834,7.27715],[0.4469,7.27789]]],[[[0.44208,7.27789],[0.44062,7.27776],[0.43983,7.28019],[0.44208,7.27789]]],[[[0.4353,7.28473],[0.43914,7.28089],[0.43533,7.2846],[0.42967,7.28208],[0.4353,7.28473]]]]}},{"type":"Feature","properties":{"name":"Keta Municipal","region":"Volta","pcode":"GH1411","level":"ADM2"},"geometry":{"type":"Polygon","coordinates":[[[0.99872,6.0473],[0.99811,6.03967],[0.99249,6.03149],[0.9967,6.02289],[1.00751,6.02069],[1.01093,6.00671],[1.0105,5.99231],[1.01971,5.97968],[1.03149,5.98273],[0.99512,5.92432],[0.9903,5.90527],[0.9939,5.88953],[0.9903,5.86353],[0.98151,5.84149],[0.95972,5.8147],[0.92072,5.80688],[0.89172,5.81512],[0.87909,5.8219],[0.87549,5.84149],[0.88251,5.8681],[0.85229,5.88428],[0.81873,5.8739],[0.81073,5.88312],[0.77069,5.87653],[0.78412,5.8855],[0.7821,5.90167],[0.78729,5.90747],[0.78247,5.91852],[0.77612,5.92249],[0.77631,5.92609],[0.76849,5.92389],[0.76208,5.92767],[0.76672,5.94208],[0.76508,5.9505],[0.76752,5.95673],[0.78729,5.96588],[0.79749,5.95947],[0.80371,5.95911],[0.81091,5.98071],[0.82373,6.00269],[0.82788,6.00171],[0.83472,6.00952],[0.85327,6.0033],[0.86072,6.00531],[0.85852,6.03491],[0.84229,6.03729],[0.84351,6.04352],[0.85608,6.05951],[0.85748,6.06689],[0.86432,6.06909],[0.87347,6.06372],[0.88171,6.06567],[0.91992,6.06372],[0.95453,6.05829],[0.97791,6.04791],[0.99872,6.0473]]]}},{"type":"Feature","properties":{"name":"Ketu North","region":"Volta","pcode":"GH1412","level":"ADM2"},"geometry":{"type":"Polygon","coordinates":[[[1.07648,6.1731],[1.03131,6.1803],[1.02393,6.17352],[1.0235,6.16589],[1.03491,6.14673],[1.03552,6.13989],[1.01691,6.12311],[1.01147,6.12109],[1.00928,6.12408],[0.99652,6.1189],[1.00269,6.10931],[0.98688,6.1087],[0.97748,6.09113],[0.97888,6.08533],[1.00293,6.08313],[1.01489,6.07813],[1.01849,6.07068],[0.99432,6.0575],[0.99872,6.0473],[0.97791,6.04791],[0.95453,6.05829],[0.91992,6.06372],[0.88171,6.06567],[0.87347,6.06372],[0.86432,6.06909],[0.88428,6.11792],[0.87848,6.1217],[0.8869,6.13348],[0.88629,6.13971],[0.89172,6.14111],[0.87891,6.14771],[0.87567,6.15411],[0.87909,6.1579],[0.87811,6.16248],[0.87433,6.16492],[0.87952,6.18829],[0.90033,6.21771],[0.90131,6.22369],[0.89429,6.24707],[0.89752,6.2785],[0.91608,6.27692],[0.92511,6.28088],[0.93469,6.2749],[0.9455,6.28369],[0.95947,6.28888],[0.96368,6.29773],[0.96069,6.3125],[0.96509,6.32672],[0.96411,6.33508],[1.00409,6.3349],[1.00787,6.32251],[1.00531,6.3111],[1.00787,6.29547],[1.01593,6.2865],[1.01929,6.26709],[1.03729,6.23828],[1.05432,6.23328],[1.06512,6.22089],[1.07507,6.19531],[1.07288,6.1933],[1.08032,6.18408],[1.0755,6.17712],[1.07648,6.1731]]]}},{"type":"Feature","properties":{"name":"Ketu South","region":"Volta","pcode":"GH1413","level":"ADM2"},"geometry":{"type":"Polygon","coordinates":[[[1.07648,6.1731],[1.08447,6.16931],[1.20032,6.16772],[1.19952,6.11267],[1.1261,6.07727],[1.1051,6.06372],[1.08191,6.04651],[1.06372,6.02649],[1.03149,5.98273],[1.01971,5.97968],[1.0105,5.99231],[1.01093,6.00671],[1.00751,6.02069],[0.9967,6.02289],[0.99249,6.03149],[0.9989,6.04413],[0.99432,6.0575],[1.01849,6.07068],[1.01093,6.0813],[0.97888,6.08533],[0.97748,6.09113],[0.98688,6.1087],[1.00269,6.10931],[0.99652,6.1189],[1.00928,6.12408],[1.01147,6.12109],[1.01691,6.12311],[1.03552,6.13989],[1.03491,6.14673],[1.02307,6.16992],[1.03131,6.1803],[1.07648,6.1731]]]}},{"type":"Feature","properties":{"name":"Kpando Municipal","region":"Volta","pcode":"GH1414","level":"ADM2"},"geometry":{"type":"Polygon","coordinates":[[[0.32892,7.0907],[0.33948,7.0741],[0.34851,7.06812],[0.3573,7.05408],[0.3631,7.05133],[0.36328,7.04669],[0.37372,7.0379],[0.37891,7.02832],[0.39429,7.01648],[0.4115,7.0127],[0.41333,7.00653],[0.40668,6.99408],[0.38867,6.99268],[0.37708,6.98651],[0.37012,6.9787],[0.36572,6.96851],[0.36548,6.95367],[0.36249,6.94989],[0.35468,6.94769],[0.35309,6.9433],[0.34589,6.94287],[0.3457,6.93872],[0.35449,6.92352],[0.34631,6.91992],[0.34027,6.9223],[0.33148,6.90912],[0.32593,6.90649],[0.30988,6.90411],[0.2995,6.9071],[0.2879,6.90149],[0.2713,6.91107],[0.26971,6.94092],[0.2663,6.94452],[0.25928,6.93872],[0.25787,6.94751],[0.24969,6.9541],[0.24707,6.96753],[0.24408,6.96973],[0.24011,6.96552],[0.22748,6.97412],[0.2215,7.00787],[0.19971,7.0517],[0.19672,7.06769],[0.20288,7.08069],[0.22449,7.09949],[0.31592,7.09589],[0.32892,7.0907]]]}},{"type":"Feature","properties":{"name":"North Dayi","region":"Volta","pcode":"GH1415","level":"ADM2"},"geometry":{"type":"Polygon","coordinates":[[[0.22748,6.97412],[0.24011,6.96552],[0.24408,6.96973],[0.24707,6.96753],[0.24969,6.9541],[0.25787,6.94751],[0.25928,6.93872],[0.2663,6.94452],[0.26971,6.94092],[0.2713,6.91107],[0.28052,6.90393],[0.2879,6.90149],[0.2995,6.9071],[0.30988,6.90411],[0.32593,6.90649],[0.33148,6.90912],[0.34027,6.9223],[0.34631,6.91992],[0.3371,6.90692],[0.33807,6.90289],[0.34351,6.8999],[0.35431,6.90448],[0.35651,6.90253],[0.3313,6.88092],[0.33051,6.87073],[0.32532,6.86389],[0.32709,6.85992],[0.3479,6.85571],[0.34253,6.84271],[0.33893,6.84009],[0.3277,6.84131],[0.31769,6.83832],[0.31531,6.82867],[0.31293,6.8269],[0.31189,6.8299],[0.30811,6.8299],[0.30487,6.82428],[0.3103,6.8161],[0.3111,6.80908],[0.30847,6.79993],[0.30212,6.79547],[0.31128,6.78888],[0.3031,6.76593],[0.29431,6.75568],[0.29327,6.72888],[0.2887,6.71851],[0.2901,6.69989],[0.26672,6.67407],[0.26672,6.66809],[0.24573,6.66248],[0.23029,6.67291],[0.1615,6.68329],[0.16931,6.68988],[0.1991,6.69708],[0.20367,6.70331],[0.20831,6.75769],[0.20032,6.77869],[0.1925,6.78931],[0.15851,6.8161],[0.1449,6.81848],[0.1333,6.8291],[0.12433,6.84332],[0.11987,6.87048],[0.12292,6.88953],[0.1355,6.9101],[0.14789,6.92151],[0.19592,6.93652],[0.2063,6.9425],[0.22748,6.97412]]]}},{"type":"Feature","properties":{"name":"North Tongu","region":"Volta","pcode":"GH1416","level":"ADM2"},"geometry":{"type":"Polygon","coordinates":[[[0.19769,6.33392],[0.30511,6.33331],[0.32172,6.32111],[0.36749,6.30432],[0.37152,6.3031],[0.37952,6.30768],[0.39008,6.30353],[0.4035,6.28931],[0.40649,6.27991],[0.41248,6.27588],[0.41669,6.26129],[0.4223,6.26007],[0.43073,6.26367],[0.45892,6.26233],[0.46271,6.25989],[0.46869,6.26489],[0.4765,6.26331],[0.47552,6.25513],[0.46973,6.25568],[0.45551,6.22607],[0.44568,6.21948],[0.43829,6.21088],[0.43909,6.20709],[0.45111,6.20569],[0.45673,6.2077],[0.46753,6.19373],[0.47351,6.19672],[0.48132,6.19128],[0.49591,6.19928],[0.49908,6.19629],[0.49872,6.1875],[0.50293,6.18231],[0.50128,6.16669],[0.50452,6.15729],[0.48712,6.13831],[0.48792,6.13391],[0.48151,6.12531],[0.47809,6.12891],[0.47693,6.12488],[0.46472,6.13171],[0.46112,6.12952],[0.45313,6.11072],[0.45569,6.09308],[0.45972,6.08368],[0.46252,6.08429],[0.46149,6.08112],[0.4563,6.07971],[0.44647,6.08447],[0.43292,6.08612],[0.4353,6.08087],[0.4425,6.07831],[0.44171,6.0741],[0.44708,6.06812],[0.45947,6.0625],[0.45789,6.05487],[0.47333,6.04608],[0.46509,6.0387],[0.46228,6.03027],[0.49628,6.0155],[0.49951,6.0025],[0.49652,5.99969],[0.50031,5.99512],[0.49908,5.99109],[0.49231,5.9939],[0.49011,5.98431],[0.49188,5.98071],[0.48932,5.9787],[0.4859,5.97693],[0.48572,5.98993],[0.46753,5.99829],[0.45251,6.00128],[0.44153,5.99548],[0.44092,5.98309],[0.43573,5.97632],[0.39532,5.96112],[0.3653,5.96008],[0.35388,5.95532],[0.34448,5.95551],[0.35309,5.9859],[0.33148,5.99487],[0.33191,6.00708],[0.34052,6.01929],[0.34772,6.02228],[0.33209,6.03491],[0.33752,6.0473],[0.32111,6.0531],[0.29712,6.05652],[0.2901,6.06311],[0.28491,6.08069],[0.24792,6.10571],[0.23468,6.10968],[0.19031,6.09692],[0.14209,6.11029],[0.12268,6.12793],[0.11871,6.13708],[0.10492,6.1405],[0.09448,6.15271],[0.09167,6.15887],[0.09631,6.17731],[0.10492,6.18469],[0.12329,6.23248],[0.12872,6.2561],[0.13531,6.2605],[0.1557,6.28949],[0.16052,6.3009],[0.17407,6.30231],[0.17548,6.30469],[0.1759,6.30768],[0.1687,6.31348],[0.16949,6.32629],[0.17389,6.33087],[0.19769,6.33392]]]}},{"type":"Feature","properties":{"name":"South Dayi","region":"Volta","pcode":"GH1417","level":"ADM2"},"geometry":{"type":"Polygon","coordinates":[[[0.3291,6.68951],[0.34308,6.68372],[0.34772,6.68652],[0.35168,6.67969],[0.33972,6.63751],[0.31232,6.60712],[0.29028,6.59491],[0.27332,6.59009],[0.27667,6.57831],[0.28528,6.57788],[0.28772,6.57428],[0.28333,6.55487],[0.28412,6.54132],[0.2475,6.51147],[0.2207,6.4967],[0.20569,6.47571],[0.19971,6.4549],[0.20813,6.44489],[0.20172,6.43848],[0.2121,6.41211],[0.20929,6.40228],[0.17828,6.42468],[0.18628,6.44171],[0.1839,6.46552],[0.1889,6.47632],[0.1875,6.48108],[0.1795,6.48792],[0.18213,6.49573],[0.17828,6.51251],[0.19751,6.54291],[0.19928,6.5495],[0.19348,6.5639],[0.18732,6.56787],[0.1629,6.57031],[0.15271,6.57709],[0.12872,6.5755],[0.10449,6.56689],[0.11047,6.6167],[0.12329,6.66608],[0.13013,6.67169],[0.1615,6.68329],[0.23029,6.67291],[0.24213,6.6637],[0.25427,6.66309],[0.26672,6.66809],[0.30432,6.67389],[0.31567,6.68451],[0.3291,6.68951]]]}},{"type":"Feature","properties":{"name":"South Tongu","region":"Volta","pcode":"GH1418","level":"ADM2"},"geometry":{"type":"Polygon","coordinates":[[[0.71121,5.77342],[0.70471,5.77948],[0.69928,5.77472],[0.6875,5.7771],[0.67871,5.79413],[0.6535,5.8045],[0.65167,5.80688],[0.65411,5.8277],[0.64331,5.84052],[0.62268,5.83429],[0.6203,5.83612],[0.61951,5.85291],[0.63013,5.86749],[0.61548,5.86469],[0.61267,5.86987],[0.61407,5.87531],[0.60712,5.87732],[0.60168,5.88867],[0.57568,5.90167],[0.5813,5.91089],[0.58728,5.91431],[0.58649,5.92151],[0.57672,5.93213],[0.57251,5.93127],[0.56049,5.93988],[0.5517,5.92151],[0.5423,5.94891],[0.52472,5.9549],[0.52533,5.97791],[0.49908,5.99109],[0.50031,5.99512],[0.49652,5.99969],[0.49951,6.0025],[0.4967,6.00928],[0.5069,6.0033],[0.51813,6.00189],[0.54907,6.00769],[0.5509,6.01709],[0.54871,6.03748],[0.55432,6.0553],[0.55267,6.08087],[0.55731,6.08472],[0.5871,6.07892],[0.59729,6.10052],[0.60828,6.10651],[0.61792,6.10651],[0.63013,6.09412],[0.64948,6.10193],[0.65991,6.11267],[0.6709,6.10669],[0.67529,6.10852],[0.6947,6.12671],[0.7041,6.1405],[0.70892,6.15527],[0.7193,6.15509],[0.72131,6.15149],[0.7243,6.14392],[0.7243,6.13068],[0.71948,6.12048],[0.73413,6.10052],[0.75092,6.08728],[0.75513,6.07172],[0.75067,6.05487],[0.73169,6.03351],[0.73151,6.02667],[0.71149,6.01453],[0.70532,5.99329],[0.70728,5.98993],[0.72449,5.98352],[0.74072,5.96887],[0.7547,5.96912],[0.7663,5.95392],[0.76672,5.94208],[0.76208,5.92767],[0.76849,5.92389],[0.77631,5.92609],[0.77612,5.92249],[0.78247,5.91852],[0.78729,5.90747],[0.78271,5.90448],[0.78412,5.8855],[0.78131,5.88232],[0.7627,5.8739],[0.75293,5.87408],[0.7467,5.87927],[0.71948,5.86987],[0.71289,5.85449],[0.71393,5.84052],[0.71008,5.83008],[0.71753,5.81091],[0.71069,5.7995],[0.71191,5.79352],[0.71808,5.79169],[0.71948,5.78369],[0.7157,5.7829],[0.71121,5.77342]]]}},{"type":"Feature","properties":{"name":"Ahanta West Municipal","region":"Western","pcode":"GH1501","level":"ADM2"},"geometry":{"type":"Polygon","coordinates":[[[-2.06373,4.90876],[-2.06201,4.90588],[-2.05682,4.91071],[-2.04901,4.90851],[-2.04382,4.91608],[-2.02679,4.91888],[-2.01508,4.91412],[-2.0105,4.90271],[-1.98578,4.90448],[-1.98419,4.91272],[-1.98682,4.9201],[-1.99408,4.92432],[-1.9931,4.93347],[-1.97162,4.9585],[-1.9657,4.95349],[-1.95831,4.9527],[-1.95831,4.94928],[-1.93213,4.94971],[-1.89893,4.9281],[-1.8667,4.92731],[-1.86719,4.94751],[-1.88208,4.95709],[-1.8811,4.96112],[-1.88342,4.96307],[-1.84338,4.96252],[-1.83783,4.95612],[-1.83551,4.94348],[-1.82361,4.93591],[-1.82019,4.9187],[-1.80841,4.91089],[-1.80829,4.9079],[-1.79718,4.89868],[-1.78693,4.89508],[-1.77972,4.88409],[-1.76831,4.87567],[-1.79498,4.87207],[-1.80823,4.87329],[-1.81409,4.86731],[-1.83191,4.86011],[-1.83911,4.84888],[-1.8681,4.84448],[-1.88202,4.83691],[-1.8902,4.82812],[-1.91278,4.8255],[-1.9176,4.81409],[-1.93671,4.8067],[-1.94141,4.7951],[-1.94879,4.79187],[-1.94708,4.78912],[-1.97229,4.7691],[-1.97559,4.7583],[-2.02771,4.75708],[-2.04449,4.75311],[-2.05511,4.74072],[-2.07318,4.74847],[-2.0849,4.74628],[-2.09198,4.74109],[-2.09302,4.74811],[-2.11121,4.75592],[-2.11041,4.76251],[-2.11298,4.76428],[-2.1051,4.7757],[-2.10968,4.78168],[-2.1228,4.78967],[-2.1358,4.79089],[-2.14801,4.79712],[-2.1684,4.79669],[-2.1712,4.80432],[-2.16962,4.80713],[-2.18048,4.81689],[-2.16492,4.82507],[-2.16138,4.83588],[-2.15442,4.8421],[-2.14178,4.8479],[-2.1214,4.87988],[-2.09912,4.88953],[-2.09479,4.88831],[-2.09113,4.89447],[-2.09363,4.8999],[-2.09167,4.90271],[-2.07208,4.9043],[-2.06373,4.90876]]]}},{"type":"Feature","properties":{"name":"Effia Kwesimintsim Municipal","region":"Western","pcode":"GH1502","level":"ADM2"},"geometry":{"type":"Polygon","coordinates":[[[-1.74329,5.01727],[-1.73901,5.00171],[-1.74481,4.98309],[-1.77942,4.95691],[-1.77643,4.95032],[-1.76251,4.9541],[-1.76782,4.9447],[-1.76398,4.94208],[-1.75311,4.94287],[-1.75311,4.93909],[-1.76251,4.9317],[-1.75989,4.92908],[-1.75391,4.9317],[-1.75769,4.92371],[-1.75061,4.91791],[-1.75952,4.90472],[-1.77362,4.89948],[-1.77972,4.88409],[-1.78693,4.89508],[-1.79718,4.89868],[-1.80829,4.9079],[-1.80841,4.91089],[-1.82019,4.9187],[-1.82361,4.93591],[-1.83759,4.94629],[-1.83783,4.95612],[-1.84338,4.96252],[-1.84381,4.96667],[-1.84003,4.96808],[-1.84332,4.9801],[-1.84052,4.98468],[-1.81158,4.97992],[-1.81299,4.9895],[-1.80951,4.99109],[-1.8114,4.99811],[-1.79413,5.01392],[-1.79028,5.02411],[-1.7724,5.04291],[-1.75989,5.02948],[-1.74329,5.01727]]]}},{"type":"Feature","properties":{"name":"Ellembelle","region":"Western","pcode":"GH1503","level":"ADM2"},"geometry":{"type":"Polygon","coordinates":[[[-2.36932,5.37848],[-2.35779,5.37592],[-2.34998,5.3653],[-2.34491,5.36432],[-2.34253,5.3573],[-2.3363,5.35413],[-2.33728,5.35071],[-2.32678,5.34869],[-2.3299,5.33612],[-2.33911,5.32428],[-2.3371,5.31049],[-2.3457,5.30652],[-2.34589,5.30029],[-2.35071,5.2937],[-2.34308,5.27289],[-2.35529,5.26031],[-2.36218,5.23389],[-2.36243,5.22369],[-2.35852,5.21069],[-2.36102,5.20392],[-2.35828,5.2005],[-2.36133,5.19629],[-2.35937,5.18768],[-2.36682,5.16809],[-2.36328,5.1615],[-2.3595,5.16193],[-2.36151,5.15887],[-2.35529,5.15527],[-2.3573,5.13489],[-2.35529,5.11932],[-2.3382,5.10651],[-2.32831,5.10468],[-2.3205,5.11169],[-2.31628,5.11108],[-2.31012,5.10211],[-2.31311,5.0899],[-2.3075,5.0863],[-2.3031,5.09027],[-2.29492,5.08911],[-2.28931,5.08429],[-2.2804,5.08313],[-2.27789,5.07532],[-2.27429,5.07233],[-2.27002,5.07391],[-2.26038,5.06512],[-2.2569,5.04907],[-2.24738,5.0423],[-2.24402,5.03448],[-2.23792,5.03271],[-2.23761,5.00891],[-2.23492,5.00513],[-2.2149,5.00049],[-2.21399,4.99689],[-2.21881,4.97308],[-2.21552,4.96088],[-2.21698,4.94788],[-2.22241,4.94189],[-2.23383,4.94672],[-2.2348,4.9425],[-2.24469,4.9397],[-2.24628,4.93268],[-2.2594,4.93347],[-2.26868,4.92511],[-2.27441,4.91388],[-2.26831,4.91333],[-2.26941,4.89948],[-2.38562,4.9433],[-2.55371,4.9823],[-2.5625,4.99268],[-2.55139,4.99628],[-2.5379,5.00549],[-2.48749,5.04413],[-2.48822,5.05353],[-2.49658,5.0567],[-2.4964,5.06409],[-2.48383,5.0863],[-2.48761,5.09229],[-2.48792,5.10468],[-2.47931,5.12073],[-2.48352,5.12207],[-2.48822,5.13593],[-2.48761,5.1449],[-2.4801,5.18073],[-2.47693,5.18408],[-2.49481,5.37549],[-2.49933,5.3783],[-2.49469,5.38452],[-2.49542,5.39252],[-2.48999,5.39972],[-2.47882,5.40033],[-2.44049,5.3797],[-2.43152,5.38153],[-2.41699,5.37628],[-2.40887,5.37891],[-2.36932,5.37848]]]}},{"type":"Feature","properties":{"name":"Jomoro","region":"Western","pcode":"GH1504","level":"ADM2"},"geometry":{"type":"Polygon","coordinates":[[[-2.78699,5.11151],[-2.78589,5.11713],[-2.78686,5.11143],[-2.78369,5.1095],[-2.77283,5.11151],[-2.76581,5.1087],[-2.7652,5.10492],[-2.7583,5.10071],[-2.75372,5.1153],[-2.74609,5.11627],[-2.74261,5.11389],[-2.73907,5.1167],[-2.73907,5.12592],[-2.7323,5.12988],[-2.73291,5.1333],[-2.72919,5.13391],[-2.72559,5.14069],[-2.73138,5.15131],[-2.73358,5.14911],[-2.73792,5.15033],[-2.74152,5.15668],[-2.73859,5.15973],[-2.74463,5.16772],[-2.74139,5.1759],[-2.74951,5.19531],[-2.74811,5.20227],[-2.7569,5.20111],[-2.76349,5.21393],[-2.76398,5.21729],[-2.75732,5.21887],[-2.76001,5.22913],[-2.75958,5.23187],[-2.75629,5.23151],[-2.76532,5.23792],[-2.76111,5.2453],[-2.75482,5.24231],[-2.75458,5.2533],[-2.76489,5.25873],[-2.771,5.25812],[-2.7757,5.26392],[-2.77869,5.26392],[-2.77338,5.26788],[-2.78479,5.2851],[-2.78351,5.29309],[-2.77222,5.29309],[-2.76941,5.29572],[-2.7666,5.30548],[-2.76611,5.31653],[-2.77191,5.32831],[-2.77643,5.33087],[-2.77588,5.33411],[-2.77081,5.33612],[-2.77643,5.3465],[-2.76862,5.35608],[-2.76471,5.35608],[-2.75372,5.34448],[-2.73798,5.34668],[-2.729,5.34131],[-2.71472,5.3493],[-2.70508,5.34772],[-2.69849,5.34271],[-2.68011,5.3537],[-2.67108,5.36792],[-2.65271,5.37769],[-2.64423,5.38733],[-2.64069,5.3877],[-2.63092,5.40228],[-2.62708,5.4021],[-2.61841,5.41211],[-2.6134,5.4115],[-2.612,5.4165],[-2.60858,5.41632],[-2.60699,5.4129],[-2.59943,5.41528],[-2.5899,5.39069],[-2.59039,5.38129],[-2.58759,5.37909],[-2.53241,5.37512],[-2.52838,5.37189],[-2.52063,5.37207],[-2.51581,5.37653],[-2.50928,5.37488],[-2.50848,5.3717],[-2.49481,5.37549],[-2.47693,5.18408],[-2.4801,5.18073],[-2.48761,5.1449],[-2.48822,5.13593],[-2.48352,5.12207],[-2.47931,5.12073],[-2.48792,5.10468],[-2.48761,5.09229],[-2.48383,5.0863],[-2.4964,5.06409],[-2.49658,5.0567],[-2.48822,5.05353],[-2.48749,5.04413],[-2.5379,5.00549],[-2.55139,4.99628],[-2.5625,4.99268],[-2.55988,4.98712],[-2.56421,4.97589],[-2.63501,4.9823],[-2.6712,4.99933],[-2.73822,5.0083],[-2.77148,5.0191],[-3.10858,5.09027],[-3.10858,5.1153],[-3.10028,5.11249],[-3.09332,5.11493],[-3.07642,5.11292],[-3.07178,5.11371],[-3.07123,5.11987],[-3.06281,5.12189],[-3.0506,5.1167],[-3.04889,5.11987],[-3.04199,5.1167],[-3.021,5.1189],[-3.01178,5.11292],[-3.00342,5.11169],[-2.97852,5.08868],[-2.9538,5.08472],[-2.95001,5.08472],[-2.94098,5.09412],[-2.93152,5.09589],[-2.93378,5.10712],[-2.9411,5.11212],[-2.9422,5.11627],[-2.94031,5.12433],[-2.93628,5.12531],[-2.92651,5.12109],[-2.89801,5.12292],[-2.89221,5.12012],[-2.8905,5.12653],[-2.88593,5.12469],[-2.87561,5.12769],[-2.86133,5.12152],[-2.8465,5.10809],[-2.8385,5.11047],[-2.84021,5.11371],[-2.83423,5.12073],[-2.83038,5.12109],[-2.81799,5.10669],[-2.81512,5.10687],[-2.81622,5.11151],[-2.81329,5.11328],[-2.81219,5.1073],[-2.80939,5.10632],[-2.8064,5.1109],[-2.79413,5.1073],[-2.78699,5.11151]]]}},{"type":"Feature","properties":{"name":"Mpohor","region":"Western","pcode":"GH1505","level":"ADM2"},"geometry":{"type":"Polygon","coordinates":[[[-1.83838,5.18433],[-1.80249,5.16467],[-1.78912,5.13629],[-1.77753,5.13049],[-1.77081,5.12872],[-1.74402,5.13647],[-1.71692,5.11749],[-1.68671,5.11511],[-1.68182,5.10791],[-1.68518,5.10229],[-1.716,5.10492],[-1.70172,5.08228],[-1.70551,5.06091],[-1.69928,5.0545],[-1.71411,5.05328],[-1.71332,5.04547],[-1.71613,5.04211],[-1.72931,5.04773],[-1.73273,5.0459],[-1.74011,5.03448],[-1.73651,5.02631],[-1.73871,5.01489],[-1.75989,5.02948],[-1.7724,5.04291],[-1.79028,5.02411],[-1.79413,5.01392],[-1.8114,4.99811],[-1.80951,4.99109],[-1.81299,4.9895],[-1.81158,4.97992],[-1.84052,4.98468],[-1.84338,4.97693],[-1.84003,4.96808],[-1.84381,4.96667],[-1.84338,4.96252],[-1.88342,4.96307],[-1.8811,4.96112],[-1.88208,4.95709],[-1.86719,4.94751],[-1.8667,4.92731],[-1.89893,4.9281],[-1.91492,4.94049],[-1.9353,4.9505],[-1.95471,4.94849],[-1.97162,4.9585],[-1.97821,4.95313],[-1.9801,4.96368],[-1.9873,4.97607],[-1.97711,4.9845],[-1.974,5.01813],[-1.96753,5.02411],[-1.95892,5.02307],[-1.95203,5.02631],[-1.95001,5.0365],[-1.95239,5.04352],[-1.9494,5.05353],[-1.95203,5.05511],[-1.9538,5.06451],[-1.95111,5.07813],[-1.95258,5.09473],[-1.94897,5.10089],[-1.94958,5.11688],[-1.93549,5.14868],[-1.93701,5.15411],[-1.9234,5.1615],[-1.8949,5.15808],[-1.88428,5.14471],[-1.85468,5.19012],[-1.83838,5.18433]]]}},{"type":"Feature","properties":{"name":"Nzema East","region":"Western","pcode":"GH1506","level":"ADM2"},"geometry":{"type":"Polygon","coordinates":[[[-2.06342,4.90887],[-2.05981,4.90808],[-2.06201,4.90588],[-2.06373,4.90876],[-2.07208,4.9043],[-2.09167,4.90271],[-2.09363,4.8999],[-2.09113,4.89447],[-2.09479,4.88831],[-2.09912,4.88953],[-2.1214,4.87988],[-2.14178,4.8479],[-2.15442,4.8421],[-2.16138,4.83588],[-2.16492,4.82507],[-2.18048,4.81689],[-2.20349,4.82208],[-2.2041,4.83173],[-2.21088,4.83868],[-2.2475,4.85529],[-2.2428,4.86292],[-2.24768,4.88031],[-2.25763,4.88831],[-2.26941,4.89227],[-2.26831,4.91333],[-2.27441,4.91388],[-2.2713,4.9223],[-2.2594,4.93347],[-2.24628,4.93268],[-2.24469,4.9397],[-2.2348,4.9425],[-2.23383,4.94672],[-2.22241,4.94189],[-2.21698,4.94788],[-2.21552,4.96088],[-2.21881,4.97308],[-2.2149,5.00049],[-2.23492,5.00513],[-2.23761,5.00891],[-2.23792,5.03271],[-2.24402,5.03448],[-2.24738,5.0423],[-2.2569,5.04907],[-2.26038,5.06512],[-2.27002,5.07391],[-2.27429,5.07233],[-2.27789,5.07532],[-2.2804,5.08313],[-2.28931,5.08429],[-2.29492,5.08911],[-2.3031,5.09027],[-2.3075,5.0863],[-2.31311,5.0899],[-2.31012,5.10211],[-2.31628,5.11108],[-2.3205,5.11169],[-2.32831,5.10468],[-2.3382,5.10651],[-2.35199,5.11511],[-2.35712,5.12988],[-2.35529,5.15527],[-2.36151,5.15887],[-2.3595,5.16193],[-2.36328,5.1615],[-2.36682,5.16809],[-2.35937,5.18768],[-2.36133,5.19629],[-2.35828,5.2005],[-2.36102,5.20392],[-2.35931,5.2193],[-2.36243,5.22369],[-2.3606,5.24231],[-2.35529,5.26031],[-2.34308,5.27289],[-2.35071,5.2937],[-2.34589,5.30029],[-2.3457,5.30652],[-2.3371,5.31049],[-2.33911,5.32428],[-2.3299,5.33612],[-2.32678,5.34869],[-2.31561,5.34711],[-2.30573,5.34027],[-2.29669,5.3479],[-2.2901,5.34448],[-2.28851,5.35052],[-2.28278,5.34668],[-2.27661,5.34869],[-2.27679,5.35553],[-2.2608,5.3465],[-2.26129,5.33569],[-2.25531,5.33752],[-2.2489,5.32953],[-2.24091,5.32788],[-2.21112,5.32751],[-2.20392,5.3335],[-2.19092,5.3349],[-2.19,5.3219],[-2.18652,5.31952],[-2.17712,5.32068],[-2.1745,5.31689],[-2.17511,5.28528],[-2.17029,5.27307],[-2.15271,5.26971],[-2.1496,5.26392],[-2.15002,5.25232],[-2.1413,5.2511],[-2.13641,5.24829],[-2.13641,5.24487],[-2.12732,5.24768],[-2.12402,5.2453],[-2.11768,5.21991],[-2.10852,5.2135],[-2.10632,5.20691],[-2.11859,5.19812],[-2.12488,5.18732],[-2.13629,5.18188],[-2.13281,5.16248],[-2.125,5.14392],[-2.14459,5.11389],[-2.15381,5.08588],[-2.13672,5.08551],[-2.12939,5.07611],[-2.12762,5.06653],[-2.1217,5.06787],[-2.11469,5.0777],[-2.10791,5.07971],[-2.09882,5.06952],[-2.09698,5.05688],[-2.08862,5.04291],[-2.1037,5.02728],[-2.1051,5.02271],[-2.09943,5.01831],[-2.09302,5.0061],[-2.091,4.97247],[-2.08679,4.95831],[-2.08099,4.95428],[-2.07629,4.92889],[-2.06342,4.90887]]]}},{"type":"Feature","properties":{"name":"Prestea/Huni Valley","region":"Western","pcode":"GH1507","level":"ADM2"},"geometry":{"type":"Polygon","coordinates":[[[-1.81812,5.67468],[-1.83221,5.59253],[-1.82397,5.59332],[-1.81891,5.58472],[-1.81628,5.5625],[-1.82031,5.55371],[-1.81818,5.54187],[-1.80548,5.53809],[-1.79919,5.54388],[-1.79053,5.5423],[-1.78369,5.5321],[-1.80011,5.50848],[-1.80072,5.5011],[-1.81183,5.49908],[-1.82611,5.47949],[-1.82092,5.47693],[-1.81458,5.46729],[-1.81519,5.45392],[-1.82092,5.44849],[-1.80823,5.41193],[-1.7981,5.3905],[-1.76831,5.34253],[-1.75842,5.3103],[-1.77271,5.2951],[-1.79608,5.27753],[-1.8252,5.24609],[-1.854,5.22333],[-1.87152,5.23547],[-1.88318,5.23071],[-1.88818,5.22528],[-1.8941,5.22968],[-1.90143,5.2287],[-1.9046,5.22668],[-1.90692,5.21552],[-1.9165,5.20752],[-1.92938,5.20911],[-1.93921,5.20007],[-1.94891,5.20587],[-1.95148,5.21912],[-1.95618,5.22308],[-1.95721,5.24011],[-1.96143,5.25049],[-1.95728,5.26892],[-1.95422,5.27008],[-1.95081,5.27869],[-1.94061,5.28412],[-1.9281,5.29791],[-1.92822,5.31268],[-1.92401,5.32629],[-1.92981,5.33313],[-1.92853,5.34131],[-1.93451,5.34613],[-1.95569,5.34991],[-1.96399,5.33771],[-1.96722,5.3371],[-1.97119,5.33948],[-1.97449,5.34729],[-1.9812,5.34167],[-1.99841,5.35449],[-2.00458,5.36353],[-2.0069,5.36029],[-2.0213,5.37189],[-2.03369,5.3717],[-2.04388,5.36987],[-2.05981,5.36029],[-2.05933,5.35168],[-2.0874,5.32288],[-2.12811,5.2691],[-2.13318,5.25128],[-2.13641,5.24829],[-2.15002,5.25232],[-2.1496,5.26392],[-2.15271,5.26971],[-2.16321,5.27008],[-2.17242,5.27631],[-2.17511,5.28528],[-2.17401,5.31268],[-2.17712,5.32068],[-2.18652,5.31952],[-2.19,5.3219],[-2.19092,5.3349],[-2.20392,5.3335],[-2.20728,5.33612],[-2.21619,5.35852],[-2.2323,5.37073],[-2.2403,5.37268],[-2.23279,5.38232],[-2.237,5.38287],[-2.24341,5.39331],[-2.2511,5.3941],[-2.26031,5.4007],[-2.26111,5.41248],[-2.26562,5.4187],[-2.25952,5.42188],[-2.26251,5.42432],[-2.25989,5.43152],[-2.25983,5.44952],[-2.25391,5.45892],[-2.25739,5.4765],[-2.26178,5.47809],[-2.25061,5.49811],[-2.24982,5.50629],[-2.2533,5.51031],[-2.25519,5.52209],[-2.2464,5.52252],[-2.24792,5.54028],[-2.24359,5.55072],[-2.2301,5.5639],[-2.20422,5.5697],[-2.1922,5.56409],[-2.18988,5.56012],[-2.18109,5.55951],[-2.17871,5.55432],[-2.16821,5.54791],[-2.15851,5.55829],[-2.16302,5.56628],[-2.1712,5.56592],[-2.17371,5.56909],[-2.17261,5.57312],[-2.16711,5.57288],[-2.17218,5.58948],[-2.16809,5.59949],[-2.17108,5.60052],[-2.17108,5.60449],[-2.16412,5.61389],[-2.15912,5.61493],[-2.15631,5.62311],[-2.15198,5.6261],[-2.12952,5.61829],[-2.099,5.61627],[-2.09381,5.60931],[-2.08411,5.61932],[-2.07288,5.61908],[-2.06702,5.61688],[-2.06042,5.60687],[-2.05328,5.62512],[-2.04279,5.63391],[-2.03302,5.6347],[-2.02722,5.63049],[-2.0257,5.62207],[-2.02191,5.63232],[-2.01611,5.63647],[-2.00879,5.63507],[-2.00269,5.62988],[-1.98688,5.63428],[-1.9823,5.62769],[-1.97571,5.62592],[-1.97241,5.62811],[-1.96613,5.62451],[-1.96411,5.62872],[-1.94751,5.63153],[-1.9422,5.64008],[-1.9425,5.6485],[-1.93109,5.65228],[-1.92358,5.66248],[-1.9165,5.6615],[-1.9101,5.67029],[-1.90662,5.6709],[-1.89313,5.66467],[-1.85541,5.69171],[-1.83783,5.6925],[-1.83099,5.68591],[-1.8266,5.67468],[-1.81812,5.67468]]]}},{"type":"Feature","properties":{"name":"Sekondi Takoradi Metropolis","region":"Western","pcode":"GH1508","level":"ADM2"},"geometry":{"type":"Polygon","coordinates":[[[-1.71613,5.04211],[-1.71802,5.03748],[-1.7149,5.03308],[-1.71509,5.02631],[-1.70361,5.01947],[-1.7049,5.01593],[-1.7005,5.00293],[-1.69348,4.99091],[-1.68658,4.9903],[-1.68811,4.97827],[-1.67169,4.96869],[-1.70221,4.95551],[-1.70459,4.95313],[-1.7041,4.9469],[-1.7074,4.94531],[-1.70721,4.93372],[-1.73468,4.92352],[-1.74121,4.91687],[-1.7431,4.90552],[-1.74768,4.89752],[-1.74341,4.88892],[-1.73309,4.8877],[-1.73541,4.88153],[-1.76831,4.87567],[-1.77972,4.88409],[-1.77362,4.89948],[-1.75952,4.90472],[-1.75061,4.91791],[-1.75769,4.92371],[-1.75391,4.9317],[-1.75989,4.92908],[-1.76251,4.9317],[-1.75311,4.93909],[-1.75311,4.94287],[-1.76398,4.94208],[-1.76782,4.9447],[-1.76251,4.9541],[-1.77643,4.95032],[-1.77942,4.95691],[-1.74481,4.98309],[-1.73901,5.00171],[-1.74329,5.01727],[-1.73871,5.01489],[-1.73651,5.01831],[-1.74011,5.03448],[-1.73529,5.04272],[-1.72931,5.04773],[-1.71613,5.04211]]]}},{"type":"Feature","properties":{"name":"Shama","region":"Western","pcode":"GH1509","level":"ADM2"},"geometry":{"type":"Polygon","coordinates":[[[-1.58148,5.15491],[-1.5802,5.03308],[-1.60388,5.02948],[-1.62061,5.02148],[-1.63348,4.99872],[-1.63171,4.99188],[-1.63519,4.98132],[-1.6413,4.97772],[-1.64398,4.97211],[-1.67511,4.96552],[-1.67169,4.96869],[-1.68811,4.97827],[-1.68658,4.9903],[-1.69348,4.99091],[-1.7005,5.00293],[-1.7049,5.01593],[-1.70361,5.01947],[-1.71509,5.02631],[-1.7149,5.03308],[-1.71802,5.03748],[-1.71332,5.04547],[-1.71411,5.05328],[-1.69928,5.0545],[-1.70551,5.06091],[-1.70172,5.08228],[-1.716,5.10492],[-1.70172,5.10248],[-1.69061,5.10413],[-1.6748,5.10052],[-1.66443,5.10168],[-1.64911,5.09631],[-1.64612,5.11011],[-1.64008,5.11713],[-1.63062,5.11792],[-1.63428,5.12231],[-1.61981,5.13452],[-1.61932,5.14349],[-1.60101,5.15509],[-1.58148,5.15491]]]}},{"type":"Feature","properties":{"name":"Tarkwa Nsuaem","region":"Western","pcode":"GH1510","level":"ADM2"},"geometry":{"type":"Polygon","coordinates":[[[-1.96722,5.3371],[-1.95569,5.34991],[-1.9306,5.34473],[-1.92853,5.34131],[-1.92981,5.33313],[-1.92401,5.32629],[-1.92822,5.31268],[-1.9281,5.29791],[-1.94061,5.28412],[-1.95081,5.27869],[-1.95422,5.27008],[-1.95728,5.26892],[-1.96039,5.25568],[-1.95618,5.22308],[-1.95148,5.21912],[-1.94891,5.20587],[-1.93921,5.20007],[-1.92938,5.20911],[-1.9165,5.20752],[-1.90692,5.21552],[-1.9046,5.22668],[-1.90143,5.2287],[-1.8941,5.22968],[-1.88818,5.22528],[-1.88318,5.23071],[-1.87152,5.23547],[-1.854,5.22333],[-1.84912,5.19672],[-1.86798,5.17249],[-1.88428,5.14471],[-1.8949,5.15808],[-1.9234,5.1615],[-1.93701,5.15411],[-1.93549,5.14868],[-1.94958,5.11688],[-1.94897,5.10089],[-1.95258,5.09473],[-1.95111,5.07813],[-1.9538,5.06451],[-1.95203,5.05511],[-1.9494,5.05353],[-1.95239,5.04352],[-1.95001,5.0365],[-1.95203,5.02631],[-1.95892,5.02307],[-1.96753,5.02411],[-1.974,5.01813],[-1.97711,4.9845],[-1.9873,4.97607],[-1.9801,4.96368],[-1.97821,4.95313],[-1.9931,4.93347],[-1.99408,4.92432],[-1.98682,4.9201],[-1.98419,4.91272],[-1.98578,4.90448],[-2.0105,4.90271],[-2.01508,4.91412],[-2.02679,4.91888],[-2.04382,4.91608],[-2.04901,4.90851],[-2.05682,4.91071],[-2.06342,4.90887],[-2.07629,4.92889],[-2.08099,4.95428],[-2.08679,4.95831],[-2.091,4.97247],[-2.09302,5.0061],[-2.09943,5.01831],[-2.1051,5.02271],[-2.1037,5.02728],[-2.08862,5.04291],[-2.09698,5.05688],[-2.09882,5.06952],[-2.10791,5.07971],[-2.11469,5.0777],[-2.1217,5.06787],[-2.12762,5.06653],[-2.12939,5.07611],[-2.13672,5.08551],[-2.15381,5.08588],[-2.14459,5.11389],[-2.125,5.14392],[-2.13281,5.16248],[-2.13629,5.18188],[-2.12488,5.18732],[-2.11859,5.19812],[-2.10632,5.20691],[-2.10852,5.2135],[-2.11768,5.21991],[-2.12402,5.2453],[-2.12732,5.24768],[-2.13641,5.24487],[-2.13641,5.24829],[-2.13318,5.25128],[-2.12811,5.2691],[-2.0874,5.32288],[-2.05933,5.35168],[-2.05981,5.36029],[-2.05371,5.36493],[-2.04388,5.36987],[-2.0213,5.37189],[-2.01062,5.36212],[-2.0069,5.36029],[-2.00458,5.36353],[-1.99841,5.35449],[-1.9812,5.34167],[-1.97449,5.34729],[-1.97119,5.33948],[-1.96722,5.3371]]]}},{"type":"Feature","properties":{"name":"Wassa Amenfi Central","region":"Western","pcode":"GH1511","level":"ADM2"},"geometry":{"type":"Polygon","coordinates":[[[-2.2287,6.14972],[-2.21472,6.14191],[-2.20941,6.12628],[-2.21411,6.11987],[-2.20648,6.11249],[-2.19458,6.07428],[-2.19849,6.0647],[-2.19861,6.0459],[-2.18829,6.01813],[-2.19,6.00952],[-2.18341,6.00549],[-2.1795,5.99933],[-2.18182,5.99573],[-2.16388,5.97668],[-2.15887,5.96051],[-2.16229,5.95947],[-2.16498,5.93573],[-2.16461,5.93188],[-2.16101,5.93152],[-2.16321,5.91968],[-2.16138,5.90588],[-2.16528,5.90411],[-2.16663,5.89612],[-2.16351,5.89172],[-2.16901,5.88489],[-2.16101,5.86548],[-2.16492,5.86212],[-2.16461,5.85413],[-2.16742,5.85168],[-2.16479,5.8371],[-2.16699,5.83508],[-2.15631,5.8139],[-2.14911,5.80988],[-2.1499,5.80511],[-2.15399,5.80292],[-2.15729,5.80548],[-2.16101,5.80072],[-2.16418,5.80188],[-2.17108,5.79309],[-2.1618,5.77368],[-2.1557,5.77148],[-2.15759,5.76788],[-2.15491,5.76031],[-2.14783,5.76129],[-2.14618,5.7569],[-2.13599,5.75067],[-2.1358,5.74091],[-2.14038,5.73413],[-2.13531,5.73029],[-2.14929,5.70673],[-2.14301,5.69287],[-2.14331,5.67651],[-2.14648,5.66931],[-2.15723,5.66412],[-2.15668,5.6571],[-2.164,5.6557],[-2.15991,5.64111],[-2.16339,5.63849],[-2.16461,5.62592],[-2.15839,5.61908],[-2.15912,5.61493],[-2.16412,5.61389],[-2.17108,5.60449],[-2.17108,5.60052],[-2.16809,5.59949],[-2.17218,5.58948],[-2.16711,5.57288],[-2.17261,5.57312],[-2.17371,5.56909],[-2.1712,5.56592],[-2.16302,5.56628],[-2.15851,5.55829],[-2.16022,5.55487],[-2.16589,5.55249],[-2.16821,5.54791],[-2.17871,5.55432],[-2.18109,5.55951],[-2.18988,5.56012],[-2.1922,5.56409],[-2.20422,5.5697],[-2.2301,5.5639],[-2.24609,5.54749],[-2.2464,5.52252],[-2.25519,5.52209],[-2.2533,5.51031],[-2.24982,5.50629],[-2.25061,5.49811],[-2.26178,5.47809],[-2.25739,5.4765],[-2.25391,5.45892],[-2.25983,5.44952],[-2.25989,5.43152],[-2.26251,5.42432],[-2.25952,5.42188],[-2.26562,5.4187],[-2.26111,5.41248],[-2.26031,5.4007],[-2.2511,5.3941],[-2.24341,5.39331],[-2.237,5.38287],[-2.23279,5.38232],[-2.2403,5.37268],[-2.2323,5.37073],[-2.21338,5.35468],[-2.21179,5.34412],[-2.20392,5.3335],[-2.21112,5.32751],[-2.2489,5.32953],[-2.25531,5.33752],[-2.26129,5.33569],[-2.2608,5.3465],[-2.27679,5.35553],[-2.27661,5.34869],[-2.28278,5.34668],[-2.28851,5.35052],[-2.2901,5.34448],[-2.29669,5.3479],[-2.30573,5.34027],[-2.31561,5.34711],[-2.33728,5.35071],[-2.3363,5.35413],[-2.34253,5.3573],[-2.34491,5.36432],[-2.34998,5.3653],[-2.35779,5.37592],[-2.36932,5.37848],[-2.37378,5.38531],[-2.37732,5.38611],[-2.37653,5.39368],[-2.38013,5.40271],[-2.37781,5.40692],[-2.38599,5.42072],[-2.38922,5.43652],[-2.38593,5.45428],[-2.37762,5.46033],[-2.37091,5.45911],[-2.36792,5.46173],[-2.45093,5.50531],[-2.45679,5.51593],[-2.4494,5.53607],[-2.44318,5.5849],[-2.42529,5.64172],[-2.37732,5.66711],[-2.38861,5.72412],[-2.38141,5.74487],[-2.3808,5.75708],[-2.36108,5.77533],[-2.3161,5.79431],[-2.3183,5.8609],[-2.3075,5.87207],[-2.4306,5.99109],[-2.42169,6.00049],[-2.41992,6.00751],[-2.41589,6.00928],[-2.41229,6.02728],[-2.40448,6.03247],[-2.39313,6.03088],[-2.38019,6.04388],[-2.3775,6.06232],[-2.37408,6.06427],[-2.37543,6.08313],[-2.37201,6.08508],[-2.37061,6.09668],[-2.35358,6.10529],[-2.32721,6.10132],[-2.31628,6.09613],[-2.29749,6.0993],[-2.28851,6.10388],[-2.28461,6.10211],[-2.26929,6.12128],[-2.25677,6.12091],[-2.25439,6.1369],[-2.2287,6.14972]]]}},{"type":"Feature","properties":{"name":"Wassa Amenfi East","region":"Western","pcode":"GH1512","level":"ADM2"},"geometry":{"type":"Polygon","coordinates":[[[-1.8949,5.9173],[-1.88788,5.9079],[-1.88818,5.89911],[-1.8703,5.88428],[-1.8559,5.8891],[-1.85382,5.89508],[-1.841,5.90112],[-1.83661,5.89551],[-1.83063,5.89612],[-1.82959,5.8999],[-1.82562,5.89929],[-1.81561,5.89032],[-1.8147,5.86853],[-1.82269,5.85388],[-1.8324,5.82709],[-1.83191,5.8219],[-1.83972,5.80609],[-1.8432,5.80487],[-1.83588,5.79089],[-1.83411,5.79413],[-1.83032,5.7923],[-1.82971,5.78571],[-1.84021,5.78149],[-1.85052,5.76727],[-1.8111,5.75952],[-1.80139,5.75128],[-1.8009,5.74451],[-1.81348,5.73572],[-1.81653,5.72607],[-1.7865,5.73273],[-1.784,5.7251],[-1.79102,5.7099],[-1.79071,5.69873],[-1.79498,5.69189],[-1.80341,5.68707],[-1.80951,5.6781],[-1.8205,5.67291],[-1.8266,5.67468],[-1.83362,5.68951],[-1.8446,5.6933],[-1.85541,5.69171],[-1.89313,5.66467],[-1.9101,5.67029],[-1.9165,5.6615],[-1.92358,5.66248],[-1.93109,5.65228],[-1.9425,5.6485],[-1.9422,5.64008],[-1.94751,5.63153],[-1.96411,5.62872],[-1.96613,5.62451],[-1.97241,5.62811],[-1.97571,5.62592],[-1.9823,5.62769],[-1.98688,5.63428],[-2.00269,5.62988],[-2.01221,5.63672],[-2.02191,5.63232],[-2.0257,5.62207],[-2.02722,5.63049],[-2.03302,5.6347],[-2.04279,5.63391],[-2.05328,5.62512],[-2.06042,5.60687],[-2.06702,5.61688],[-2.07288,5.61908],[-2.08411,5.61932],[-2.09381,5.60931],[-2.099,5.61627],[-2.12952,5.61829],[-2.15198,5.6261],[-2.15839,5.61908],[-2.16461,5.62592],[-2.16339,5.63849],[-2.15991,5.64111],[-2.164,5.6557],[-2.15668,5.6571],[-2.15723,5.66412],[-2.14648,5.66931],[-2.14331,5.67651],[-2.14301,5.69287],[-2.14929,5.70673],[-2.13593,5.7265],[-2.13531,5.73029],[-2.14038,5.73413],[-2.1358,5.74091],[-2.13599,5.75067],[-2.14618,5.7569],[-2.14783,5.76129],[-2.15491,5.76031],[-2.15759,5.76788],[-2.1557,5.77148],[-2.1618,5.77368],[-2.17108,5.79309],[-2.16418,5.80188],[-2.16101,5.80072],[-2.15729,5.80548],[-2.15399,5.80292],[-2.1499,5.80511],[-2.14911,5.80988],[-2.15631,5.8139],[-2.16699,5.83508],[-2.16479,5.8371],[-2.16742,5.85168],[-2.16461,5.85413],[-2.16492,5.86212],[-2.16101,5.86548],[-2.16901,5.88489],[-2.16351,5.89172],[-2.16663,5.89612],[-2.16528,5.90411],[-2.16138,5.90588],[-2.16321,5.91968],[-2.16101,5.93152],[-2.16461,5.93188],[-2.16498,5.93573],[-2.16229,5.95947],[-2.15887,5.96051],[-2.16388,5.97668],[-2.18182,5.99573],[-2.1795,5.99933],[-2.18341,6.00549],[-2.19,6.00952],[-2.18829,6.01813],[-2.19861,6.0459],[-2.19849,6.0647],[-2.19458,6.07428],[-2.20648,6.11249],[-2.21411,6.11987],[-2.20941,6.12628],[-2.21472,6.14191],[-2.18958,6.14709],[-2.18182,6.12292],[-2.17853,6.11987],[-2.17169,6.12347],[-2.16553,6.12152],[-2.1535,6.10553],[-2.14221,6.10052],[-2.14001,6.09167],[-2.13141,6.09229],[-2.05872,6.07147],[-2.04761,6.05933],[-2.05103,6.0509],[-2.02661,6.04169],[-2.01819,6.02771],[-1.99219,6.02173],[-1.98529,6.01648],[-1.98419,6.01068],[-1.96851,6.0011],[-1.95312,5.98413],[-1.94531,5.98352],[-1.93921,5.96973],[-1.93921,5.95587],[-1.9281,5.94269],[-1.90942,5.9361],[-1.91193,5.93268],[-1.90308,5.91748],[-1.8949,5.9173]]]}},{"type":"Feature","properties":{"name":"Wassa Amenfi West","region":"Western","pcode":"GH1513","level":"ADM2"},"geometry":{"type":"Polygon","coordinates":[[[-2.4339,6.1073],[-2.4118,6.08832],[-2.40021,6.08948],[-2.39221,6.08508],[-2.37543,6.08313],[-2.37311,6.07208],[-2.37408,6.06427],[-2.3786,6.05829],[-2.38019,6.04388],[-2.39313,6.03088],[-2.40448,6.03247],[-2.41229,6.02728],[-2.41589,6.00928],[-2.41992,6.00751],[-2.42169,6.00049],[-2.4306,5.99109],[-2.3075,5.87207],[-2.3183,5.8609],[-2.3161,5.79431],[-2.36108,5.77533],[-2.3808,5.75708],[-2.38141,5.74487],[-2.38861,5.72412],[-2.37732,5.66711],[-2.42529,5.64172],[-2.44318,5.5849],[-2.4494,5.53607],[-2.45679,5.51593],[-2.45093,5.50531],[-2.36792,5.46173],[-2.37091,5.45911],[-2.37762,5.46033],[-2.38593,5.45428],[-2.38922,5.43652],[-2.38599,5.42072],[-2.37781,5.40692],[-2.38013,5.40271],[-2.37653,5.39368],[-2.37732,5.38611],[-2.37378,5.38531],[-2.36932,5.37848],[-2.40887,5.37891],[-2.41699,5.37628],[-2.43152,5.38153],[-2.44049,5.3797],[-2.47882,5.40033],[-2.48999,5.39972],[-2.49542,5.39252],[-2.49469,5.38452],[-2.49933,5.3783],[-2.49481,5.37549],[-2.50421,5.37231],[-2.50848,5.3717],[-2.50928,5.37488],[-2.51581,5.37653],[-2.52063,5.37207],[-2.52838,5.37189],[-2.53241,5.37512],[-2.58398,5.37811],[-2.59039,5.38129],[-2.5899,5.39069],[-2.59943,5.41528],[-2.60699,5.4129],[-2.60858,5.41632],[-2.612,5.4165],[-2.6134,5.4115],[-2.61841,5.41211],[-2.6178,5.42548],[-2.61041,5.43152],[-2.61041,5.44873],[-2.60352,5.45032],[-2.60132,5.4541],[-2.60413,5.46552],[-2.59058,5.4649],[-2.59113,5.46948],[-2.59491,5.46753],[-2.60022,5.47131],[-2.60101,5.47852],[-2.59741,5.48608],[-2.58002,5.48608],[-2.58423,5.50049],[-2.5788,5.51367],[-2.58209,5.5177],[-2.59058,5.51849],[-2.59851,5.5127],[-2.60431,5.52612],[-2.59601,5.52551],[-2.59821,5.53387],[-2.5921,5.54547],[-2.58051,5.54871],[-2.57672,5.54248],[-2.5722,5.54291],[-2.56927,5.5517],[-2.57648,5.56171],[-2.56909,5.55908],[-2.56689,5.58032],[-2.565,5.5827],[-2.56128,5.58008],[-2.5589,5.58173],[-2.56158,5.58771],[-2.56921,5.5871],[-2.57159,5.59088],[-2.56561,5.59692],[-2.57141,5.61371],[-2.5816,5.62451],[-2.57971,5.62708],[-2.5755,5.62567],[-2.57343,5.64807],[-2.55908,5.64191],[-2.5531,5.64673],[-2.55908,5.66089],[-2.57721,5.65808],[-2.58051,5.66132],[-2.57971,5.6651],[-2.57361,5.66528],[-2.57501,5.67249],[-2.56891,5.6759],[-2.56531,5.67493],[-2.5639,5.6781],[-2.56519,5.68127],[-2.57349,5.67828],[-2.5741,5.6861],[-2.57111,5.69012],[-2.55762,5.68512],[-2.5528,5.6861],[-2.55103,5.6897],[-2.55988,5.70209],[-2.55713,5.70453],[-2.55841,5.70789],[-2.56891,5.7113],[-2.56952,5.71869],[-2.56598,5.72412],[-2.5755,5.73492],[-2.58252,5.74072],[-2.5871,5.7395],[-2.58929,5.74213],[-2.59332,5.74213],[-2.59381,5.73389],[-2.60419,5.7337],[-2.60699,5.73608],[-2.59558,5.75189],[-2.59259,5.75171],[-2.59338,5.75452],[-2.57721,5.76129],[-2.57111,5.77008],[-2.57849,5.7851],[-2.57251,5.79187],[-2.5802,5.79431],[-2.58191,5.80792],[-2.57458,5.80713],[-2.56842,5.81091],[-2.55652,5.79431],[-2.53601,5.79749],[-2.5343,5.79492],[-2.52411,5.79449],[-2.5285,5.78528],[-2.50818,5.77789],[-2.49731,5.7879],[-2.5025,5.79468],[-2.49548,5.79651],[-2.50189,5.80212],[-2.50238,5.80908],[-2.4978,5.80951],[-2.49481,5.80133],[-2.49121,5.79968],[-2.48273,5.80212],[-2.48761,5.81232],[-2.48602,5.82568],[-2.49701,5.82312],[-2.50598,5.82709],[-2.5097,5.82349],[-2.5177,5.82489],[-2.51709,5.8291],[-2.5127,5.83051],[-2.51312,5.8349],[-2.52008,5.83472],[-2.51819,5.85229],[-2.51208,5.86548],[-2.50348,5.86371],[-2.50568,5.8681],[-2.49982,5.87311],[-2.49609,5.86713],[-2.48712,5.86987],[-2.49878,5.88751],[-2.49811,5.89508],[-2.5094,5.8985],[-2.50873,5.91449],[-2.4978,5.91449],[-2.49719,5.9173],[-2.50568,5.92328],[-2.50201,5.92651],[-2.50421,5.9375],[-2.50879,5.94049],[-2.51062,5.94629],[-2.50763,5.95007],[-2.51648,5.95453],[-2.51532,5.9657],[-2.53082,5.96912],[-2.53473,5.96527],[-2.53802,5.97729],[-2.54938,5.98053],[-2.55951,5.97852],[-2.55701,5.98431],[-2.54919,5.98853],[-2.54858,5.99371],[-2.53699,6.00348],[-2.50311,6.05389],[-2.49933,6.05353],[-2.49933,6.05811],[-2.49432,6.05988],[-2.4942,6.06427],[-2.49011,6.06567],[-2.50568,6.07233],[-2.50848,6.07971],[-2.49792,6.09149],[-2.48248,6.0965],[-2.47772,6.10571],[-2.46881,6.10931],[-2.46069,6.10968],[-2.45032,6.10107],[-2.44501,6.11627],[-2.43951,6.11969],[-2.43292,6.1153],[-2.4339,6.1073]]]}},{"type":"Feature","properties":{"name":"Wassa East","region":"Western","pcode":"GH1514","level":"ADM2"},"geometry":{"type":"Polygon","coordinates":[[[-1.6059,5.56671],[-1.5946,5.56488],[-1.59131,5.55573],[-1.59442,5.52991],[-1.60669,5.53192],[-1.61542,5.51947],[-1.6167,5.49969],[-1.61261,5.46729],[-1.60168,5.4519],[-1.6239,5.43829],[-1.62811,5.4231],[-1.62592,5.42047],[-1.61969,5.42548],[-1.60779,5.42212],[-1.60101,5.41272],[-1.59601,5.41107],[-1.58038,5.41089],[-1.56232,5.41492],[-1.54828,5.40729],[-1.52612,5.40271],[-1.51343,5.3927],[-1.50531,5.40009],[-1.48932,5.39929],[-1.47931,5.38989],[-1.474,5.37793],[-1.4621,5.3819],[-1.45349,5.34509],[-1.4375,5.33832],[-1.42981,5.33173],[-1.40759,5.31207],[-1.39978,5.2981],[-1.42761,5.28912],[-1.43549,5.26752],[-1.44409,5.26788],[-1.44781,5.2475],[-1.44678,5.21033],[-1.50842,5.20709],[-1.51971,5.20251],[-1.52448,5.19348],[-1.52301,5.1825],[-1.52661,5.17029],[-1.53442,5.17249],[-1.53809,5.16388],[-1.54999,5.16052],[-1.56781,5.1601],[-1.58148,5.15491],[-1.60101,5.15509],[-1.60742,5.15228],[-1.61932,5.14349],[-1.61981,5.13452],[-1.63428,5.12231],[-1.63062,5.11792],[-1.64008,5.11713],[-1.64612,5.11011],[-1.64911,5.09631],[-1.65271,5.0957],[-1.66443,5.10168],[-1.68518,5.10229],[-1.68182,5.10791],[-1.68671,5.11511],[-1.71692,5.11749],[-1.74402,5.13647],[-1.77081,5.12872],[-1.77753,5.13049],[-1.78912,5.13629],[-1.80249,5.16467],[-1.84473,5.1875],[-1.85468,5.19012],[-1.84912,5.19672],[-1.854,5.22333],[-1.8252,5.24609],[-1.79608,5.27753],[-1.77271,5.2951],[-1.75842,5.3103],[-1.76831,5.34253],[-1.7981,5.3905],[-1.82092,5.44849],[-1.81519,5.45392],[-1.81458,5.46729],[-1.82092,5.47693],[-1.82611,5.47949],[-1.81183,5.49908],[-1.80072,5.5011],[-1.80011,5.50848],[-1.78369,5.5321],[-1.79053,5.5423],[-1.79919,5.54388],[-1.80548,5.53809],[-1.81818,5.54187],[-1.8205,5.5495],[-1.81628,5.5625],[-1.81689,5.57593],[-1.82397,5.59332],[-1.76208,5.6217],[-1.74829,5.62628],[-1.73871,5.62408],[-1.71899,5.63092],[-1.71521,5.63489],[-1.68488,5.64148],[-1.67853,5.6347],[-1.6759,5.60992],[-1.6687,5.6109],[-1.65649,5.6181],[-1.64319,5.61688],[-1.62402,5.60211],[-1.6059,5.56671]]]}},{"type":"Feature","properties":{"name":"Aowin","region":"Western North","pcode":"GH1601","level":"ADM2"},"geometry":{"type":"Polygon","coordinates":[[[-2.90839,6.04071],[-2.90912,6.01892],[-2.90491,6.00592],[-2.89758,6.00531],[-2.8877,5.99829],[-2.88892,5.99268],[-2.88629,5.98511],[-2.87561,5.97467],[-2.74982,5.96368],[-2.72321,5.98907],[-2.66803,5.97528],[-2.6795,5.96228],[-2.68341,5.94873],[-2.6817,5.94171],[-2.67731,5.93811],[-2.67169,5.94873],[-2.65521,5.96368],[-2.64569,5.96033],[-2.6322,5.96912],[-2.6228,5.96991],[-2.6167,5.96368],[-2.61023,5.9621],[-2.59869,5.97028],[-2.59229,5.96753],[-2.58533,5.97467],[-2.5686,5.97168],[-2.55951,5.97852],[-2.54358,5.97992],[-2.53802,5.97729],[-2.53473,5.96527],[-2.53082,5.96912],[-2.51532,5.9657],[-2.51648,5.95453],[-2.50763,5.95007],[-2.51062,5.94629],[-2.5033,5.93469],[-2.50201,5.92651],[-2.50568,5.92328],[-2.49719,5.9173],[-2.4978,5.91449],[-2.50873,5.91449],[-2.5094,5.8985],[-2.49811,5.89508],[-2.49878,5.88751],[-2.48712,5.86987],[-2.49609,5.86713],[-2.49982,5.87311],[-2.50568,5.8681],[-2.50348,5.86371],[-2.51208,5.86548],[-2.51819,5.85229],[-2.52008,5.83472],[-2.51312,5.8349],[-2.5127,5.83051],[-2.51709,5.8291],[-2.5177,5.82489],[-2.5097,5.82349],[-2.50598,5.82709],[-2.49701,5.82312],[-2.48602,5.82568],[-2.48761,5.81232],[-2.48273,5.80212],[-2.49121,5.79968],[-2.49481,5.80133],[-2.4978,5.80951],[-2.50238,5.80908],[-2.50189,5.80212],[-2.49548,5.79651],[-2.5025,5.79468],[-2.49731,5.7879],[-2.50818,5.77789],[-2.5285,5.78528],[-2.52411,5.79449],[-2.5343,5.79492],[-2.53601,5.79749],[-2.55652,5.79431],[-2.56842,5.81091],[-2.57458,5.80713],[-2.58191,5.80792],[-2.5802,5.79431],[-2.57251,5.79187],[-2.57849,5.7851],[-2.57111,5.77008],[-2.57721,5.76129],[-2.59338,5.75452],[-2.59259,5.75171],[-2.59558,5.75189],[-2.60699,5.73608],[-2.60419,5.7337],[-2.59381,5.73389],[-2.59332,5.74213],[-2.58929,5.74213],[-2.5871,5.7395],[-2.58252,5.74072],[-2.5755,5.73492],[-2.56598,5.72412],[-2.56952,5.71869],[-2.56891,5.7113],[-2.55841,5.70789],[-2.55713,5.70453],[-2.55988,5.70209],[-2.55103,5.6897],[-2.5528,5.6861],[-2.55762,5.68512],[-2.57111,5.69012],[-2.5741,5.6861],[-2.57349,5.67828],[-2.56519,5.68127],[-2.5639,5.6781],[-2.56531,5.67493],[-2.56891,5.6759],[-2.57501,5.67249],[-2.57361,5.66528],[-2.57971,5.6651],[-2.58051,5.66132],[-2.57721,5.65808],[-2.55908,5.66089],[-2.5531,5.64673],[-2.55908,5.64191],[-2.57343,5.64807],[-2.5755,5.62567],[-2.57971,5.62708],[-2.5816,5.62451],[-2.57141,5.61371],[-2.56561,5.59692],[-2.57159,5.59088],[-2.56921,5.5871],[-2.56158,5.58771],[-2.5589,5.58173],[-2.56128,5.58008],[-2.565,5.5827],[-2.56689,5.58032],[-2.56909,5.55908],[-2.57648,5.56171],[-2.56927,5.5517],[-2.5722,5.54291],[-2.57672,5.54248],[-2.58051,5.54871],[-2.5921,5.54547],[-2.59821,5.53387],[-2.59601,5.52551],[-2.60431,5.52612],[-2.59851,5.5127],[-2.59058,5.51849],[-2.58209,5.5177],[-2.5788,5.51367],[-2.58423,5.50049],[-2.58002,5.48608],[-2.59741,5.48608],[-2.60101,5.47852],[-2.60022,5.47131],[-2.59491,5.46753],[-2.59113,5.46948],[-2.59058,5.4649],[-2.60413,5.46552],[-2.60132,5.4541],[-2.60352,5.45032],[-2.61041,5.44873],[-2.61041,5.43152],[-2.6178,5.42548],[-2.62042,5.40887],[-2.62708,5.4021],[-2.63092,5.40228],[-2.64069,5.3877],[-2.64423,5.38733],[-2.65271,5.37769],[-2.67108,5.36792],[-2.68011,5.3537],[-2.69849,5.34271],[-2.70508,5.34772],[-2.71472,5.3493],[-2.71991,5.3465],[-2.72418,5.35748],[-2.72418,5.38788],[-2.7478,5.43793],[-2.76831,5.5545],[-2.76312,5.6001],[-2.77832,5.60669],[-2.77582,5.61432],[-2.78442,5.61493],[-2.7865,5.62347],[-2.79309,5.62689],[-2.79321,5.62372],[-2.80212,5.62073],[-2.80402,5.61749],[-2.81311,5.62811],[-2.82208,5.62671],[-2.83643,5.63953],[-2.84991,5.64832],[-2.85541,5.64893],[-2.8587,5.65631],[-2.87848,5.63953],[-2.883,5.63953],[-2.88391,5.63611],[-2.8999,5.62927],[-2.92072,5.62811],[-2.92438,5.62128],[-2.93451,5.61987],[-2.94751,5.63672],[-2.95959,5.63672],[-2.96667,5.64069],[-2.961,5.66968],[-2.95331,5.67389],[-2.9527,5.71613],[-3.02612,5.70972],[-3.02051,5.85712],[-3.07281,5.98248],[-3.04761,5.99573],[-3.00238,6.01068],[-2.96619,6.03351],[-2.95209,6.04572],[-2.9458,6.03589],[-2.94263,6.0351],[-2.9328,6.03912],[-2.90839,6.04071]]]}},{"type":"Feature","properties":{"name":"Bia East","region":"Western North","pcode":"GH1602","level":"ADM2"},"geometry":{"type":"Polygon","coordinates":[[[-3.0874,6.97748],[-3.07501,6.9707],[-3.0719,6.9433],[-3.06378,6.9397],[-3.04633,6.93848],[-3.03259,6.92749],[-3.01648,6.9317],[-3.0083,6.93848],[-2.99481,6.94128],[-2.9892,6.94611],[-2.98462,6.94629],[-2.96899,6.93707],[-2.93762,6.94049],[-2.92078,6.92548],[-2.89722,6.89392],[-2.89508,6.88672],[-2.88611,6.87909],[-2.87189,6.85431],[-2.86603,6.8515],[-2.85522,6.83447],[-2.85742,6.81989],[-2.849,6.81567],[-2.84442,6.80511],[-2.84802,6.8031],[-2.84802,6.79993],[-2.83862,6.78967],[-2.84918,6.77209],[-2.84192,6.76031],[-2.84082,6.75208],[-2.84601,6.74231],[-2.85632,6.7345],[-2.86578,6.71649],[-2.8595,6.71112],[-2.862,6.70569],[-2.85852,6.6983],[-2.86182,6.69427],[-2.84949,6.6767],[-2.84869,6.6709],[-2.85718,6.66089],[-2.87128,6.6579],[-2.88239,6.64648],[-2.88898,6.65131],[-2.89319,6.64587],[-2.89801,6.64508],[-2.90149,6.64508],[-2.91711,6.65729],[-2.94281,6.68549],[-2.94739,6.68671],[-2.94348,6.74371],[-2.94818,6.74792],[-2.96503,6.75513],[-2.98651,6.75787],[-2.99548,6.76233],[-3.01489,6.7605],[-3.02551,6.7641],[-3.04242,6.76489],[-3.04852,6.76813],[-3.06622,6.76868],[-3.08179,6.77771],[-3.09363,6.79889],[-3.10559,6.80011],[-3.1189,6.80573],[-3.1333,6.80591],[-3.14673,6.80212],[-3.15179,6.7973],[-3.15771,6.7981],[-3.16321,6.81451],[-3.17432,6.81891],[-3.19733,6.82391],[-3.22711,6.82428],[-3.14349,6.95673],[-3.14209,6.9635],[-3.11658,7.00592],[-3.10028,6.99487],[-3.0874,6.97748]]]}},{"type":"Feature","properties":{"name":"Bia West","region":"Western North","pcode":"GH1603","level":"ADM2"},"geometry":{"type":"Polygon","coordinates":[[[-2.88239,6.64648],[-2.87909,6.62909],[-2.88062,6.6189],[-2.8739,6.61169],[-2.87439,6.6087],[-2.89441,6.58209],[-2.89648,6.55969],[-2.90613,6.55591],[-2.9079,6.55212],[-2.91718,6.55048],[-2.92059,6.54431],[-2.92322,6.5307],[-2.92139,6.52332],[-2.92438,6.52228],[-2.92432,6.51208],[-2.92798,6.51147],[-2.93018,6.50732],[-2.9267,6.49591],[-2.93811,6.48853],[-2.97058,6.50531],[-2.99829,6.50873],[-3.0025,6.5047],[-3.01361,6.5033],[-3.01782,6.50531],[-3.0202,6.5177],[-3.02881,6.52667],[-3.02588,6.5343],[-3.03632,6.53949],[-3.03821,6.50873],[-3.06549,6.52771],[-3.07031,6.5293],[-3.08142,6.52509],[-3.0824,6.51892],[-3.11749,6.46832],[-3.11841,6.46332],[-3.1109,6.43628],[-3.09271,6.42047],[-3.0993,6.3855],[-3.09192,6.35107],[-3.10211,6.35931],[-3.12701,6.36407],[-3.13409,6.35852],[-3.1394,6.34949],[-3.15118,6.3457],[-3.16248,6.32629],[-3.16638,6.31293],[-3.177,6.31293],[-3.18091,6.31592],[-3.18579,6.32611],[-3.18652,6.34271],[-3.19348,6.36047],[-3.23651,6.5387],[-3.23401,6.5965],[-3.25488,6.61011],[-3.25549,6.61572],[-3.26208,6.61768],[-3.25671,6.64288],[-3.24561,6.66211],[-3.23541,6.6687],[-3.23621,6.67651],[-3.23181,6.68048],[-3.2287,6.69208],[-3.2301,6.7027],[-3.22168,6.70728],[-3.20898,6.73169],[-3.21698,6.7475],[-3.21252,6.75531],[-3.2265,6.76788],[-3.23132,6.77667],[-3.2312,6.82129],[-3.22711,6.82428],[-3.18292,6.82208],[-3.16321,6.81451],[-3.15771,6.7981],[-3.15179,6.7973],[-3.14673,6.80212],[-3.1333,6.80591],[-3.1189,6.80573],[-3.10559,6.80011],[-3.09363,6.79889],[-3.08179,6.77771],[-3.06622,6.76868],[-3.04852,6.76813],[-3.04242,6.76489],[-3.02551,6.7641],[-3.01489,6.7605],[-2.99548,6.76233],[-2.98651,6.75787],[-2.96503,6.75513],[-2.94818,6.74792],[-2.94348,6.74371],[-2.94739,6.68671],[-2.94281,6.68549],[-2.91711,6.65729],[-2.90149,6.64508],[-2.89319,6.64587],[-2.88898,6.65131],[-2.88239,6.64648]]]}},{"type":"Feature","properties":{"name":"Bibiani-Anhwiaso-Bekwai Municipal","region":"Western North","pcode":"GH1604","level":"ADM2"},"geometry":{"type":"Polygon","coordinates":[[[-2.22417,6.3269],[-2.22699,6.3219],[-2.21198,6.33612],[-2.19989,6.35388],[-2.1731,6.36469],[-2.15259,6.35413],[-2.1485,6.34851],[-2.13593,6.34747],[-2.12482,6.33649],[-2.1225,6.32928],[-2.12738,6.31873],[-2.12408,6.30188],[-2.11578,6.30872],[-2.09851,6.30908],[-2.07483,6.29291],[-2.08972,6.25513],[-2.09979,6.24072],[-2.10571,6.24512],[-2.12671,6.2511],[-2.13123,6.25769],[-2.17548,6.21429],[-2.20441,6.19849],[-2.18958,6.14709],[-2.21472,6.14191],[-2.22522,6.14551],[-2.2287,6.14972],[-2.2323,6.1485],[-2.2406,6.14209],[-2.25439,6.1369],[-2.25677,6.12091],[-2.26929,6.12128],[-2.28461,6.10211],[-2.28851,6.10388],[-2.29749,6.0993],[-2.31628,6.09613],[-2.32721,6.10132],[-2.35358,6.10529],[-2.36041,6.10168],[-2.35602,6.11151],[-2.34381,6.12512],[-2.3421,6.1333],[-2.3446,6.14032],[-2.33783,6.16467],[-2.35449,6.18732],[-2.37238,6.19489],[-2.37488,6.20752],[-2.38269,6.21191],[-2.38409,6.22467],[-2.38171,6.22748],[-2.37042,6.22589],[-2.35931,6.24432],[-2.34949,6.24768],[-2.34869,6.25873],[-2.36133,6.26868],[-2.36859,6.2821],[-2.3822,6.28729],[-2.3913,6.30151],[-2.40161,6.3089],[-2.3996,6.34149],[-2.38989,6.3349],[-2.38953,6.3465],[-2.3783,6.35071],[-2.36182,6.38409],[-2.35199,6.39429],[-2.34961,6.4007],[-2.34399,6.43347],[-2.34851,6.43652],[-2.35461,6.44873],[-2.34943,6.4549],[-2.3512,6.46448],[-2.35883,6.47272],[-2.35791,6.47931],[-2.3512,6.48389],[-2.34381,6.48273],[-2.33801,6.49231],[-2.31012,6.48993],[-2.3064,6.48431],[-2.30261,6.48413],[-2.29492,6.49048],[-2.2887,6.49109],[-2.27972,6.48749],[-2.26392,6.49072],[-2.25751,6.48828],[-2.24811,6.47668],[-2.24072,6.47229],[-2.22998,6.44611],[-2.2309,6.4223],[-2.22552,6.41528],[-2.22711,6.40771],[-2.21613,6.36792],[-2.21698,6.34711],[-2.22528,6.33087],[-2.22417,6.3269]]]}},{"type":"Feature","properties":{"name":"Bodi","region":"Western North","pcode":"GH1605","level":"ADM2"},"geometry":{"type":"Polygon","coordinates":[[[-2.70831,6.38312],[-2.69952,6.38593],[-2.68982,6.38232],[-2.6814,6.38788],[-2.67749,6.38593],[-2.67352,6.38232],[-2.67511,6.37927],[-2.67102,6.37347],[-2.66162,6.37189],[-2.65808,6.36072],[-2.66058,6.3573],[-2.64948,6.34711],[-2.64691,6.3363],[-2.63483,6.32428],[-2.62909,6.32288],[-2.62598,6.31232],[-2.63489,6.31012],[-2.63708,6.30469],[-2.63531,6.28229],[-2.64349,6.27032],[-2.66302,6.27368],[-2.68671,6.26288],[-2.67621,6.24847],[-2.68573,6.23547],[-2.69519,6.23688],[-2.70599,6.23413],[-2.7149,6.23749],[-2.72223,6.23468],[-2.71881,6.23151],[-2.72052,6.2287],[-2.72552,6.23169],[-2.74579,6.22388],[-2.74683,6.21448],[-2.75189,6.20789],[-2.76147,6.17407],[-2.78009,6.14972],[-2.77332,6.11853],[-2.79419,6.10651],[-2.83679,6.0835],[-2.84058,6.08673],[-2.8432,6.08972],[-2.8443,6.10327],[-2.83881,6.1153],[-2.84583,6.13171],[-2.84631,6.14191],[-2.85272,6.1441],[-2.87561,6.1673],[-2.8822,6.1861],[-2.89008,6.19348],[-2.89978,6.18951],[-2.909,6.18073],[-2.91553,6.18408],[-2.92639,6.17633],[-2.94318,6.1701],[-2.94751,6.1651],[-2.95471,6.16388],[-2.95892,6.16467],[-2.95709,6.17871],[-2.95972,6.19092],[-2.966,6.1969],[-2.98529,6.20471],[-2.9953,6.19452],[-3.02142,6.21112],[-3.02917,6.20929],[-3.03192,6.22729],[-3.02808,6.24072],[-3.0296,6.25092],[-3.0249,6.26831],[-3.01892,6.2757],[-2.98901,6.26312],[-2.95892,6.26831],[-2.9599,6.27533],[-2.95148,6.27771],[-2.94879,6.28833],[-2.93719,6.2923],[-2.94061,6.30627],[-2.93469,6.31329],[-2.9071,6.32428],[-2.88031,6.31549],[-2.86969,6.3197],[-2.85071,6.31512],[-2.82538,6.31848],[-2.81671,6.32269],[-2.82288,6.3313],[-2.81232,6.33411],[-2.80658,6.33893],[-2.79901,6.3363],[-2.78809,6.33728],[-2.76379,6.31628],[-2.72241,6.37408],[-2.73151,6.3797],[-2.72742,6.39288],[-2.7179,6.39612],[-2.70831,6.38312]]]}},{"type":"Feature","properties":{"name":"Juaboso","region":"Western North","pcode":"GH1606","level":"ADM2"},"geometry":{"type":"Polygon","coordinates":[[[-2.83032,6.63031],[-2.83032,6.62689],[-2.8255,6.62592],[-2.81561,6.61688],[-2.80518,6.61688],[-2.79761,6.60492],[-2.79022,6.60168],[-2.77789,6.57593],[-2.76392,6.58411],[-2.7475,6.58087],[-2.72729,6.58893],[-2.7019,6.58533],[-2.69409,6.57751],[-2.68109,6.57208],[-2.67401,6.50592],[-2.68439,6.4953],[-2.73938,6.48633],[-2.74231,6.48352],[-2.72961,6.45612],[-2.71948,6.45929],[-2.71661,6.45709],[-2.71881,6.43329],[-2.72443,6.42212],[-2.71771,6.4115],[-2.7179,6.39612],[-2.72742,6.39288],[-2.73151,6.3797],[-2.72241,6.37408],[-2.76379,6.31628],[-2.78809,6.33728],[-2.79901,6.3363],[-2.80658,6.33893],[-2.81232,6.33411],[-2.82288,6.3313],[-2.81671,6.32269],[-2.82538,6.31848],[-2.85071,6.31512],[-2.86969,6.3197],[-2.88031,6.31549],[-2.9071,6.32428],[-2.93469,6.31329],[-2.94061,6.30627],[-2.93719,6.2923],[-2.94879,6.28833],[-2.95148,6.27771],[-2.9599,6.27533],[-2.95892,6.26831],[-2.98901,6.26312],[-3.01892,6.2757],[-3.02649,6.26349],[-3.0296,6.25092],[-3.02808,6.24072],[-3.03192,6.22729],[-3.04651,6.22791],[-3.05872,6.2193],[-3.08148,6.22351],[-3.08893,6.2309],[-3.1167,6.23309],[-3.12518,6.22607],[-3.12518,6.2179],[-3.13,6.20813],[-3.15479,6.25232],[-3.17401,6.25348],[-3.17078,6.29468],[-3.177,6.31293],[-3.16638,6.31293],[-3.16248,6.32629],[-3.15118,6.3457],[-3.1394,6.34949],[-3.13409,6.35852],[-3.12701,6.36407],[-3.10211,6.35931],[-3.09192,6.35107],[-3.0993,6.3855],[-3.09271,6.42047],[-3.1109,6.43628],[-3.11841,6.46332],[-3.11749,6.46832],[-3.0824,6.51892],[-3.08142,6.52509],[-3.07031,6.5293],[-3.06549,6.52771],[-3.03821,6.50873],[-3.03632,6.53949],[-3.02588,6.5343],[-3.02881,6.52667],[-3.0202,6.5177],[-3.01782,6.50531],[-3.01361,6.5033],[-3.0025,6.5047],[-2.99829,6.50873],[-2.97058,6.50531],[-2.93811,6.48853],[-2.9267,6.49591],[-2.93018,6.50732],[-2.92798,6.51147],[-2.92432,6.51208],[-2.92438,6.52228],[-2.92139,6.52332],[-2.92322,6.5307],[-2.92059,6.54431],[-2.91718,6.55048],[-2.9079,6.55212],[-2.90613,6.55591],[-2.89648,6.55969],[-2.89441,6.58209],[-2.87439,6.6087],[-2.8739,6.61169],[-2.88062,6.6189],[-2.87909,6.62909],[-2.88239,6.64648],[-2.87811,6.65253],[-2.87433,6.65613],[-2.86719,6.64893],[-2.87042,6.64252],[-2.86902,6.63867],[-2.85138,6.64252],[-2.83032,6.63031]]]}},{"type":"Feature","properties":{"name":"Sefwi Akontombra","region":"Western North","pcode":"GH1607","level":"ADM2"},"geometry":{"type":"Polygon","coordinates":[[[-2.44501,6.11627],[-2.45032,6.10107],[-2.46069,6.10968],[-2.47418,6.10809],[-2.48248,6.0965],[-2.49792,6.09149],[-2.5072,6.08252],[-2.50568,6.07233],[-2.49011,6.06567],[-2.4942,6.06427],[-2.49432,6.05988],[-2.49933,6.05811],[-2.49933,6.05353],[-2.50311,6.05389],[-2.53699,6.00348],[-2.54858,5.99371],[-2.54919,5.98853],[-2.55701,5.98431],[-2.56201,5.97571],[-2.5686,5.97168],[-2.58533,5.97467],[-2.59229,5.96753],[-2.59869,5.97028],[-2.61023,5.9621],[-2.6167,5.96368],[-2.6228,5.96991],[-2.6322,5.96912],[-2.64569,5.96033],[-2.65521,5.96368],[-2.67169,5.94873],[-2.67731,5.93811],[-2.6817,5.94171],[-2.68341,5.94873],[-2.6795,5.96228],[-2.66803,5.97528],[-2.72321,5.98907],[-2.74982,5.96368],[-2.87561,5.97467],[-2.88629,5.98511],[-2.88892,5.99268],[-2.8877,5.99829],[-2.89758,6.00531],[-2.90491,6.00592],[-2.90912,6.01892],[-2.90729,6.02612],[-2.91101,6.04651],[-2.92462,6.0603],[-2.92712,6.06171],[-2.93378,6.05847],[-2.94989,6.07111],[-2.94812,6.07751],[-2.92871,6.08429],[-2.92328,6.0979],[-2.9223,6.10889],[-2.92908,6.12268],[-2.92621,6.12689],[-2.92731,6.13092],[-2.9408,6.14948],[-2.94751,6.1651],[-2.94318,6.1701],[-2.92639,6.17633],[-2.91553,6.18408],[-2.909,6.18073],[-2.89978,6.18951],[-2.89008,6.19348],[-2.8822,6.1861],[-2.87561,6.1673],[-2.85272,6.1441],[-2.84631,6.14191],[-2.84583,6.13171],[-2.83881,6.1153],[-2.8443,6.10327],[-2.8432,6.08972],[-2.83679,6.0835],[-2.77332,6.11853],[-2.78009,6.14972],[-2.76147,6.17407],[-2.75189,6.20789],[-2.74683,6.21448],[-2.74579,6.22388],[-2.72552,6.23169],[-2.72052,6.2287],[-2.71881,6.23151],[-2.72223,6.23468],[-2.7149,6.23749],[-2.70599,6.23413],[-2.69519,6.23688],[-2.69159,6.23468],[-2.68573,6.23547],[-2.68011,6.24048],[-2.67963,6.23572],[-2.67181,6.2323],[-2.66431,6.22333],[-2.65039,6.2229],[-2.62732,6.23853],[-2.61353,6.23572],[-2.59113,6.25012],[-2.58679,6.24329],[-2.56653,6.23352],[-2.56549,6.2265],[-2.57611,6.2179],[-2.58118,6.20691],[-2.57129,6.2041],[-2.56818,6.19427],[-2.56189,6.1925],[-2.54541,6.19769],[-2.53601,6.19153],[-2.51782,6.18829],[-2.51819,6.18512],[-2.53082,6.17712],[-2.51221,6.17169],[-2.51172,6.14972],[-2.46613,6.14868],[-2.44562,6.15308],[-2.4505,6.14252],[-2.44592,6.1333],[-2.44501,6.11627]]]}},{"type":"Feature","properties":{"name":"Sefwi-Wiawso","region":"Western North","pcode":"GH1608","level":"ADM2"},"geometry":{"type":"Polygon","coordinates":[[[-2.435,6.35571],[-2.4281,6.35052],[-2.42108,6.3479],[-2.39758,6.35089],[-2.40161,6.3089],[-2.3913,6.30151],[-2.3822,6.28729],[-2.36859,6.2821],[-2.36133,6.26868],[-2.34869,6.25873],[-2.34949,6.24768],[-2.35931,6.24432],[-2.37042,6.22589],[-2.38171,6.22748],[-2.38409,6.22467],[-2.38269,6.21191],[-2.37488,6.20752],[-2.37238,6.19489],[-2.35449,6.18732],[-2.33783,6.16467],[-2.3446,6.14032],[-2.3421,6.1333],[-2.34381,6.12512],[-2.35602,6.11151],[-2.36041,6.10168],[-2.37061,6.09668],[-2.37201,6.08508],[-2.37543,6.08313],[-2.39221,6.08508],[-2.40021,6.08948],[-2.4118,6.08832],[-2.4339,6.1073],[-2.43292,6.1153],[-2.43951,6.11969],[-2.44501,6.11627],[-2.44592,6.1333],[-2.4505,6.14252],[-2.44562,6.15308],[-2.46613,6.14868],[-2.51172,6.14972],[-2.51221,6.17169],[-2.53082,6.17712],[-2.51819,6.18512],[-2.51782,6.18829],[-2.53601,6.19153],[-2.54541,6.19769],[-2.56189,6.1925],[-2.56818,6.19427],[-2.57129,6.2041],[-2.58118,6.20691],[-2.57611,6.2179],[-2.56549,6.2265],[-2.56653,6.23352],[-2.58679,6.24329],[-2.59113,6.25012],[-2.61353,6.23572],[-2.62732,6.23853],[-2.65039,6.2229],[-2.66431,6.22333],[-2.67181,6.2323],[-2.67963,6.23572],[-2.67621,6.24847],[-2.68671,6.26288],[-2.66302,6.27368],[-2.64349,6.27032],[-2.63531,6.28229],[-2.63708,6.30469],[-2.63489,6.31012],[-2.62598,6.31232],[-2.62909,6.32288],[-2.63483,6.32428],[-2.64691,6.3363],[-2.64948,6.34711],[-2.66058,6.3573],[-2.65808,6.36072],[-2.66162,6.37189],[-2.67102,6.37347],[-2.67511,6.37927],[-2.67352,6.38232],[-2.6814,6.38788],[-2.68982,6.38232],[-2.69952,6.38593],[-2.70831,6.38312],[-2.7179,6.39612],[-2.71771,6.4115],[-2.72443,6.42212],[-2.71881,6.43329],[-2.71661,6.45709],[-2.71948,6.45929],[-2.72961,6.45612],[-2.74231,6.48352],[-2.73938,6.48633],[-2.68439,6.4953],[-2.6687,6.51147],[-2.66339,6.52509],[-2.65631,6.52948],[-2.64941,6.5257],[-2.64581,6.53009],[-2.61963,6.52533],[-2.60608,6.51971],[-2.59888,6.51251],[-2.5838,6.4895],[-2.56293,6.48108],[-2.54303,6.46368],[-2.53302,6.4599],[-2.5274,6.4621],[-2.52698,6.45471],[-2.54053,6.44751],[-2.55243,6.43231],[-2.55902,6.42853],[-2.55719,6.42133],[-2.55408,6.42047],[-2.54742,6.40912],[-2.54687,6.40051],[-2.50769,6.41492],[-2.48688,6.40869],[-2.47821,6.40332],[-2.46899,6.39172],[-2.4679,6.38031],[-2.45148,6.37372],[-2.435,6.35571]]]}},{"type":"Feature","properties":{"name":"Suaman","region":"Western North","pcode":"GH1609","level":"ADM2"},"geometry":{"type":"Polygon","coordinates":[[[-3.03192,6.22729],[-3.02917,6.20929],[-3.02142,6.21112],[-2.9953,6.19452],[-2.98529,6.20471],[-2.98108,6.20392],[-2.966,6.1969],[-2.95972,6.19092],[-2.95709,6.17871],[-2.95892,6.16467],[-2.94751,6.1651],[-2.9455,6.16248],[-2.9408,6.14948],[-2.92731,6.13092],[-2.92621,6.12689],[-2.92908,6.12268],[-2.9223,6.10889],[-2.92328,6.0979],[-2.92871,6.08429],[-2.94812,6.07751],[-2.94989,6.07111],[-2.93378,6.05847],[-2.92712,6.06171],[-2.92462,6.0603],[-2.90839,6.04071],[-2.9328,6.03912],[-2.94263,6.0351],[-2.9458,6.03589],[-2.95209,6.04572],[-2.96619,6.03351],[-3.00238,6.01068],[-3.04761,5.99573],[-3.07281,5.98248],[-3.10229,6.15192],[-3.13,6.20813],[-3.12518,6.2179],[-3.12518,6.22607],[-3.1167,6.23309],[-3.08893,6.2309],[-3.08148,6.22351],[-3.05872,6.2193],[-3.04651,6.22791],[-3.03192,6.22729]]]}}]}