{"type":"FeatureCollection","features":[{"type":"Feature","properties":{"name":"Ahafo","pcode":"GH01","level":"ADM1"},"geometry":{"type":"Polygon","coordinates":[[[-2.07922,7.32672],[-2.06061,7.31732],[-2.05048,7.30627],[-2.04028,7.30652],[-2.00922,7.31787],[-1.99908,7.31549],[-1.98718,7.29828],[-1.96472,7.29431],[-1.95453,7.2655],[-1.94989,7.26147],[-1.94531,7.26453],[-1.92621,7.26392],[-1.91211,7.25348],[-1.85919,7.27808],[-1.84491,7.27429],[-1.83502,7.25928],[-1.82831,7.25812],[-1.82703,7.25391],[-1.8385,7.23969],[-1.85321,7.22852],[-1.8689,7.20331],[-1.93292,7.1767],[-1.9325,7.13013],[-1.95392,7.08533],[-1.9679,7.08893],[-1.99768,7.07788],[-2.00891,7.07129],[-2.02319,7.05267],[-2.039,7.04028],[-2.06238,7.03851],[-2.09131,7.02069],[-2.09711,7.00928],[-2.10358,7.00568],[-2.1228,7.00488],[-2.1333,7.0213],[-2.13733,7.02228],[-2.13519,7.03009],[-2.14001,7.04089],[-2.16492,7.0329],[-2.18152,7.01691],[-2.18549,7.02509],[-2.1803,7.03351],[-2.18439,7.03571],[-2.20422,7.02612],[-2.21301,7.02032],[-2.21918,7.00989],[-2.2301,7.00629],[-2.2406,6.99731],[-2.2475,6.98969],[-2.2514,6.97827],[-2.29028,6.94531],[-2.297,6.94153],[-2.30981,6.94153],[-2.33112,6.92889],[-2.33679,6.91248],[-2.34808,6.90747],[-2.34839,6.90253],[-2.35529,6.8963],[-2.37482,6.8869],[-2.37622,6.87848],[-2.38251,6.87671],[-2.38751,6.86768],[-2.38812,6.8559],[-2.39551,6.85773],[-2.39899,6.84149],[-2.40662,6.84131],[-2.41492,6.8327],[-2.41522,6.82532],[-2.40039,6.8197],[-2.36438,6.84332],[-2.35699,6.84412],[-2.35303,6.84052],[-2.34692,6.84369],[-2.3349,6.83032],[-2.33801,6.82068],[-2.3446,6.81592],[-2.3327,6.80328],[-2.3197,6.80133],[-2.3053,6.81171],[-2.29608,6.79773],[-2.26678,6.79871],[-2.25891,6.79248],[-2.26831,6.77332],[-2.27771,6.73132],[-2.28729,6.71613],[-2.28668,6.70673],[-2.29883,6.69891],[-2.30322,6.68951],[-2.34729,6.69849],[-2.36322,6.68793],[-2.36578,6.6795],[-2.37323,6.67169],[-2.38123,6.67249],[-2.38861,6.66687],[-2.40161,6.66528],[-2.41718,6.65747],[-2.41199,6.65149],[-2.39648,6.64771],[-2.39581,6.6427],[-2.40161,6.63629],[-2.40082,6.6297],[-2.39282,6.62311],[-2.39423,6.61792],[-2.39038,6.60992],[-2.38409,6.61029],[-2.38312,6.5979],[-2.37891,6.59851],[-2.37128,6.5929],[-2.37982,6.5849],[-2.38068,6.57172],[-2.3855,6.56769],[-2.38489,6.55713],[-2.37701,6.5473],[-2.3764,6.5387],[-2.38342,6.53351],[-2.38531,6.52448],[-2.39618,6.5213],[-2.39832,6.50409],[-2.40179,6.5069],[-2.40759,6.50427],[-2.41119,6.49707],[-2.41589,6.4953],[-2.41571,6.49011],[-2.42242,6.49109],[-2.4256,6.48413],[-2.42029,6.47827],[-2.43042,6.47131],[-2.44318,6.45367],[-2.44421,6.44391],[-2.43921,6.43909],[-2.44751,6.43152],[-2.44061,6.4281],[-2.4389,6.42072],[-2.42963,6.41711],[-2.42139,6.40448],[-2.4256,6.40112],[-2.42352,6.3949],[-2.43042,6.35431],[-2.45148,6.37372],[-2.4679,6.38031],[-2.46899,6.39172],[-2.48688,6.40869],[-2.50769,6.41492],[-2.54687,6.40051],[-2.54742,6.40912],[-2.55902,6.42853],[-2.54053,6.44751],[-2.52698,6.45471],[-2.5274,6.4621],[-2.53302,6.4599],[-2.54303,6.46368],[-2.56293,6.48108],[-2.5838,6.4895],[-2.60608,6.51971],[-2.63519,6.52893],[-2.64581,6.53009],[-2.64941,6.5257],[-2.65631,6.52948],[-2.66339,6.52509],[-2.6687,6.51147],[-2.67291,6.50952],[-2.68109,6.57208],[-2.69409,6.57751],[-2.7019,6.58533],[-2.72729,6.58893],[-2.7475,6.58087],[-2.76392,6.58411],[-2.77789,6.57593],[-2.78552,6.59528],[-2.79761,6.60492],[-2.80518,6.61688],[-2.81561,6.61688],[-2.83032,6.62689],[-2.8338,6.63428],[-2.85138,6.64252],[-2.86902,6.63867],[-2.86719,6.64893],[-2.87433,6.65613],[-2.85718,6.66089],[-2.84869,6.6709],[-2.86182,6.69427],[-2.85852,6.6983],[-2.862,6.70569],[-2.8595,6.71112],[-2.86578,6.71649],[-2.85632,6.7345],[-2.84601,6.74231],[-2.84082,6.75208],[-2.84918,6.77209],[-2.83862,6.78967],[-2.84802,6.79993],[-2.84442,6.80511],[-2.849,6.81567],[-2.85742,6.81989],[-2.85522,6.83447],[-2.86603,6.8515],[-2.8598,6.85492],[-2.85883,6.86713],[-2.85242,6.87488],[-2.84991,6.88489],[-2.85559,6.91333],[-2.85089,6.92188],[-2.85132,6.94153],[-2.8479,6.9519],[-2.8396,6.95892],[-2.82068,6.96509],[-2.8125,6.97351],[-2.7901,7.01208],[-2.77289,7.02069],[-2.76251,7.0343],[-2.76099,7.05811],[-2.75391,7.07751],[-2.71899,7.10291],[-2.71051,7.10107],[-2.69452,7.11133],[-2.69049,7.13232],[-2.68408,7.13928],[-2.65082,7.1427],[-2.6286,7.15649],[-2.60681,7.18048],[-2.58051,7.18152],[-2.58051,7.20892],[-2.55719,7.22949],[-2.51642,7.23071],[-2.51147,7.22729],[-2.49512,7.2265],[-2.49231,7.21771],[-2.49371,7.13428],[-2.48749,7.13171],[-2.46948,7.13629],[-2.46051,7.13428],[-2.44891,7.14032],[-2.40149,7.1123],[-2.43848,7.08893],[-2.3725,7.10211],[-2.36389,7.10773],[-2.36511,7.11511],[-2.35211,7.1275],[-2.33661,7.12268],[-2.32678,7.12433],[-2.32397,7.1217],[-2.33051,7.11407],[-2.33032,7.10687],[-2.31531,7.10413],[-2.31171,7.10052],[-2.30432,7.10291],[-2.2995,7.0993],[-2.29523,7.10852],[-2.30212,7.11951],[-2.28943,7.14172],[-2.3042,7.14807],[-2.31342,7.16168],[-2.3501,7.18707],[-2.34131,7.21588],[-2.33228,7.2309],[-2.32501,7.23651],[-2.31842,7.23328],[-2.29608,7.23248],[-2.28918,7.2251],[-2.28003,7.23352],[-2.28021,7.24609],[-2.27448,7.2381],[-2.27112,7.23871],[-2.27161,7.2453],[-2.26581,7.24652],[-2.26959,7.25452],[-2.2652,7.26208],[-2.26801,7.27271],[-2.26532,7.27649],[-2.24622,7.27991],[-2.24042,7.29169],[-2.21912,7.30188],[-2.21869,7.3103],[-2.21521,7.31329],[-2.1886,7.3219],[-2.1723,7.32312],[-2.16089,7.32953],[-2.15271,7.34167],[-2.14709,7.36548],[-2.13818,7.36987],[-2.13599,7.37488],[-2.13971,7.38629],[-2.13647,7.39447],[-2.07922,7.32672]]]}},{"type":"Feature","properties":{"name":"Ashanti","pcode":"GH02","level":"ADM1"},"geometry":{"type":"Polygon","coordinates":[[[-1.31659,7.6095],[-1.31329,7.58148],[-1.30029,7.57147],[-1.29419,7.5589],[-1.29272,7.53931],[-1.26599,7.52087],[-1.2478,7.49451],[-1.23859,7.48969],[-1.22589,7.49469],[-1.20251,7.49512],[-1.18042,7.48187],[-1.15759,7.47949],[-1.15448,7.46887],[-1.13202,7.47168],[-1.12488,7.47632],[-1.10358,7.46588],[-1.08362,7.4873],[-1.0705,7.4903],[-1.06738,7.50232],[-1.05261,7.50891],[-1.04108,7.52692],[-1.02478,7.53351],[-1.01489,7.53448],[-0.99878,7.52911],[-0.98401,7.53387],[-0.9726,7.5213],[-0.95471,7.5235],[-0.93872,7.51569],[-0.93341,7.50769],[-0.92291,7.50391],[-0.90271,7.50751],[-0.89301,7.5047],[-0.88971,7.51611],[-0.87622,7.51471],[-0.86621,7.52051],[-0.8598,7.51593],[-0.8446,7.51709],[-0.84308,7.50989],[-0.82849,7.51172],[-0.82233,7.5083],[-0.81958,7.50067],[-0.81482,7.50671],[-0.8078,7.50873],[-0.80731,7.50409],[-0.78412,7.49811],[-0.7774,7.50568],[-0.7486,7.50989],[-0.7326,7.52228],[-0.7196,7.52069],[-0.698,7.53113],[-0.68988,7.54028],[-0.68158,7.52631],[-0.67761,7.52869],[-0.65161,7.50372],[-0.64838,7.47852],[-0.65131,7.46631],[-0.64868,7.46289],[-0.65381,7.43109],[-0.64142,7.41913],[-0.6366,7.39929],[-0.61731,7.37891],[-0.59961,7.35028],[-0.59381,7.34772],[-0.57361,7.35327],[-0.54089,7.35449],[-0.53479,7.34833],[-0.4975,7.3399],[-0.49213,7.34271],[-0.46228,7.33228],[-0.44702,7.33209],[-0.43158,7.32349],[-0.42749,7.32507],[-0.39331,7.31128],[-0.38318,7.31409],[-0.37628,7.30951],[-0.3631,7.31171],[-0.35559,7.30731],[-0.35638,7.30249],[-0.35101,7.29633],[-0.33698,7.29327],[-0.32397,7.28192],[-0.30988,7.28491],[-0.30621,7.27869],[-0.28888,7.2829],[-0.27289,7.2691],[-0.26202,7.2655],[-0.25592,7.22931],[-0.24341,7.22229],[-0.23932,7.20331],[-0.25043,7.1925],[-0.25659,7.1947],[-0.25922,7.19092],[-0.27972,7.1911],[-0.28601,7.1947],[-0.28821,7.18433],[-0.30499,7.17853],[-0.30103,7.17151],[-0.32239,7.14392],[-0.39038,7.1181],[-0.41919,7.11969],[-0.42731,7.12531],[-0.44122,7.1225],[-0.46179,7.1283],[-0.49469,7.12531],[-0.54199,7.1391],[-0.56,7.1377],[-0.58282,7.1507],[-0.5965,7.15009],[-0.6109,7.15448],[-0.61841,7.16571],[-0.6355,7.17389],[-0.59412,7.05212],[-0.59052,7.04431],[-0.58032,7.03809],[-0.56531,7.01947],[-0.56671,6.99847],[-0.57422,6.9787],[-0.57452,6.96271],[-0.58533,6.95093],[-0.60071,6.9483],[-0.63702,6.95312],[-0.65741,6.94733],[-0.6582,6.94067],[-0.65363,6.93127],[-0.69342,6.93951],[-0.72278,6.95251],[-0.742,6.94891],[-0.75311,6.93811],[-0.7572,6.92529],[-0.75482,6.86731],[-0.7583,6.8443],[-0.76691,6.83569],[-0.7901,6.7923],[-0.80243,6.78949],[-0.83221,6.79291],[-0.8479,6.77869],[-0.86621,6.78168],[-0.8808,6.77869],[-0.90253,6.78693],[-0.90631,6.77972],[-0.91479,6.77692],[-0.91528,6.76831],[-0.93121,6.75787],[-0.95532,6.75409],[-0.96008,6.7475],[-0.98212,6.74872],[-0.98492,6.74292],[-0.97949,6.73969],[-0.97351,6.73749],[-0.96283,6.74152],[-0.95178,6.73651],[-0.94702,6.72491],[-0.95062,6.70789],[-0.96051,6.69171],[-0.97382,6.68073],[-0.97693,6.65808],[-0.97272,6.64771],[-0.97711,6.63751],[-0.97668,6.61548],[-0.97101,6.6123],[-0.94751,6.62531],[-0.94342,6.63928],[-0.92291,6.6391],[-0.9184,6.62207],[-0.91058,6.60992],[-0.91492,6.60132],[-0.9126,6.59888],[-0.91742,6.59027],[-0.9314,6.5835],[-0.93439,6.57471],[-0.94421,6.5647],[-0.95551,6.55951],[-0.96503,6.53992],[-0.9715,6.5351],[-0.97821,6.51831],[-0.98779,6.5163],[-0.99982,6.49951],[-1.01099,6.4671],[-1.005,6.45172],[-1.00769,6.44971],[-1.00641,6.44208],[-1.01721,6.43652],[-1.01569,6.42072],[-1.0108,6.41589],[-1.02301,6.40869],[-1.03552,6.4115],[-1.04303,6.40051],[-1.05481,6.39771],[-1.06769,6.38928],[-1.0694,6.3833],[-1.10211,6.36432],[-1.1051,6.35773],[-1.11139,6.35553],[-1.11261,6.33929],[-1.11951,6.32568],[-1.11279,6.32129],[-1.13141,6.31549],[-1.13031,6.29968],[-1.138,6.29547],[-1.12769,6.28589],[-1.1308,6.28009],[-1.12811,6.27271],[-1.11823,6.26947],[-1.12451,6.2453],[-1.12109,6.20972],[-1.13629,6.19952],[-1.15338,6.19928],[-1.16351,6.20508],[-1.17969,6.20227],[-1.18188,6.20471],[-1.1933,6.19952],[-1.18903,6.19348],[-1.18829,6.18408],[-1.18011,6.1803],[-1.17902,6.17389],[-1.18231,6.16748],[-1.18549,6.16913],[-1.17963,6.15631],[-1.18408,6.1441],[-1.18811,6.14447],[-1.2005,6.13287],[-1.19342,6.1225],[-1.20551,6.11572],[-1.20569,6.1123],[-1.1944,6.11353],[-1.18738,6.09772],[-1.1897,6.09369],[-1.20331,6.09052],[-1.1983,6.0827],[-1.2074,6.07593],[-1.20691,6.07172],[-1.21411,6.06812],[-1.21008,6.06268],[-1.21149,6.05829],[-1.20801,6.05652],[-1.20929,6.05249],[-1.22931,6.03833],[-1.2326,6.02869],[-1.22858,6.01929],[-1.23328,6.01288],[-1.24011,6.01172],[-1.24152,5.99707],[-1.24622,5.98993],[-1.23938,5.98132],[-1.22601,5.98053],[-1.22137,5.97369],[-1.21899,5.9657],[-1.22382,5.95728],[-1.22131,5.95453],[-1.22351,5.94531],[-1.21973,5.94208],[-1.22882,5.93311],[-1.24152,5.93152],[-1.24548,5.92352],[-1.24463,5.91449],[-1.25549,5.9115],[-1.2561,5.91571],[-1.26031,5.91571],[-1.263,5.91071],[-1.25928,5.90393],[-1.26459,5.89093],[-1.27588,5.90228],[-1.29633,5.88611],[-1.30731,5.88928],[-1.3045,5.90088],[-1.31201,5.90771],[-1.31158,5.91589],[-1.30688,5.92291],[-1.30933,5.9259],[-1.3175,5.92389],[-1.31958,5.91632],[-1.3244,5.91412],[-1.3363,5.91632],[-1.34271,5.9115],[-1.33679,5.92651],[-1.34692,5.92108],[-1.34851,5.93152],[-1.3559,5.9339],[-1.37659,5.9339],[-1.37518,5.92188],[-1.38031,5.9165],[-1.41632,5.92212],[-1.42218,5.90393],[-1.42889,5.90887],[-1.43799,5.90149],[-1.44971,5.90613],[-1.45752,5.8941],[-1.46143,5.8963],[-1.46332,5.90509],[-1.46698,5.90369],[-1.45941,5.88708],[-1.4613,5.86609],[-1.46198,5.86267],[-1.47522,5.85608],[-1.4826,5.86652],[-1.48743,5.86749],[-1.48749,5.8631],[-1.492,5.86389],[-1.50049,5.86987],[-1.49908,5.87433],[-1.50232,5.87628],[-1.5202,5.87469],[-1.51672,5.88953],[-1.51111,5.8913],[-1.50677,5.88751],[-1.49878,5.89252],[-1.50378,5.89612],[-1.50049,5.90289],[-1.5022,5.90692],[-1.51501,5.91351],[-1.52209,5.92908],[-1.52618,5.92212],[-1.53003,5.92328],[-1.52771,5.93652],[-1.53082,5.93927],[-1.54498,5.93872],[-1.54669,5.93591],[-1.54059,5.93127],[-1.55908,5.92529],[-1.56763,5.92609],[-1.57068,5.93268],[-1.57397,5.93127],[-1.57233,5.92493],[-1.58191,5.91827],[-1.58258,5.92688],[-1.59003,5.93488],[-1.59009,5.92749],[-1.59418,5.9245],[-1.6015,5.92889],[-1.6095,5.92572],[-1.62,5.92731],[-1.62048,5.93152],[-1.62372,5.92749],[-1.64203,5.93268],[-1.64691,5.92548],[-1.66089,5.92352],[-1.67139,5.91528],[-1.6745,5.92249],[-1.69263,5.93292],[-1.69061,5.94092],[-1.69299,5.94312],[-1.6983,5.93347],[-1.7074,5.9303],[-1.7132,5.93671],[-1.71429,5.9455],[-1.71051,5.95331],[-1.71301,5.95691],[-1.72388,5.95288],[-1.73669,5.97028],[-1.74371,5.96667],[-1.74908,5.9679],[-1.74762,5.9621],[-1.76599,5.96887],[-1.76941,5.96088],[-1.77679,5.97113],[-1.77521,5.98071],[-1.79028,5.9873],[-1.79858,5.99829],[-1.80328,5.99408],[-1.81049,6.00629],[-1.81073,6.01508],[-1.80249,6.0271],[-1.8078,6.0321],[-1.81702,6.02911],[-1.82379,6.03149],[-1.82312,6.0379],[-1.83728,6.03528],[-1.84802,6.02789],[-1.85309,6.0141],[-1.86078,6.0155],[-1.86591,6.00989],[-1.88208,6.03271],[-1.89148,6.02393],[-1.89313,6.01569],[-1.91302,6.0119],[-1.91913,6.01648],[-1.92731,6.03552],[-1.9317,6.03552],[-1.9472,6.04932],[-1.94928,6.05609],[-1.95221,6.0567],[-1.95203,6.05029],[-1.96051,6.05731],[-1.96582,6.05231],[-1.96832,6.05371],[-1.97412,6.06653],[-1.97021,6.0675],[-1.97711,6.08447],[-1.97729,6.09369],[-1.98761,6.10272],[-1.98718,6.11108],[-1.98401,6.11469],[-1.97913,6.11267],[-1.979,6.11609],[-1.99103,6.12372],[-1.99738,6.11688],[-2.0061,6.11749],[-2.0069,6.11133],[-2.01428,6.11469],[-2.01471,6.1239],[-2.02429,6.13611],[-2.02533,6.14392],[-2.02008,6.1535],[-2.02368,6.15887],[-2.02289,6.1731],[-2.0401,6.19733],[-2.03821,6.20691],[-2.02161,6.2251],[-2.02191,6.2597],[-2.01422,6.26788],[-2.01147,6.2915],[-2.04492,6.28528],[-2.06598,6.29431],[-2.07483,6.29291],[-2.0943,6.30792],[-2.10199,6.30951],[-2.11951,6.3075],[-2.12408,6.30188],[-2.12738,6.31873],[-2.1225,6.32928],[-2.12482,6.33649],[-2.13593,6.34747],[-2.1485,6.34851],[-2.15259,6.35413],[-2.1731,6.36469],[-2.19989,6.35388],[-2.21198,6.33612],[-2.22699,6.3219],[-2.21698,6.34711],[-2.2157,6.36328],[-2.22711,6.40771],[-2.22552,6.41528],[-2.2309,6.4223],[-2.22998,6.44611],[-2.24072,6.47229],[-2.2605,6.49048],[-2.27972,6.48749],[-2.29492,6.49048],[-2.30261,6.48413],[-2.31012,6.48993],[-2.33801,6.49231],[-2.34381,6.48273],[-2.35461,6.48212],[-2.35968,6.4765],[-2.3512,6.46448],[-2.34943,6.4549],[-2.35461,6.44873],[-2.34399,6.43347],[-2.35199,6.39429],[-2.36182,6.38409],[-2.3783,6.35071],[-2.38953,6.3465],[-2.38989,6.3349],[-2.3996,6.34149],[-2.39758,6.35089],[-2.42108,6.3479],[-2.4281,6.35052],[-2.43042,6.35431],[-2.42352,6.3949],[-2.4256,6.40112],[-2.42139,6.40448],[-2.42963,6.41711],[-2.4389,6.42072],[-2.44061,6.4281],[-2.44751,6.43152],[-2.43921,6.43909],[-2.44421,6.44391],[-2.44318,6.45367],[-2.43042,6.47131],[-2.42029,6.47827],[-2.4256,6.48413],[-2.42242,6.49109],[-2.41571,6.49011],[-2.41589,6.4953],[-2.41119,6.49707],[-2.40759,6.50427],[-2.40179,6.5069],[-2.39832,6.50409],[-2.39618,6.5213],[-2.38531,6.52448],[-2.38342,6.53351],[-2.3764,6.5387],[-2.37701,6.5473],[-2.38489,6.55713],[-2.3855,6.56769],[-2.38068,6.57172],[-2.37982,6.5849],[-2.37128,6.5929],[-2.37891,6.59851],[-2.38312,6.5979],[-2.38409,6.61029],[-2.39038,6.60992],[-2.39423,6.61792],[-2.39282,6.62311],[-2.40082,6.6297],[-2.40161,6.63629],[-2.39581,6.6427],[-2.39648,6.64771],[-2.41199,6.65149],[-2.41718,6.65747],[-2.40161,6.66528],[-2.38861,6.66687],[-2.38123,6.67249],[-2.37323,6.67169],[-2.36578,6.6795],[-2.36322,6.68793],[-2.34729,6.69849],[-2.30322,6.68951],[-2.29883,6.69891],[-2.28668,6.70673],[-2.28729,6.71613],[-2.27771,6.73132],[-2.26831,6.77332],[-2.25891,6.79248],[-2.26678,6.79871],[-2.29608,6.79773],[-2.3053,6.81171],[-2.3197,6.80133],[-2.3327,6.80328],[-2.3446,6.81592],[-2.33801,6.82068],[-2.3349,6.83032],[-2.34692,6.84369],[-2.35303,6.84052],[-2.35699,6.84412],[-2.36438,6.84332],[-2.40039,6.8197],[-2.41522,6.82532],[-2.41492,6.8327],[-2.40662,6.84131],[-2.39899,6.84149],[-2.39551,6.85773],[-2.38812,6.8559],[-2.38751,6.86768],[-2.38251,6.87671],[-2.37622,6.87848],[-2.37482,6.8869],[-2.35529,6.8963],[-2.34839,6.90253],[-2.34808,6.90747],[-2.33679,6.91248],[-2.33112,6.92889],[-2.30981,6.94153],[-2.297,6.94153],[-2.29028,6.94531],[-2.2514,6.97827],[-2.2475,6.98969],[-2.2406,6.99731],[-2.2301,7.00629],[-2.21918,7.00989],[-2.21301,7.02032],[-2.20422,7.02612],[-2.18439,7.03571],[-2.1803,7.03351],[-2.18549,7.02509],[-2.18152,7.01691],[-2.16492,7.0329],[-2.14001,7.04089],[-2.13519,7.03009],[-2.13733,7.02228],[-2.1333,7.0213],[-2.1228,7.00488],[-2.10358,7.00568],[-2.09711,7.00928],[-2.09131,7.02069],[-2.06238,7.03851],[-2.039,7.04028],[-2.02319,7.05267],[-2.00891,7.07129],[-1.99768,7.07788],[-1.9679,7.08893],[-1.95392,7.08533],[-1.9325,7.13013],[-1.93292,7.1767],[-1.8689,7.20331],[-1.85321,7.22852],[-1.8385,7.23969],[-1.82703,7.25391],[-1.82831,7.25812],[-1.83502,7.25928],[-1.84491,7.27429],[-1.85919,7.27808],[-1.91211,7.25348],[-1.92621,7.26392],[-1.94531,7.26453],[-1.94989,7.26147],[-1.95453,7.2655],[-1.96472,7.29431],[-1.98718,7.29828],[-1.99908,7.31549],[-2.00922,7.31787],[-2.04761,7.30591],[-2.05438,7.30811],[-2.06061,7.31732],[-2.07568,7.32288],[-2.13647,7.39447],[-2.13928,7.40228],[-2.1405,7.40887],[-2.12793,7.41888],[-2.12701,7.4317],[-2.11407,7.44373],[-2.11188,7.46252],[-2.10852,7.46472],[-2.06049,7.45428],[-2.0401,7.45752],[-2.02448,7.4389],[-2.0174,7.42133],[-2.00171,7.42108],[-1.97638,7.4115],[-1.96649,7.4129],[-1.96478,7.4093],[-1.92712,7.44232],[-1.89728,7.43152],[-1.87109,7.4621],[-1.86682,7.47809],[-1.85638,7.4613],[-1.84082,7.47131],[-1.836,7.47113],[-1.8399,7.42511],[-1.82861,7.3927],[-1.80719,7.34949],[-1.77399,7.34772],[-1.76239,7.32373],[-1.7403,7.32013],[-1.73029,7.31268],[-1.71881,7.31653],[-1.71008,7.32428],[-1.70038,7.32147],[-1.68268,7.32471],[-1.67621,7.32031],[-1.65723,7.31989],[-1.65381,7.31409],[-1.6438,7.32233],[-1.6394,7.33691],[-1.62592,7.33893],[-1.6178,7.35132],[-1.60681,7.35992],[-1.5769,7.40253],[-1.56342,7.40491],[-1.54041,7.39587],[-1.52789,7.39911],[-1.51819,7.39032],[-1.51581,7.39227],[-1.51562,7.40973],[-1.50989,7.42908],[-1.51251,7.44189],[-1.51923,7.44873],[-1.4942,7.48108],[-1.4718,7.49847],[-1.4624,7.5235],[-1.43628,7.55768],[-1.43359,7.57349],[-1.42511,7.57629],[-1.42542,7.5827],[-1.42029,7.58087],[-1.4093,7.58649],[-1.39789,7.59949],[-1.38641,7.60468],[-1.36841,7.60309],[-1.3349,7.62152],[-1.3158,7.62451],[-1.30792,7.62189],[-1.31659,7.6095]]]}},{"type":"Feature","properties":{"name":"Bono","pcode":"GH03","level":"ADM1"},"geometry":{"type":"Polygon","coordinates":[[[-2.41479,8.57532],[-2.39911,8.55792],[-2.38312,8.55389],[-2.37158,8.5401],[-2.36713,8.53931],[-2.35852,8.51831],[-2.37073,8.49933],[-2.36603,8.47607],[-2.35071,8.46033],[-2.33789,8.45453],[-2.32501,8.4173],[-2.29779,8.38068],[-2.30438,8.35388],[-2.29712,8.34229],[-2.29541,8.32751],[-2.28632,8.31873],[-2.28821,8.29688],[-2.27301,8.2915],[-2.25311,8.27753],[-2.23889,8.28052],[-2.22931,8.2641],[-2.21289,8.25629],[-2.20898,8.24792],[-2.2121,8.24231],[-2.20508,8.23187],[-2.16821,8.21149],[-2.16309,8.17633],[-2.15991,8.17273],[-2.15381,8.17151],[-2.13409,8.15112],[-2.12848,8.14807],[-2.12152,8.15088],[-2.11731,8.13593],[-2.1015,8.13507],[-2.08008,8.09991],[-2.06549,8.0899],[-2.05499,8.0603],[-2.05713,8.0531],[-2.02588,8.02289],[-2.02649,7.99573],[-2.04352,7.97229],[-2.04102,7.96448],[-2.0318,7.95709],[-2.02081,7.95569],[-1.99438,7.96753],[-1.98633,7.96692],[-1.9151,7.87769],[-1.90289,7.8313],[-1.91821,7.80988],[-1.93231,7.8075],[-1.94373,7.7995],[-1.95258,7.79968],[-1.96191,7.80609],[-1.97137,7.80573],[-1.98291,7.8031],[-2.02643,7.77948],[-2.07593,7.77869],[-2.08142,7.76648],[-2.08032,7.7583],[-2.07159,7.74969],[-2.07288,7.71509],[-2.0625,7.70227],[-2.05609,7.68549],[-2.04889,7.67932],[-2.04828,7.67108],[-2.0517,7.66608],[-2.06732,7.66071],[-2.0708,7.65088],[-2.08899,7.6319],[-2.09119,7.62231],[-2.08832,7.61133],[-2.11182,7.57233],[-2.10931,7.55292],[-2.13672,7.52832],[-2.13531,7.51868],[-2.12189,7.51508],[-2.1178,7.50189],[-2.1109,7.49609],[-2.11371,7.49451],[-2.11407,7.48212],[-2.10852,7.46472],[-2.11401,7.4599],[-2.11407,7.44373],[-2.12701,7.4317],[-2.12793,7.41888],[-2.1405,7.40887],[-2.13647,7.39447],[-2.13971,7.38629],[-2.13599,7.37488],[-2.13818,7.36987],[-2.14709,7.36548],[-2.15271,7.34167],[-2.16089,7.32953],[-2.1723,7.32312],[-2.1886,7.3219],[-2.21521,7.31329],[-2.21869,7.3103],[-2.21912,7.30188],[-2.24042,7.29169],[-2.24622,7.27991],[-2.26532,7.27649],[-2.26801,7.27271],[-2.2652,7.26208],[-2.26959,7.25452],[-2.26581,7.24652],[-2.27161,7.2453],[-2.27112,7.23871],[-2.27448,7.2381],[-2.28021,7.24609],[-2.28003,7.23352],[-2.28918,7.2251],[-2.29608,7.23248],[-2.31842,7.23328],[-2.32501,7.23651],[-2.3349,7.22809],[-2.34131,7.21588],[-2.3501,7.18707],[-2.31342,7.16168],[-2.3042,7.14807],[-2.28943,7.14172],[-2.30212,7.11951],[-2.29523,7.10852],[-2.2995,7.0993],[-2.30432,7.10291],[-2.31171,7.10052],[-2.31531,7.10413],[-2.33032,7.10687],[-2.33051,7.11407],[-2.32397,7.1217],[-2.32678,7.12433],[-2.33661,7.12268],[-2.35211,7.1275],[-2.36511,7.11511],[-2.36389,7.10773],[-2.3725,7.10211],[-2.43848,7.08893],[-2.40149,7.1123],[-2.44891,7.14032],[-2.46051,7.13428],[-2.46948,7.13629],[-2.4837,7.13171],[-2.49371,7.13428],[-2.49231,7.21771],[-2.49512,7.2265],[-2.51147,7.22729],[-2.51642,7.23071],[-2.55719,7.22949],[-2.58051,7.20892],[-2.58051,7.18152],[-2.60681,7.18048],[-2.6286,7.15649],[-2.65082,7.1427],[-2.68408,7.13928],[-2.69049,7.13232],[-2.69452,7.11133],[-2.71051,7.10107],[-2.71899,7.10291],[-2.75391,7.07751],[-2.76099,7.05811],[-2.76251,7.0343],[-2.77002,7.02307],[-2.7901,7.01208],[-2.8125,6.97351],[-2.82068,6.96509],[-2.8396,6.95892],[-2.8479,6.9519],[-2.85132,6.94153],[-2.85089,6.92188],[-2.85559,6.91333],[-2.84991,6.88489],[-2.85242,6.87488],[-2.85883,6.86713],[-2.8598,6.85492],[-2.86603,6.8515],[-2.87189,6.85431],[-2.88611,6.87909],[-2.89508,6.88672],[-2.92078,6.92548],[-2.93762,6.94049],[-2.96899,6.93707],[-2.9892,6.94611],[-3.01648,6.9317],[-3.03259,6.92749],[-3.04633,6.93848],[-3.0719,6.9433],[-3.07501,6.9707],[-3.09021,6.97931],[-3.10028,6.99487],[-3.11658,7.00592],[-3.07489,7.06293],[-3.0321,7.07172],[-3.0238,7.14148],[-2.98273,7.1947],[-2.95331,7.23932],[-2.97821,7.27209],[-2.9693,7.33447],[-2.94843,7.43011],[-2.94733,7.45648],[-2.93469,7.48651],[-2.92352,7.6087],[-2.86932,7.7323],[-2.85059,7.7619],[-2.84851,7.78027],[-2.82611,7.80573],[-2.82898,7.82129],[-2.82581,7.82391],[-2.83173,7.84692],[-2.8252,7.86829],[-2.82208,7.91248],[-2.8103,7.93848],[-2.80859,7.9657],[-2.79279,7.98352],[-2.7713,7.99731],[-2.71271,8.01727],[-2.69562,8.02972],[-2.66199,8.04211],[-2.65271,8.0423],[-2.63239,8.05432],[-2.63593,8.06732],[-2.63019,8.11292],[-2.6087,8.15051],[-2.5946,8.15253],[-2.57672,8.14532],[-2.56421,8.1485],[-2.55408,8.14648],[-2.5448,8.17572],[-2.50891,8.19348],[-2.49481,8.20532],[-2.50439,8.33411],[-2.51642,8.38312],[-2.53302,8.4809],[-2.54901,8.5423],[-2.57343,8.70068],[-2.59052,8.78632],[-2.58429,8.78589],[-2.5705,8.77289],[-2.54321,8.76111],[-2.53162,8.7359],[-2.51202,8.72949],[-2.49951,8.71869],[-2.48969,8.69751],[-2.48859,8.68689],[-2.47119,8.66107],[-2.46429,8.65228],[-2.45422,8.64728],[-2.44031,8.62909],[-2.41779,8.6123],[-2.41901,8.59711],[-2.41479,8.57532]]]}},{"type":"Feature","properties":{"name":"Bono East","pcode":"GH04","level":"ADM1"},"geometry":{"type":"Polygon","coordinates":[[[-1.40808,8.77429],[-1.35602,8.75909],[-1.31152,8.72351],[-1.28552,8.7179],[-1.2616,8.6897],[-1.23029,8.67529],[-1.20679,8.66809],[-1.18591,8.67828],[-1.14441,8.67749],[-1.14728,8.6557],[-1.1449,8.64612],[-1.15051,8.6333],[-1.14661,8.62549],[-1.146,8.59131],[-1.14148,8.57648],[-1.146,8.55847],[-1.15552,8.54211],[-1.17072,8.53571],[-1.17102,8.52753],[-1.16528,8.5235],[-1.16412,8.51508],[-1.16931,8.50848],[-1.17371,8.50873],[-1.17529,8.51672],[-1.18323,8.51129],[-1.19562,8.51111],[-1.19238,8.5011],[-1.1955,8.49469],[-1.21771,8.49091],[-1.22137,8.47809],[-1.22803,8.47729],[-1.23242,8.4707],[-1.24371,8.46832],[-1.25812,8.45453],[-1.26221,8.43488],[-1.26178,8.43109],[-1.25519,8.42731],[-1.25458,8.41852],[-1.25909,8.40692],[-1.25342,8.37848],[-1.26111,8.36871],[-1.25732,8.3587],[-1.26532,8.34088],[-1.27289,8.3349],[-1.27899,8.30811],[-1.27411,8.2851],[-1.26868,8.27692],[-1.26648,8.25732],[-1.23712,8.22369],[-1.22949,8.2049],[-1.15723,8.0899],[-1.15741,8.08209],[-1.16479,8.07111],[-1.16559,8.05847],[-1.15942,8.0343],[-1.16241,8.01648],[-1.15723,8.00012],[-1.10699,7.99268],[-1.09662,7.99768],[-1.08051,8.01709],[-1.04871,8.02972],[-1.03668,8.02551],[-1.02948,8.01752],[-1.01691,8.01849],[-1.01929,8.0307],[-1.03351,8.0451],[-1.03619,8.05731],[-1.04681,8.06189],[-1.0473,8.0697],[-1.04102,8.08148],[-1.04352,8.09308],[-1.0675,8.12793],[-1.04102,8.16791],[-1.04291,8.20892],[-1.03839,8.24371],[-1.02258,8.25928],[-1.01923,8.26111],[-1.00891,8.2475],[-0.99249,8.24573],[-0.979,8.22729],[-0.96771,8.23309],[-0.9657,8.2467],[-0.9599,8.25067],[-0.94861,8.24652],[-0.93793,8.25171],[-0.89038,8.25909],[-0.8623,8.27411],[-0.8526,8.31488],[-0.85901,8.32233],[-0.85779,8.32849],[-0.80139,8.33972],[-0.77979,8.33551],[-0.74078,8.33551],[-0.63953,8.26947],[-0.54248,8.18768],[-0.50299,8.18091],[-0.48743,8.17212],[-0.4444,8.15747],[-0.41901,8.15289],[-0.3847,8.15289],[-0.31927,8.13049],[-0.29492,8.11731],[-0.24878,8.07709],[-0.2406,8.04968],[-0.21472,8.03088],[-0.17322,8.02472],[-0.15411,8.03131],[-0.14148,8.01788],[-0.14423,8.00549],[-0.17023,7.96991],[-0.17383,7.95752],[-0.14111,7.9585],[-0.13489,7.94849],[-0.13647,7.9397],[-0.14172,7.93512],[-0.14539,7.90308],[-0.13611,7.82489],[-0.1264,7.78833],[-0.11102,7.76031],[-0.1001,7.75049],[-0.07721,7.74731],[-0.01453,7.7569],[0.00409,7.74249],[0.0025,7.71771],[-0.0152,7.68408],[-0.01678,7.64832],[-0.01428,7.6261],[0.00952,7.57849],[0.04309,7.53912],[0.07709,7.48212],[0.08331,7.44849],[0.09113,7.42932],[0.15051,7.39093],[0.17273,7.38049],[0.17889,7.3811],[0.19873,7.3681],[0.2085,7.35089],[0.21509,7.31012],[0.18268,7.1933],[0.18231,7.17969],[0.12329,7.1839],[0.0979,7.17767],[0.08112,7.1817],[0.0675,7.17371],[0.05048,7.17212],[0.04089,7.18091],[0.02911,7.18549],[0.0213,7.18311],[0.01111,7.18628],[0.00452,7.19409],[-0.00421,7.1911],[-0.02753,7.19153],[-0.05261,7.19647],[-0.06152,7.18811],[-0.08441,7.17932],[-0.09772,7.18488],[-0.10712,7.19513],[-0.1275,7.19348],[-0.14948,7.19952],[-0.1601,7.19489],[-0.16351,7.19971],[-0.18011,7.1991],[-0.18158,7.20312],[-0.21552,7.19971],[-0.21692,7.20947],[-0.2215,7.21173],[-0.23651,7.20227],[-0.2431,7.21149],[-0.24341,7.22229],[-0.25592,7.22931],[-0.26202,7.2655],[-0.27289,7.2691],[-0.28888,7.2829],[-0.30621,7.27869],[-0.30988,7.28491],[-0.32397,7.28192],[-0.33698,7.29327],[-0.35101,7.29633],[-0.35638,7.30249],[-0.35559,7.30731],[-0.3631,7.31171],[-0.37628,7.30951],[-0.38318,7.31409],[-0.39331,7.31128],[-0.42749,7.32507],[-0.43158,7.32349],[-0.44702,7.33209],[-0.46228,7.33228],[-0.49213,7.34271],[-0.4975,7.3399],[-0.53479,7.34833],[-0.54089,7.35449],[-0.57361,7.35327],[-0.59381,7.34772],[-0.59961,7.35028],[-0.61731,7.37891],[-0.63269,7.39313],[-0.63898,7.40472],[-0.64142,7.41913],[-0.65381,7.43109],[-0.64868,7.46289],[-0.65131,7.46631],[-0.64838,7.47852],[-0.65161,7.50372],[-0.67761,7.52869],[-0.68158,7.52631],[-0.68988,7.54028],[-0.698,7.53113],[-0.7196,7.52069],[-0.7326,7.52228],[-0.7486,7.50989],[-0.7774,7.50568],[-0.78412,7.49811],[-0.80731,7.50409],[-0.8078,7.50873],[-0.81482,7.50671],[-0.81958,7.50067],[-0.82233,7.5083],[-0.82849,7.51172],[-0.84308,7.50989],[-0.8446,7.51709],[-0.8598,7.51593],[-0.86621,7.52051],[-0.87622,7.51471],[-0.88971,7.51611],[-0.89301,7.5047],[-0.90271,7.50751],[-0.92291,7.50391],[-0.93341,7.50769],[-0.93872,7.51569],[-0.95471,7.5235],[-0.9726,7.5213],[-0.98401,7.53387],[-0.99878,7.52911],[-1.01489,7.53448],[-1.02478,7.53351],[-1.04108,7.52692],[-1.05261,7.50891],[-1.06738,7.50232],[-1.0705,7.4903],[-1.08362,7.4873],[-1.10358,7.46588],[-1.12488,7.47632],[-1.13202,7.47168],[-1.15448,7.46887],[-1.15759,7.47949],[-1.18042,7.48187],[-1.20251,7.49512],[-1.22589,7.49469],[-1.23859,7.48969],[-1.2478,7.49451],[-1.26599,7.52087],[-1.29272,7.53931],[-1.29419,7.5589],[-1.30029,7.57147],[-1.31329,7.58148],[-1.31311,7.60211],[-1.31659,7.6095],[-1.30792,7.62189],[-1.3158,7.62451],[-1.34229,7.61932],[-1.36841,7.60309],[-1.38641,7.60468],[-1.39789,7.59949],[-1.4093,7.58649],[-1.42029,7.58087],[-1.42542,7.5827],[-1.42511,7.57629],[-1.43359,7.57349],[-1.43628,7.55768],[-1.4624,7.5235],[-1.4718,7.49847],[-1.4942,7.48108],[-1.51923,7.44873],[-1.51251,7.44189],[-1.50989,7.42908],[-1.51562,7.40973],[-1.51581,7.39227],[-1.51819,7.39032],[-1.52789,7.39911],[-1.54041,7.39587],[-1.56342,7.40491],[-1.5769,7.40253],[-1.60681,7.35992],[-1.6178,7.35132],[-1.62592,7.33893],[-1.6394,7.33691],[-1.6438,7.32233],[-1.65381,7.31409],[-1.65723,7.31989],[-1.67621,7.32031],[-1.68268,7.32471],[-1.70038,7.32147],[-1.71008,7.32428],[-1.71881,7.31653],[-1.73029,7.31268],[-1.7403,7.32013],[-1.76239,7.32373],[-1.77399,7.34772],[-1.80719,7.34949],[-1.82861,7.3927],[-1.8399,7.42511],[-1.836,7.47113],[-1.84082,7.47131],[-1.85638,7.4613],[-1.86682,7.47809],[-1.87109,7.4621],[-1.89728,7.43152],[-1.92712,7.44232],[-1.96478,7.4093],[-1.96649,7.4129],[-1.97638,7.4115],[-2.00171,7.42108],[-2.0174,7.42133],[-2.02448,7.4389],[-2.0401,7.45752],[-2.06049,7.45428],[-2.10852,7.46472],[-2.11407,7.48212],[-2.11371,7.49451],[-2.1109,7.49609],[-2.1178,7.50189],[-2.12189,7.51508],[-2.13531,7.51868],[-2.13672,7.52832],[-2.10931,7.55292],[-2.11182,7.57233],[-2.08832,7.61133],[-2.09119,7.62231],[-2.08899,7.6319],[-2.0708,7.65088],[-2.06732,7.66071],[-2.0517,7.66608],[-2.04828,7.67108],[-2.04889,7.67932],[-2.05609,7.68549],[-2.0625,7.70227],[-2.07288,7.71509],[-2.07159,7.74969],[-2.08032,7.7583],[-2.08142,7.76648],[-2.07593,7.77869],[-2.02643,7.77948],[-1.98291,7.8031],[-1.97137,7.80573],[-1.96191,7.80609],[-1.95258,7.79968],[-1.94373,7.7995],[-1.93231,7.8075],[-1.91821,7.80988],[-1.90289,7.8313],[-1.9151,7.87769],[-1.98633,7.96692],[-1.99438,7.96753],[-2.02081,7.95569],[-2.0318,7.95709],[-2.04102,7.96448],[-2.04352,7.97229],[-2.02649,7.99573],[-2.02588,8.02289],[-2.05713,8.0531],[-2.05499,8.0603],[-2.06549,8.0899],[-2.08008,8.09991],[-2.1015,8.13507],[-2.11731,8.13593],[-2.12012,8.15491],[-2.1062,8.15729],[-2.06372,8.14612],[-2.04358,8.14771],[-2.0282,8.15552],[-2.00623,8.1557],[-1.96033,8.16992],[-1.94049,8.18951],[-1.9314,8.21033],[-1.91351,8.22968],[-1.90802,8.24689],[-1.89508,8.26172],[-1.84491,8.25348],[-1.8045,8.22913],[-1.78912,8.22632],[-1.77191,8.23273],[-1.74738,8.26331],[-1.74841,8.28009],[-1.77191,8.32373],[-1.78992,8.33588],[-1.80652,8.3399],[-1.8443,8.3299],[-1.8562,8.32953],[-1.87091,8.33411],[-1.88379,8.34869],[-1.90778,8.39691],[-1.90881,8.44031],[-1.88641,8.46448],[-1.88312,8.48029],[-1.89868,8.54028],[-1.89288,8.55609],[-1.88928,8.5863],[-1.86823,8.6413],[-1.84479,8.65973],[-1.81641,8.66193],[-1.78888,8.65253],[-1.75519,8.63013],[-1.7334,8.62653],[-1.69098,8.64587],[-1.6825,8.66107],[-1.68201,8.67987],[-1.67871,8.68469],[-1.6593,8.69489],[-1.6499,8.69427],[-1.62891,8.68091],[-1.61151,8.67712],[-1.55212,8.6759],[-1.51611,8.68793],[-1.50958,8.69391],[-1.49902,8.73871],[-1.4873,8.75732],[-1.47681,8.76453],[-1.45001,8.76569],[-1.40808,8.77429]]]}},{"type":"Feature","properties":{"name":"Central","pcode":"GH05","level":"ADM1"},"geometry":{"type":"Polygon","coordinates":[[[-2.06598,6.29431],[-2.04492,6.28528],[-2.01788,6.29132],[-2.0097,6.2887],[-2.01422,6.26788],[-2.02191,6.2597],[-2.02161,6.2251],[-2.03821,6.20691],[-2.0401,6.19733],[-2.02289,6.1731],[-2.02368,6.15887],[-2.02008,6.1535],[-2.02533,6.14392],[-2.02429,6.13611],[-2.01471,6.1239],[-2.01428,6.11469],[-2.0069,6.11133],[-2.0061,6.11749],[-1.99738,6.11688],[-1.99103,6.12372],[-1.98108,6.11871],[-1.97913,6.11267],[-1.98401,6.11469],[-1.98718,6.11108],[-1.98761,6.10272],[-1.97729,6.09369],[-1.97711,6.08447],[-1.97021,6.0675],[-1.97412,6.06653],[-1.96832,6.05371],[-1.96582,6.05231],[-1.96051,6.05731],[-1.95203,6.05029],[-1.95221,6.0567],[-1.94928,6.05609],[-1.9472,6.04932],[-1.9317,6.03552],[-1.92731,6.03552],[-1.91913,6.01648],[-1.91302,6.0119],[-1.89313,6.01569],[-1.89148,6.02393],[-1.88208,6.03271],[-1.86591,6.00989],[-1.86078,6.0155],[-1.85309,6.0141],[-1.84802,6.02789],[-1.83728,6.03528],[-1.82312,6.0379],[-1.82379,6.03149],[-1.81702,6.02911],[-1.8078,6.0321],[-1.80249,6.0271],[-1.81073,6.01508],[-1.81049,6.00629],[-1.80328,5.99408],[-1.79858,5.99829],[-1.79028,5.9873],[-1.77521,5.98071],[-1.77679,5.97113],[-1.76941,5.96088],[-1.76599,5.96887],[-1.74762,5.9621],[-1.74908,5.9679],[-1.74371,5.96667],[-1.73669,5.97028],[-1.72388,5.95288],[-1.71301,5.95691],[-1.71051,5.95331],[-1.71429,5.9455],[-1.7132,5.93671],[-1.7074,5.9303],[-1.6983,5.93347],[-1.69299,5.94312],[-1.69061,5.94092],[-1.69263,5.93292],[-1.6745,5.92249],[-1.67139,5.91528],[-1.66089,5.92352],[-1.64691,5.92548],[-1.64203,5.93268],[-1.62372,5.92749],[-1.62048,5.93152],[-1.62,5.92731],[-1.6095,5.92572],[-1.6015,5.92889],[-1.59418,5.9245],[-1.59009,5.92749],[-1.59003,5.93488],[-1.58258,5.92688],[-1.58191,5.91827],[-1.57233,5.92493],[-1.57397,5.93127],[-1.57068,5.93268],[-1.56763,5.92609],[-1.55908,5.92529],[-1.54059,5.93127],[-1.54669,5.93591],[-1.54498,5.93872],[-1.53082,5.93927],[-1.52771,5.93652],[-1.53003,5.92328],[-1.52618,5.92212],[-1.52209,5.92908],[-1.51501,5.91351],[-1.5022,5.90692],[-1.50049,5.90289],[-1.50378,5.89612],[-1.49878,5.89252],[-1.50677,5.88751],[-1.51111,5.8913],[-1.51672,5.88953],[-1.5202,5.87469],[-1.50232,5.87628],[-1.49908,5.87433],[-1.50049,5.86987],[-1.492,5.86389],[-1.48749,5.8631],[-1.48743,5.86749],[-1.4826,5.86652],[-1.47522,5.85608],[-1.46198,5.86267],[-1.4613,5.86609],[-1.45941,5.88708],[-1.46698,5.90369],[-1.46332,5.90509],[-1.46143,5.8963],[-1.45752,5.8941],[-1.44971,5.90613],[-1.43799,5.90149],[-1.42889,5.90887],[-1.42218,5.90393],[-1.41632,5.92212],[-1.38031,5.9165],[-1.37518,5.92188],[-1.37659,5.9339],[-1.34851,5.93152],[-1.34692,5.92108],[-1.33679,5.92651],[-1.34271,5.9115],[-1.3363,5.91632],[-1.3244,5.91412],[-1.31958,5.91632],[-1.3175,5.92389],[-1.30933,5.9259],[-1.30688,5.92291],[-1.31158,5.91589],[-1.31201,5.90771],[-1.3045,5.90088],[-1.30731,5.88928],[-1.29633,5.88611],[-1.27588,5.90228],[-1.26459,5.89093],[-1.25928,5.90393],[-1.263,5.91071],[-1.26031,5.91571],[-1.2561,5.91571],[-1.25549,5.9115],[-1.24463,5.91449],[-1.24548,5.92352],[-1.24152,5.93152],[-1.23358,5.93451],[-1.22083,5.9339],[-1.19781,5.91669],[-1.1684,5.90833],[-1.1626,5.89093],[-1.16821,5.86627],[-1.16022,5.85291],[-1.16888,5.8407],[-1.15851,5.81812],[-1.16791,5.78448],[-1.16278,5.76752],[-1.16541,5.7323],[-1.1629,5.72247],[-1.15808,5.72089],[-1.151,5.7251],[-1.14221,5.71289],[-1.14392,5.70428],[-1.13568,5.70453],[-1.1344,5.72131],[-1.12091,5.72052],[-1.09979,5.70093],[-1.09442,5.71368],[-1.09711,5.72607],[-1.09113,5.74268],[-1.08331,5.74768],[-1.06018,5.75171],[-1.04309,5.75171],[-1.03998,5.74353],[-1.03229,5.73792],[-0.9986,5.7453],[-0.99402,5.73993],[-0.99109,5.7475],[-0.97241,5.7533],[-0.95209,5.73871],[-0.90521,5.73871],[-0.8797,5.74268],[-0.88019,5.75787],[-0.84778,5.75732],[-0.8371,5.75348],[-0.83069,5.74652],[-0.81342,5.74451],[-0.81378,5.7309],[-0.78821,5.72467],[-0.7829,5.70813],[-0.77771,5.71368],[-0.75891,5.7085],[-0.73181,5.71448],[-0.71112,5.7121],[-0.69849,5.71429],[-0.69342,5.73389],[-0.68628,5.73907],[-0.64368,5.73492],[-0.62988,5.72192],[-0.62231,5.72113],[-0.56671,5.73932],[-0.52448,5.73413],[-0.51868,5.73767],[-0.50891,5.73669],[-0.51129,5.73431],[-0.50879,5.7149],[-0.5202,5.70428],[-0.51959,5.69489],[-0.51721,5.68732],[-0.50922,5.68311],[-0.49579,5.6601],[-0.49701,5.64752],[-0.49463,5.64471],[-0.4765,5.64532],[-0.43091,5.62073],[-0.42609,5.61072],[-0.42761,5.6051],[-0.40082,5.56689],[-0.41028,5.55652],[-0.41541,5.5379],[-0.4126,5.52429],[-0.4054,5.51453],[-0.40112,5.48633],[-0.40558,5.47949],[-0.40741,5.46472],[-0.41998,5.45288],[-0.46429,5.43011],[-0.46558,5.4129],[-0.48059,5.4021],[-0.48932,5.3855],[-0.49811,5.37872],[-0.55432,5.36548],[-0.62323,5.33148],[-0.66888,5.32092],[-0.72699,5.29828],[-0.73071,5.29187],[-0.72803,5.2851],[-0.74622,5.27533],[-0.76038,5.25391],[-0.77753,5.24652],[-0.79071,5.22772],[-0.81299,5.21411],[-0.85303,5.20868],[-1.0835,5.19611],[-1.11823,5.1745],[-1.1488,5.1637],[-1.16608,5.14551],[-1.1944,5.13751],[-1.19983,5.13428],[-1.19861,5.1275],[-1.20471,5.12048],[-1.2121,5.11969],[-1.24011,5.10291],[-1.26379,5.09888],[-1.31641,5.09772],[-1.34558,5.08972],[-1.3501,5.0813],[-1.39423,5.0705],[-1.4231,5.06732],[-1.44482,5.05829],[-1.47351,5.05548],[-1.50482,5.04327],[-1.5802,5.03308],[-1.58148,5.15491],[-1.56781,5.1601],[-1.53809,5.16388],[-1.53442,5.17249],[-1.52661,5.17029],[-1.52301,5.1825],[-1.52448,5.19348],[-1.51971,5.20251],[-1.50842,5.20709],[-1.44678,5.21033],[-1.44781,5.2475],[-1.44409,5.26788],[-1.43549,5.26752],[-1.42761,5.28912],[-1.39978,5.2981],[-1.40759,5.31207],[-1.42981,5.33173],[-1.45349,5.34509],[-1.4621,5.3819],[-1.474,5.37793],[-1.47931,5.38989],[-1.48932,5.39929],[-1.50531,5.40009],[-1.51343,5.3927],[-1.52612,5.40271],[-1.54828,5.40729],[-1.56232,5.41492],[-1.59601,5.41107],[-1.60101,5.41272],[-1.60779,5.42212],[-1.61969,5.42548],[-1.62592,5.42047],[-1.62811,5.4231],[-1.6239,5.43829],[-1.60168,5.4519],[-1.61261,5.46729],[-1.6167,5.49969],[-1.61542,5.51947],[-1.60669,5.53192],[-1.59442,5.52991],[-1.59131,5.55573],[-1.5946,5.56488],[-1.6059,5.56671],[-1.62091,5.5979],[-1.63159,5.6095],[-1.64319,5.61688],[-1.65649,5.6181],[-1.6759,5.60992],[-1.67853,5.6347],[-1.68488,5.64148],[-1.6933,5.64111],[-1.73871,5.62408],[-1.74829,5.62628],[-1.76208,5.6217],[-1.82397,5.59332],[-1.83221,5.59253],[-1.81812,5.67468],[-1.80951,5.6781],[-1.79211,5.69531],[-1.79102,5.7099],[-1.784,5.7251],[-1.7865,5.73273],[-1.81653,5.72607],[-1.81348,5.73572],[-1.8009,5.74451],[-1.80139,5.75128],[-1.8111,5.75952],[-1.85052,5.76727],[-1.84021,5.78149],[-1.82971,5.78571],[-1.83032,5.7923],[-1.83411,5.79413],[-1.83588,5.79089],[-1.8432,5.80487],[-1.83972,5.80609],[-1.83191,5.8219],[-1.82269,5.85388],[-1.8147,5.86853],[-1.81561,5.89032],[-1.82562,5.89929],[-1.83661,5.89551],[-1.841,5.90112],[-1.85382,5.89508],[-1.8559,5.8891],[-1.86731,5.88452],[-1.87799,5.8891],[-1.88818,5.89911],[-1.89142,5.91449],[-1.90308,5.91748],[-1.91193,5.93268],[-1.90942,5.9361],[-1.9281,5.94269],[-1.93921,5.95587],[-1.93921,5.96973],[-1.94531,5.98352],[-1.95312,5.98413],[-1.96851,6.0011],[-1.98419,6.01068],[-1.98529,6.01648],[-1.99219,6.02173],[-2.01819,6.02771],[-2.02661,6.04169],[-2.05103,6.0509],[-2.04761,6.05933],[-2.05872,6.07147],[-2.13141,6.09229],[-2.14001,6.09167],[-2.14221,6.10052],[-2.1535,6.10553],[-2.16553,6.12152],[-2.17169,6.12347],[-2.17853,6.11987],[-2.18182,6.12292],[-2.20441,6.19849],[-2.17548,6.21429],[-2.13123,6.25769],[-2.12671,6.2511],[-2.09979,6.24072],[-2.08972,6.25513],[-2.07483,6.29291],[-2.06598,6.29431]]]}},{"type":"Feature","properties":{"name":"Eastern","pcode":"GH06","level":"ADM1"},"geometry":{"type":"Polygon","coordinates":[[[-0.21692,7.20947],[-0.21552,7.19971],[-0.18158,7.20312],[-0.18011,7.1991],[-0.16351,7.19971],[-0.1601,7.19489],[-0.14948,7.19952],[-0.1275,7.19348],[-0.10712,7.19513],[-0.09772,7.18488],[-0.08441,7.17932],[-0.06152,7.18811],[-0.05261,7.19647],[-0.02753,7.19153],[-0.00421,7.1911],[0.00452,7.19409],[0.01111,7.18628],[0.0213,7.18311],[0.02911,7.18549],[0.04089,7.18091],[0.05048,7.17212],[0.0675,7.17371],[0.08112,7.1817],[0.0979,7.17767],[0.12329,7.1839],[0.18231,7.17969],[0.21631,7.17407],[0.23529,7.16711],[0.24249,7.14868],[0.24268,7.12708],[0.2309,7.10687],[0.20288,7.08069],[0.19672,7.06769],[0.19971,7.0517],[0.2215,7.00787],[0.22748,6.97412],[0.2063,6.9425],[0.14789,6.92151],[0.1355,6.9101],[0.12292,6.88953],[0.11987,6.87048],[0.12433,6.84332],[0.1333,6.8291],[0.1449,6.81848],[0.15851,6.8161],[0.1925,6.78931],[0.20032,6.77869],[0.20831,6.75769],[0.20367,6.70331],[0.1991,6.69708],[0.16931,6.68988],[0.1615,6.68329],[0.13013,6.67169],[0.12329,6.66608],[0.11047,6.6167],[0.10529,6.58173],[0.10449,6.56689],[0.12872,6.5755],[0.15271,6.57709],[0.1629,6.57031],[0.18732,6.56787],[0.19348,6.5639],[0.19928,6.5495],[0.19751,6.54291],[0.17828,6.51251],[0.18213,6.49573],[0.1795,6.48792],[0.1889,6.47632],[0.1839,6.46552],[0.18628,6.44171],[0.17828,6.42468],[0.20929,6.40228],[0.21552,6.38928],[0.21332,6.37952],[0.20007,6.3703],[0.20428,6.35773],[0.19672,6.35352],[0.18591,6.33948],[0.18048,6.3399],[0.16949,6.32629],[0.1687,6.31348],[0.1759,6.30768],[0.17407,6.30231],[0.16052,6.3009],[0.13531,6.2605],[0.12872,6.2561],[0.11853,6.21869],[0.10492,6.18469],[0.09631,6.17731],[0.0921,6.16193],[0.09308,6.15527],[0.10193,6.14331],[0.11871,6.13708],[0.12592,6.12469],[0.14648,6.10931],[0.14313,6.10089],[0.10229,6.07629],[0.0899,6.06311],[0.06268,6.05969],[0.03931,6.04871],[0.0191,6.06189],[0.01813,6.03967],[0.0061,6.01312],[-0.00061,6.00787],[-0.00958,6.00909],[-0.01361,6.00128],[-0.01361,5.9967],[-0.00812,5.99353],[-0.00458,5.98572],[-0.00629,5.97131],[-0.04089,5.94409],[-0.06091,5.93311],[-0.0835,5.90729],[-0.11591,5.88568],[-0.12653,5.87488],[-0.13062,5.85272],[-0.1377,5.85132],[-0.14392,5.85492],[-0.1626,5.84229],[-0.164,5.83868],[-0.15289,5.8399],[-0.15009,5.8349],[-0.1546,5.81451],[-0.17188,5.81311],[-0.1723,5.80548],[-0.18201,5.79309],[-0.2019,5.78247],[-0.2038,5.75989],[-0.2135,5.75049],[-0.21802,5.75092],[-0.224,5.74091],[-0.22729,5.74353],[-0.22699,5.75208],[-0.24298,5.75909],[-0.23541,5.77271],[-0.2348,5.78271],[-0.24469,5.78528],[-0.25641,5.77789],[-0.26648,5.80713],[-0.2746,5.80811],[-0.31061,5.78931],[-0.32721,5.77307],[-0.33173,5.77832],[-0.3407,5.77808],[-0.35199,5.76727],[-0.36548,5.7627],[-0.38202,5.77612],[-0.39209,5.7583],[-0.41339,5.77252],[-0.41681,5.78729],[-0.42438,5.79413],[-0.42841,5.79309],[-0.43829,5.79968],[-0.44812,5.78912],[-0.44427,5.77789],[-0.49091,5.75348],[-0.49341,5.74731],[-0.50891,5.73669],[-0.51868,5.73767],[-0.52448,5.73413],[-0.56671,5.73932],[-0.62231,5.72113],[-0.62988,5.72192],[-0.64368,5.73492],[-0.68628,5.73907],[-0.69342,5.73389],[-0.69849,5.71429],[-0.71112,5.7121],[-0.73181,5.71448],[-0.75891,5.7085],[-0.77771,5.71368],[-0.7829,5.70813],[-0.78821,5.72467],[-0.81378,5.7309],[-0.81342,5.74451],[-0.83069,5.74652],[-0.8371,5.75348],[-0.84778,5.75732],[-0.88019,5.75787],[-0.8797,5.74268],[-0.90521,5.73871],[-0.95209,5.73871],[-0.97241,5.7533],[-0.99109,5.7475],[-0.99402,5.73993],[-0.9986,5.7453],[-1.03229,5.73792],[-1.03998,5.74353],[-1.04309,5.75171],[-1.07721,5.74933],[-1.09113,5.74268],[-1.09711,5.72607],[-1.09442,5.71368],[-1.09979,5.70093],[-1.12091,5.72052],[-1.1344,5.72131],[-1.13568,5.70453],[-1.14392,5.70428],[-1.14221,5.71289],[-1.151,5.7251],[-1.15808,5.72089],[-1.1629,5.72247],[-1.16541,5.7323],[-1.16278,5.76752],[-1.16791,5.78448],[-1.15851,5.81812],[-1.16888,5.8407],[-1.16022,5.85291],[-1.16821,5.86627],[-1.1626,5.88672],[-1.16449,5.90131],[-1.1684,5.90833],[-1.19781,5.91669],[-1.22479,5.9353],[-1.21973,5.94208],[-1.22351,5.94531],[-1.22131,5.95453],[-1.22382,5.95728],[-1.21899,5.9657],[-1.22137,5.97369],[-1.22601,5.98053],[-1.23938,5.98132],[-1.24622,5.98993],[-1.24152,5.99707],[-1.24011,6.01172],[-1.23328,6.01288],[-1.22858,6.01929],[-1.2326,6.02869],[-1.22931,6.03833],[-1.20929,6.05249],[-1.20801,6.05652],[-1.21149,6.05829],[-1.21008,6.06268],[-1.21411,6.06812],[-1.20691,6.07172],[-1.2074,6.07593],[-1.1983,6.0827],[-1.20331,6.09052],[-1.1897,6.09369],[-1.18738,6.09772],[-1.1944,6.11353],[-1.20569,6.1123],[-1.20551,6.11572],[-1.19342,6.1225],[-1.2005,6.13287],[-1.18811,6.14447],[-1.18408,6.1441],[-1.17963,6.15631],[-1.18549,6.16913],[-1.18231,6.16748],[-1.17902,6.17389],[-1.18011,6.1803],[-1.18829,6.18408],[-1.18903,6.19348],[-1.1933,6.19952],[-1.18188,6.20471],[-1.17969,6.20227],[-1.16351,6.20508],[-1.15338,6.19928],[-1.13629,6.19952],[-1.12109,6.20972],[-1.12451,6.2453],[-1.11823,6.26947],[-1.12811,6.27271],[-1.1308,6.28009],[-1.12769,6.28589],[-1.138,6.29547],[-1.13031,6.29968],[-1.13141,6.31549],[-1.11279,6.32129],[-1.11951,6.32568],[-1.11261,6.33929],[-1.11139,6.35553],[-1.1051,6.35773],[-1.10211,6.36432],[-1.0694,6.3833],[-1.06769,6.38928],[-1.05481,6.39771],[-1.04303,6.40051],[-1.03552,6.4115],[-1.02301,6.40869],[-1.0108,6.41589],[-1.01569,6.42072],[-1.01721,6.43652],[-1.00641,6.44208],[-1.00769,6.44971],[-1.005,6.45172],[-1.01099,6.4671],[-0.99982,6.49951],[-0.98779,6.5163],[-0.97821,6.51831],[-0.9715,6.5351],[-0.96503,6.53992],[-0.95551,6.55951],[-0.94421,6.5647],[-0.93439,6.57471],[-0.9314,6.5835],[-0.914,6.59412],[-0.91492,6.60132],[-0.91058,6.60992],[-0.9184,6.62207],[-0.92291,6.6391],[-0.94342,6.63928],[-0.94751,6.62531],[-0.97101,6.6123],[-0.97668,6.61548],[-0.97711,6.63751],[-0.97272,6.64771],[-0.97693,6.65808],[-0.97382,6.68073],[-0.96051,6.69171],[-0.95062,6.70789],[-0.94702,6.72491],[-0.95178,6.73651],[-0.96283,6.74152],[-0.97351,6.73749],[-0.97949,6.73969],[-0.98492,6.74292],[-0.98212,6.74872],[-0.96008,6.7475],[-0.95532,6.75409],[-0.93121,6.75787],[-0.91528,6.76831],[-0.91479,6.77692],[-0.90631,6.77972],[-0.90253,6.78693],[-0.8808,6.77869],[-0.86621,6.78168],[-0.8479,6.77869],[-0.83221,6.79291],[-0.80243,6.78949],[-0.7901,6.7923],[-0.76691,6.83569],[-0.7583,6.8443],[-0.75482,6.86731],[-0.7572,6.92529],[-0.75311,6.93811],[-0.742,6.94891],[-0.72278,6.95251],[-0.69342,6.93951],[-0.65363,6.93127],[-0.6582,6.94067],[-0.65741,6.94733],[-0.63702,6.95312],[-0.60071,6.9483],[-0.58533,6.95093],[-0.57452,6.96271],[-0.57422,6.9787],[-0.56671,6.99847],[-0.56531,7.01947],[-0.58032,7.03809],[-0.59052,7.04431],[-0.59412,7.05212],[-0.6355,7.17389],[-0.61841,7.16571],[-0.6109,7.15448],[-0.5965,7.15009],[-0.58282,7.1507],[-0.56,7.1377],[-0.54199,7.1391],[-0.49469,7.12531],[-0.46179,7.1283],[-0.44122,7.1225],[-0.42731,7.12531],[-0.41919,7.11969],[-0.39038,7.1181],[-0.32239,7.14392],[-0.30103,7.17151],[-0.30499,7.17853],[-0.28821,7.18433],[-0.28601,7.1947],[-0.27972,7.1911],[-0.25922,7.19092],[-0.25659,7.1947],[-0.25043,7.1925],[-0.23932,7.20331],[-0.2215,7.21173],[-0.21692,7.20947]]]}},{"type":"Feature","properties":{"name":"Greater Accra","pcode":"GH07","level":"ADM1"},"geometry":{"type":"Polygon","coordinates":[[[0.23468,6.10968],[0.28491,6.08069],[0.2901,6.06311],[0.29712,6.05652],[0.33752,6.0473],[0.33209,6.03491],[0.34772,6.02228],[0.34052,6.01929],[0.33191,6.00708],[0.33148,5.99487],[0.35309,5.9859],[0.34448,5.95551],[0.3653,5.96008],[0.39532,5.96112],[0.43573,5.97632],[0.44092,5.98309],[0.44153,5.99548],[0.45251,6.00128],[0.48572,5.98993],[0.4859,5.97693],[0.49188,5.98071],[0.49231,5.9939],[0.52533,5.97791],[0.52472,5.9549],[0.5423,5.94891],[0.55109,5.92853],[0.54889,5.9245],[0.5517,5.92151],[0.56049,5.93988],[0.5827,5.9267],[0.58728,5.91431],[0.57568,5.90167],[0.60168,5.88867],[0.60712,5.87732],[0.61407,5.87531],[0.61548,5.86469],[0.63013,5.86749],[0.61951,5.85291],[0.6203,5.83612],[0.62268,5.83429],[0.64331,5.84052],[0.65411,5.8277],[0.65167,5.80688],[0.67871,5.79413],[0.6875,5.7771],[0.67651,5.77612],[0.67969,5.77173],[0.67792,5.76929],[0.6701,5.76849],[0.4585,5.78967],[0.33252,5.78351],[0.27228,5.77191],[0.25208,5.76593],[0.21869,5.74652],[0.18549,5.74353],[0.1405,5.72333],[0.1225,5.7063],[0.06787,5.69489],[0.06128,5.68573],[0.0459,5.67548],[0.04327,5.66333],[0.03192,5.65588],[0.0271,5.64587],[0.01727,5.64227],[0.00531,5.62549],[-0.02551,5.61407],[-0.0589,5.60687],[-0.07172,5.59253],[-0.09338,5.5849],[-0.10718,5.57269],[-0.18231,5.54688],[-0.19702,5.54492],[-0.21228,5.53247],[-0.3584,5.49768],[-0.40588,5.46973],[-0.40558,5.47949],[-0.40112,5.48633],[-0.40411,5.50787],[-0.41541,5.5379],[-0.41028,5.55652],[-0.40082,5.56689],[-0.42761,5.6051],[-0.42609,5.61072],[-0.43091,5.62073],[-0.4765,5.64532],[-0.49463,5.64471],[-0.49701,5.64752],[-0.49579,5.6601],[-0.50922,5.68311],[-0.51721,5.68732],[-0.51959,5.69489],[-0.5202,5.70428],[-0.50879,5.7149],[-0.51129,5.73431],[-0.50891,5.73669],[-0.49341,5.74731],[-0.49091,5.75348],[-0.44427,5.77789],[-0.44812,5.78912],[-0.43829,5.79968],[-0.42841,5.79309],[-0.42438,5.79413],[-0.41681,5.78729],[-0.41339,5.77252],[-0.39209,5.7583],[-0.38202,5.77612],[-0.36548,5.7627],[-0.35199,5.76727],[-0.3407,5.77808],[-0.33173,5.77832],[-0.32721,5.77307],[-0.31061,5.78931],[-0.2746,5.80811],[-0.26648,5.80713],[-0.25641,5.77789],[-0.24469,5.78528],[-0.2348,5.78271],[-0.23541,5.77271],[-0.24298,5.75909],[-0.22699,5.75208],[-0.22729,5.74353],[-0.224,5.74091],[-0.21802,5.75092],[-0.2135,5.75049],[-0.2038,5.75989],[-0.2019,5.78247],[-0.18201,5.79309],[-0.1723,5.80548],[-0.17188,5.81311],[-0.1546,5.81451],[-0.15009,5.8349],[-0.15289,5.8399],[-0.164,5.83868],[-0.1626,5.84229],[-0.14392,5.85492],[-0.1377,5.85132],[-0.13062,5.85272],[-0.12653,5.87488],[-0.11591,5.88568],[-0.0835,5.90729],[-0.06091,5.93311],[-0.04089,5.94409],[-0.00629,5.97131],[-0.00458,5.98572],[-0.00812,5.99353],[-0.01361,5.9967],[-0.01361,6.00128],[-0.00958,6.00909],[-0.00061,6.00787],[0.0061,6.01312],[0.01813,6.03967],[0.0191,6.06189],[0.03931,6.04871],[0.06268,6.05969],[0.0899,6.06311],[0.10229,6.07629],[0.14313,6.10089],[0.14648,6.10931],[0.19031,6.09692],[0.23468,6.10968]]]}},{"type":"Feature","properties":{"name":"North East","pcode":"GH09","level":"ADM1"},"geometry":{"type":"Polygon","coordinates":[[[-0.07831,10.69067],[-0.05981,10.6333],[-0.02191,10.62469],[-0.01038,10.61627],[0.0415,10.60107],[0.04291,10.59509],[0.0553,10.58429],[0.06049,10.56207],[0.11768,10.54132],[0.12793,10.53009],[0.14313,10.52588],[0.15112,10.48871],[0.15887,10.47449],[0.15649,10.46307],[0.17108,10.45172],[0.1673,10.44153],[0.16992,10.42987],[0.18927,10.41687],[0.19391,10.40308],[0.2077,10.40631],[0.20569,10.41748],[0.21692,10.4259],[0.23572,10.41309],[0.24408,10.41528],[0.25092,10.40948],[0.26331,10.40973],[0.26788,10.4115],[0.27252,10.4201],[0.2851,10.42133],[0.29028,10.40948],[0.29828,10.40887],[0.29968,10.40009],[0.30011,10.39392],[0.29108,10.3761],[0.3067,10.37109],[0.31232,10.3645],[0.31567,10.33832],[0.31873,10.3349],[0.32709,10.3399],[0.33368,10.33569],[0.33649,10.32892],[0.33691,10.32471],[0.3233,10.31927],[0.31708,10.31073],[0.32507,10.30713],[0.3327,10.31128],[0.34772,10.30792],[0.35431,10.31329],[0.36713,10.31091],[0.38788,10.31592],[0.3963,10.31348],[0.39752,10.30573],[0.38812,10.30371],[0.37689,10.28772],[0.36969,10.28473],[0.38129,10.27533],[0.37311,10.26709],[0.36267,10.26331],[0.36072,10.22052],[0.35553,10.21448],[0.35571,10.20251],[0.35107,10.1911],[0.35071,10.16711],[0.36292,10.14172],[0.35211,10.10852],[0.35553,10.09192],[0.36548,10.08533],[0.39447,10.08087],[0.4173,10.05768],[0.41107,10.02271],[0.40253,10.02051],[0.39172,10.02667],[0.37451,10.02771],[0.36432,10.0343],[0.36072,10.03052],[0.36389,10.01251],[0.35773,9.99249],[0.3689,9.96552],[0.38611,9.9483],[0.38629,9.93927],[0.3833,9.93707],[0.3645,9.93213],[0.3623,9.94012],[0.34912,9.94849],[0.34772,9.9397],[0.32648,9.94348],[0.32428,9.96191],[0.30908,9.96191],[0.30267,9.9765],[0.27509,9.97272],[0.26233,9.96112],[0.25812,9.96332],[0.23529,9.95752],[0.20532,9.96088],[0.1889,9.96729],[0.1897,9.97491],[0.18451,9.97852],[0.15491,9.98529],[0.13049,9.95929],[0.12891,9.97009],[0.12549,9.97131],[0.11371,9.97192],[0.10669,9.96771],[0.0979,9.97211],[0.08588,9.96649],[0.0705,9.96613],[0.07172,9.97571],[0.06348,9.9989],[0.0705,10.00171],[0.08228,9.99872],[0.1087,10.00531],[0.11908,10.01709],[0.12408,10.03912],[0.11328,10.0733],[0.11749,10.08411],[0.10651,10.11932],[0.11047,10.1297],[0.0979,10.13849],[0.09113,10.15088],[0.08112,10.15729],[0.0719,10.17169],[0.06549,10.1723],[0.06152,10.17987],[0.06592,10.20032],[0.0755,10.20428],[0.0835,10.21307],[0.07672,10.2265],[0.0813,10.23651],[0.09052,10.24408],[0.09009,10.24933],[0.08228,10.25592],[0.07593,10.29053],[0.07391,10.2937],[0.0589,10.29431],[0.04791,10.3363],[0.0495,10.34253],[0.03351,10.3363],[0.02991,10.33789],[0.02393,10.33289],[-0.0188,10.32831],[-0.02612,10.31812],[-0.0282,10.30811],[-0.0293,10.28729],[-0.02509,10.27332],[-0.07233,10.2951],[-0.0882,10.2951],[-0.08649,10.28967],[-0.09448,10.27032],[-0.11963,10.28833],[-0.14832,10.29449],[-0.15491,10.29272],[-0.16699,10.28192],[-0.1933,10.27667],[-0.20312,10.26672],[-0.23907,10.28729],[-0.25598,10.28491],[-0.26782,10.27692],[-0.29651,10.29132],[-0.31622,10.28967],[-0.35199,10.27509],[-0.3587,10.26233],[-0.37231,10.27612],[-0.38501,10.29712],[-0.45453,10.3017],[-0.48151,10.32629],[-0.49371,10.32593],[-0.50531,10.31451],[-0.505,10.29272],[-0.49792,10.27972],[-0.49908,10.27087],[-0.50372,10.27032],[-0.50513,10.26648],[-0.50171,10.25928],[-0.5094,10.25568],[-0.5097,10.25067],[-0.49902,10.23749],[-0.50299,10.2403],[-0.50958,10.23712],[-0.51251,10.24268],[-0.5152,10.2417],[-0.51532,10.24689],[-0.51929,10.24591],[-0.52191,10.23529],[-0.53119,10.2511],[-0.53412,10.26593],[-0.54059,10.26111],[-0.54688,10.2373],[-0.5415,10.2323],[-0.54108,10.22571],[-0.54761,10.21051],[-0.55823,10.19733],[-0.5899,10.17273],[-0.59912,10.16028],[-0.6239,10.16492],[-0.6333,10.18311],[-0.6463,10.18927],[-0.65009,10.18152],[-0.65308,10.18268],[-0.65271,10.19189],[-0.6579,10.19208],[-0.66821,10.17969],[-0.68121,10.18109],[-0.68341,10.1889],[-0.68622,10.18408],[-0.69049,10.18292],[-0.69281,10.18707],[-0.70428,10.17828],[-0.70929,10.17749],[-0.7132,10.18292],[-0.71808,10.1767],[-0.71338,10.17548],[-0.71259,10.16388],[-0.73358,10.1701],[-0.73669,10.16772],[-0.73248,10.1615],[-0.7442,10.16687],[-0.74878,10.16052],[-0.75763,10.16052],[-0.76349,10.16431],[-0.77258,10.15527],[-0.7804,10.15509],[-0.78351,10.14227],[-0.78491,10.14972],[-0.78821,10.15167],[-0.79401,10.14569],[-0.80188,10.15613],[-0.82123,10.12549],[-0.82031,10.11932],[-0.83649,10.12189],[-0.83771,10.13153],[-0.85291,10.12891],[-0.85553,10.12567],[-0.84949,10.11469],[-0.8559,10.11212],[-0.85822,10.10388],[-0.86829,10.09528],[-0.85968,10.0885],[-0.85889,10.08411],[-0.86963,10.07373],[-0.8642,10.05688],[-0.87048,10.05487],[-0.88129,10.05933],[-0.88251,10.05011],[-0.88861,10.05151],[-0.89069,10.0481],[-0.8866,10.03589],[-0.89502,10.03351],[-0.89673,10.02087],[-0.90942,10.02368],[-0.9115,10.01147],[-0.91821,10.01312],[-0.92187,10.00189],[-0.93689,10.01147],[-0.94,10.0097],[-0.94232,9.99811],[-0.94061,9.98993],[-0.95428,9.99292],[-0.96161,9.99109],[-0.97241,9.96527],[-0.97052,9.95789],[-0.98273,9.96289],[-0.9848,9.95972],[-0.98169,9.94513],[-0.99152,9.9455],[-0.99091,9.9519],[-1.00232,9.96729],[-0.99908,9.97449],[-0.9881,9.98291],[-0.98907,10.00348],[-1.00281,10.01208],[-1.00281,10.01868],[-1.01251,10.0285],[-1.01489,10.04108],[-1.02661,10.06348],[-1.02441,10.07391],[-1.01208,10.07751],[-1.01031,10.08087],[-1.01221,10.09308],[-1.01862,10.09991],[-1.03131,10.09808],[-1.06909,10.10608],[-1.06122,10.11249],[-1.06219,10.11987],[-1.08893,10.12231],[-1.09363,10.13373],[-1.08838,10.1499],[-1.07953,10.15668],[-1.0636,10.15527],[-1.05719,10.15833],[-1.07233,10.17328],[-1.09448,10.18451],[-1.1109,10.18652],[-1.12341,10.1507],[-1.13129,10.1413],[-1.12201,10.13031],[-1.12622,10.11548],[-1.13068,10.11267],[-1.13959,10.11792],[-1.14441,10.11688],[-1.20941,10.08893],[-1.22839,10.06232],[-1.23932,10.03967],[-1.23608,10.03009],[-1.2403,10.02612],[-1.25751,10.03552],[-1.27618,10.03168],[-1.27972,10.03809],[-1.28711,10.03668],[-1.30157,10.04968],[-1.3092,10.06488],[-1.32141,10.06592],[-1.3559,10.08051],[-1.37219,10.09491],[-1.38361,10.09027],[-1.40369,10.09351],[-1.41193,10.08948],[-1.4375,10.10309],[-1.46692,10.1037],[-1.50311,10.08447],[-1.51709,10.0863],[-1.52448,10.08331],[-1.53241,10.07391],[-1.54602,10.07068],[-1.5517,10.09332],[-1.55731,10.09729],[-1.56018,10.09113],[-1.57831,10.08911],[-1.58801,10.07831],[-1.58789,10.10071],[-1.59473,10.10669],[-1.59351,10.11432],[-1.60071,10.13287],[-1.62201,10.13428],[-1.63531,10.15289],[-1.65479,10.16211],[-1.66479,10.17432],[-1.6604,10.17853],[-1.66248,10.18652],[-1.65131,10.2005],[-1.64691,10.21649],[-1.61981,10.26868],[-1.57031,10.35553],[-1.51782,10.40588],[-1.47461,10.43372],[-1.44562,10.4613],[-1.43341,10.4671],[-1.42908,10.46411],[-1.41779,10.46771],[-1.40161,10.4845],[-1.37421,10.46289],[-1.37421,10.45868],[-1.37878,10.45673],[-1.37769,10.45288],[-1.36261,10.43591],[-1.3645,10.42987],[-1.3714,10.42651],[-1.36407,10.4209],[-1.36621,10.41528],[-1.3736,10.4057],[-1.38428,10.40472],[-1.37921,10.3891],[-1.37323,10.38208],[-1.3512,10.37347],[-1.34491,10.36432],[-1.3446,10.35107],[-1.34778,10.34833],[-1.3418,10.34387],[-1.3349,10.34668],[-1.32452,10.33929],[-1.3255,10.33252],[-1.28522,10.32233],[-1.27271,10.32208],[-1.27283,10.32568],[-1.26959,10.32593],[-1.27118,10.31549],[-1.25531,10.30029],[-1.2569,10.29053],[-1.2536,10.27808],[-1.25,10.2785],[-1.22888,10.28851],[-1.23138,10.29187],[-1.22308,10.29608],[-1.22321,10.30328],[-1.21759,10.30829],[-1.21112,10.3241],[-1.21399,10.3443],[-1.23212,10.36713],[-1.2345,10.37988],[-1.22852,10.39032],[-1.16559,10.41272],[-1.13239,10.45892],[-1.0965,10.48328],[-1.0708,10.49109],[-1.06549,10.49792],[-1.05688,10.49811],[-1.04089,10.52087],[-1.03058,10.52893],[-1.00842,10.53809],[-0.97931,10.53229],[-0.96698,10.53693],[-0.9585,10.52893],[-0.94849,10.53369],[-0.9306,10.52472],[-0.91351,10.52808],[-0.90887,10.5191],[-0.93481,10.4859],[-0.93231,10.48071],[-0.9234,10.4823],[-0.91199,10.4989],[-0.8916,10.51788],[-0.90851,10.5611],[-0.90918,10.57593],[-0.87482,10.59473],[-0.86108,10.59167],[-0.85492,10.58173],[-0.84229,10.57629],[-0.83838,10.60052],[-0.82397,10.60089],[-0.79791,10.61969],[-0.79687,10.64532],[-0.79382,10.65088],[-0.7782,10.65228],[-0.7547,10.6405],[-0.72748,10.65167],[-0.71191,10.64111],[-0.7063,10.62073],[-0.71838,10.6145],[-0.71881,10.60809],[-0.71368,10.60071],[-0.6936,10.5885],[-0.68628,10.57013],[-0.68958,10.56091],[-0.71472,10.53772],[-0.71558,10.52991],[-0.7085,10.5235],[-0.70453,10.52393],[-0.70111,10.5343],[-0.69019,10.54272],[-0.68359,10.52832],[-0.66718,10.52588],[-0.65308,10.5495],[-0.64008,10.55573],[-0.62958,10.55292],[-0.61823,10.55548],[-0.59167,10.54669],[-0.57751,10.55072],[-0.56848,10.5639],[-0.55438,10.57172],[-0.52643,10.55811],[-0.51532,10.56128],[-0.50842,10.56769],[-0.50702,10.60748],[-0.50159,10.62048],[-0.49609,10.62433],[-0.46912,10.61829],[-0.45239,10.60168],[-0.44312,10.59991],[-0.39691,10.60809],[-0.36511,10.62531],[-0.35541,10.62549],[-0.34741,10.61932],[-0.33289,10.62433],[-0.31219,10.62292],[-0.30011,10.63312],[-0.2785,10.6391],[-0.26038,10.63232],[-0.25769,10.63831],[-0.2356,10.64893],[-0.23059,10.65509],[-0.20459,10.65833],[-0.18341,10.66949],[-0.15179,10.67291],[-0.13861,10.68268],[-0.12292,10.68671],[-0.11218,10.69427],[-0.10809,10.70148],[-0.09088,10.71033],[-0.07831,10.69067]]]}},{"type":"Feature","properties":{"name":"Northern","pcode":"GH08","level":"ADM1"},"geometry":{"type":"Polygon","coordinates":[[[0.04791,10.3363],[0.0589,10.29431],[0.07391,10.2937],[0.0777,10.28729],[0.08228,10.25592],[0.09009,10.24933],[0.09052,10.24408],[0.0813,10.23651],[0.07672,10.2265],[0.0835,10.21307],[0.0755,10.20428],[0.06592,10.20032],[0.06152,10.17987],[0.06549,10.1723],[0.0719,10.17169],[0.08112,10.15729],[0.09113,10.15088],[0.0979,10.13849],[0.11047,10.1297],[0.10651,10.11932],[0.11749,10.08411],[0.11328,10.0733],[0.12408,10.03912],[0.11908,10.01709],[0.1087,10.00531],[0.08228,9.99872],[0.0705,10.00171],[0.06348,9.9989],[0.07172,9.97571],[0.0705,9.96613],[0.08588,9.96649],[0.0979,9.97211],[0.10669,9.96771],[0.11371,9.97192],[0.12549,9.97131],[0.12891,9.97009],[0.13049,9.95929],[0.15491,9.98529],[0.18451,9.97852],[0.1897,9.97491],[0.1889,9.96729],[0.20532,9.96088],[0.23529,9.95752],[0.25812,9.96332],[0.26233,9.96112],[0.27509,9.97272],[0.30267,9.9765],[0.30908,9.96191],[0.32428,9.96191],[0.32648,9.94348],[0.34772,9.9397],[0.34912,9.94849],[0.36407,9.93652],[0.3645,9.93213],[0.35468,9.92047],[0.3515,9.9043],[0.3515,9.88312],[0.35809,9.84851],[0.33087,9.79309],[0.33472,9.77728],[0.32611,9.77448],[0.3299,9.75891],[0.31952,9.7265],[0.3429,9.7179],[0.35071,9.69513],[0.35193,9.6767],[0.36133,9.67468],[0.36768,9.66467],[0.36792,9.65692],[0.38153,9.64429],[0.37311,9.6073],[0.38232,9.59229],[0.36908,9.57788],[0.3559,9.5733],[0.32709,9.57928],[0.32013,9.57629],[0.2887,9.57672],[0.26489,9.56769],[0.2533,9.57452],[0.2403,9.57452],[0.23492,9.54688],[0.23688,9.53473],[0.24292,9.52448],[0.25671,9.51892],[0.28387,9.5249],[0.29053,9.5235],[0.30652,9.51489],[0.31049,9.50488],[0.28967,9.4903],[0.27692,9.48853],[0.27008,9.47968],[0.2547,9.47827],[0.23511,9.4881],[0.23053,9.48749],[0.22711,9.4809],[0.22913,9.46332],[0.24249,9.4491],[0.24811,9.43768],[0.25928,9.43347],[0.2605,9.42969],[0.27667,9.42871],[0.31189,9.44531],[0.33752,9.45288],[0.34668,9.47449],[0.34448,9.48712],[0.35931,9.49829],[0.38989,9.49213],[0.40649,9.49432],[0.4165,9.50171],[0.43073,9.4989],[0.44708,9.5011],[0.4635,9.49127],[0.48969,9.48633],[0.50208,9.47412],[0.50531,9.46613],[0.49628,9.44952],[0.50067,9.43927],[0.52148,9.43848],[0.52533,9.43127],[0.5517,9.42371],[0.55511,9.42188],[0.55731,9.41168],[0.5647,9.4071],[0.56311,9.35449],[0.5531,9.34448],[0.56311,9.32452],[0.55988,9.30573],[0.54053,9.30652],[0.53748,9.30188],[0.54071,9.30133],[0.51593,9.27289],[0.50848,9.25812],[0.52051,9.22791],[0.53912,9.2135],[0.52411,9.19513],[0.51208,9.1651],[0.50189,9.1543],[0.49371,9.15491],[0.47809,9.1441],[0.48529,9.1225],[0.48547,9.10352],[0.45947,9.07251],[0.46429,9.07208],[0.46271,9.0553],[0.4563,9.05511],[0.45551,9.03571],[0.46307,9.03351],[0.47052,9.01727],[0.46991,9.00848],[0.49432,8.95728],[0.50671,8.95007],[0.5141,8.9353],[0.5097,8.91748],[0.5141,8.90131],[0.52631,8.88092],[0.52692,8.87671],[0.52069,8.87231],[0.51813,8.8631],[0.52112,8.85632],[0.51868,8.85309],[0.51007,8.85553],[0.50732,8.84833],[0.49628,8.83868],[0.50092,8.82971],[0.49628,8.8233],[0.50012,8.8147],[0.49829,8.81171],[0.49109,8.8009],[0.47211,8.79889],[0.46832,8.79291],[0.45929,8.80292],[0.45892,8.80988],[0.4469,8.81012],[0.44312,8.80212],[0.43073,8.7973],[0.43127,8.7923],[0.43951,8.79291],[0.43872,8.78473],[0.4259,8.78027],[0.42151,8.79089],[0.40631,8.7937],[0.3985,8.79053],[0.39288,8.79547],[0.38531,8.79132],[0.38232,8.79529],[0.38068,8.76929],[0.38971,8.76172],[0.40088,8.75812],[0.39832,8.75452],[0.37567,8.75409],[0.38428,8.74249],[0.37372,8.73572],[0.35327,8.74188],[0.34692,8.73993],[0.35992,8.72467],[0.35913,8.71973],[0.35388,8.71887],[0.34332,8.72009],[0.34253,8.72827],[0.33832,8.73053],[0.32288,8.72949],[0.31451,8.73413],[0.30151,8.72668],[0.29749,8.74213],[0.29352,8.74127],[0.29132,8.73291],[0.28748,8.73328],[0.28387,8.72467],[0.27991,8.7251],[0.27051,8.7309],[0.26971,8.73969],[0.25732,8.7467],[0.24487,8.74109],[0.23767,8.75189],[0.23187,8.7533],[0.2229,8.74988],[0.21252,8.75427],[0.19928,8.74432],[0.1875,8.74652],[0.18707,8.74188],[0.18372,8.74231],[0.18091,8.76208],[0.1709,8.76532],[0.17432,8.77032],[0.17212,8.7735],[0.16791,8.77393],[0.1665,8.77051],[0.1665,8.75391],[0.18213,8.7215],[0.18073,8.71051],[0.1687,8.70172],[0.13867,8.6687],[0.13611,8.65271],[0.1391,8.63953],[0.14728,8.62952],[0.16968,8.61572],[0.17188,8.5993],[0.16992,8.59491],[0.14752,8.58868],[0.13287,8.60291],[0.12689,8.60468],[0.11029,8.59412],[0.09912,8.5697],[0.09448,8.55109],[0.08209,8.52771],[0.08948,8.51727],[0.09387,8.50171],[0.12091,8.48547],[0.08173,8.46088],[0.0907,8.4455],[0.0929,8.42749],[0.08649,8.40332],[0.10468,8.39008],[0.12488,8.38287],[0.16528,8.39111],[0.20752,8.4101],[0.22308,8.4071],[0.24432,8.38647],[0.24512,8.36731],[0.24292,8.35413],[0.23529,8.34387],[0.20471,8.34149],[0.19128,8.33392],[0.18628,8.32727],[0.1853,8.32269],[0.19672,8.3017],[0.19788,8.2923],[0.19391,8.2533],[0.16193,8.24152],[0.1449,8.24091],[0.12372,8.2309],[0.12988,8.21472],[0.1167,8.21912],[0.11469,8.22827],[0.10608,8.22571],[0.09528,8.2301],[0.07953,8.22412],[0.08588,8.23273],[0.09491,8.23309],[0.10431,8.23969],[0.0907,8.26727],[0.08313,8.27228],[0.0799,8.2807],[0.06152,8.2821],[0.05188,8.29108],[0.01007,8.29889],[-0.00208,8.3197],[-0.0379,8.33447],[-0.03912,8.34528],[-0.04572,8.35107],[-0.06519,8.35052],[-0.06769,8.34113],[-0.08331,8.33752],[-0.08698,8.33289],[-0.11023,8.3349],[-0.11462,8.29669],[-0.12451,8.27307],[-0.12762,8.27271],[-0.14178,8.27228],[-0.1424,8.2807],[-0.14832,8.29028],[-0.159,8.29907],[-0.16321,8.31207],[-0.18311,8.33691],[-0.18561,8.35571],[-0.18872,8.35773],[-0.19409,8.34912],[-0.21033,8.3501],[-0.21912,8.33832],[-0.24109,8.34192],[-0.2478,8.33392],[-0.26361,8.33447],[-0.26788,8.32593],[-0.27789,8.32013],[-0.3078,8.32068],[-0.32611,8.33911],[-0.30609,8.35809],[-0.30011,8.35352],[-0.26752,8.35028],[-0.25531,8.3501],[-0.2525,8.35291],[-0.24939,8.3797],[-0.23871,8.39771],[-0.2348,8.41388],[-0.21979,8.44647],[-0.21918,8.45453],[-0.23578,8.4599],[-0.2428,8.47272],[-0.2301,8.47528],[-0.21222,8.4707],[-0.21161,8.48413],[-0.20813,8.48669],[-0.19922,8.48169],[-0.19568,8.48389],[-0.20691,8.49353],[-0.19983,8.52307],[-0.20679,8.52808],[-0.20642,8.53748],[-0.19659,8.55109],[-0.1991,8.55389],[-0.21362,8.55292],[-0.22388,8.5697],[-0.22821,8.56769],[-0.2345,8.5719],[-0.23859,8.55988],[-0.25677,8.5553],[-0.26093,8.54791],[-0.26819,8.54529],[-0.27539,8.55713],[-0.2948,8.54187],[-0.29749,8.5473],[-0.30402,8.5365],[-0.31049,8.53748],[-0.31299,8.52911],[-0.31842,8.5351],[-0.33551,8.53113],[-0.33661,8.53851],[-0.34882,8.55713],[-0.34961,8.5611],[-0.3443,8.56732],[-0.35468,8.57068],[-0.3634,8.5827],[-0.35858,8.5993],[-0.37189,8.58771],[-0.37329,8.59772],[-0.37872,8.59692],[-0.3811,8.59271],[-0.39508,8.59351],[-0.39929,8.60229],[-0.40332,8.60388],[-0.40698,8.59851],[-0.41101,8.60071],[-0.40991,8.60809],[-0.41461,8.60828],[-0.41632,8.61292],[-0.41278,8.62549],[-0.42041,8.64911],[-0.42401,8.64972],[-0.43091,8.64288],[-0.43512,8.6449],[-0.43268,8.65588],[-0.43958,8.66351],[-0.44708,8.66248],[-0.45312,8.67511],[-0.45801,8.67749],[-0.47021,8.67212],[-0.47571,8.6825],[-0.48419,8.68188],[-0.48633,8.68628],[-0.48621,8.70349],[-0.48969,8.70428],[-0.49042,8.71033],[-0.48779,8.72247],[-0.4751,8.73389],[-0.45782,8.72168],[-0.4483,8.72791],[-0.43182,8.71753],[-0.43182,8.72809],[-0.41211,8.73389],[-0.40869,8.73212],[-0.41272,8.71228],[-0.41101,8.70911],[-0.4071,8.71448],[-0.40491,8.70752],[-0.39478,8.71191],[-0.38159,8.71088],[-0.38342,8.72308],[-0.37,8.72308],[-0.3667,8.73132],[-0.37219,8.74353],[-0.36401,8.7453],[-0.3465,8.75787],[-0.33649,8.75311],[-0.32971,8.74268],[-0.31622,8.75012],[-0.31421,8.76349],[-0.30823,8.76892],[-0.3064,8.79431],[-0.30341,8.79492],[-0.29608,8.81152],[-0.29889,8.81787],[-0.32013,8.81848],[-0.32269,8.83411],[-0.33533,8.83789],[-0.34253,8.84631],[-0.34369,8.85492],[-0.33911,8.86108],[-0.34253,8.8623],[-0.34198,8.86591],[-0.33459,8.8667],[-0.32971,8.86011],[-0.32629,8.86267],[-0.31042,8.85828],[-0.2998,8.86108],[-0.29541,8.8653],[-0.30261,8.88409],[-0.28888,8.88812],[-0.28009,8.89612],[-0.28088,8.8999],[-0.27209,8.90271],[-0.25568,8.90131],[-0.24371,8.90991],[-0.24823,8.91711],[-0.2381,8.92047],[-0.24103,8.93048],[-0.23761,8.93793],[-0.22198,8.93591],[-0.21301,8.94611],[-0.20038,8.94769],[-0.1955,8.97528],[-0.20441,9.00348],[-0.211,9.01233],[-0.20831,9.02533],[-0.21832,9.03271],[-0.21252,9.04468],[-0.21301,9.05133],[-0.20502,9.06207],[-0.21161,9.07971],[-0.20831,9.08289],[-0.20691,9.10449],[-0.20178,9.1095],[-0.21912,9.11047],[-0.2265,9.1217],[-0.23712,9.11951],[-0.2514,9.12927],[-0.25922,9.12732],[-0.28082,9.13733],[-0.29608,9.1767],[-0.30621,9.18127],[-0.30969,9.19269],[-0.32452,9.20929],[-0.33948,9.2113],[-0.35822,9.22308],[-0.39209,9.23529],[-0.4259,9.22272],[-0.43591,9.23108],[-0.4693,9.24268],[-0.47601,9.24792],[-0.49109,9.25049],[-0.51031,9.26208],[-0.51141,9.27472],[-0.5202,9.28192],[-0.53571,9.27509],[-0.54352,9.27612],[-0.56628,9.28833],[-0.58008,9.31653],[-0.59399,9.32831],[-0.6037,9.32312],[-0.61078,9.31207],[-0.62811,9.30768],[-0.63562,9.31189],[-0.63452,9.3183],[-0.65192,9.31531],[-0.68341,9.32532],[-0.6886,9.31091],[-0.70978,9.32471],[-0.71539,9.32471],[-0.71759,9.31592],[-0.71161,9.30548],[-0.71283,9.29309],[-0.69788,9.28333],[-0.76532,9.29688],[-0.79492,9.30872],[-0.80481,9.3183],[-0.82312,9.31049],[-0.83282,9.29791],[-0.8476,9.29828],[-0.84991,9.3045],[-0.85889,9.30591],[-0.87061,9.30591],[-0.87903,9.3017],[-0.88611,9.30969],[-0.92639,9.29633],[-0.93231,9.29871],[-0.93573,9.29492],[-0.96008,9.30469],[-0.96429,9.33472],[-0.9751,9.33588],[-0.99579,9.32892],[-1.01758,9.31372],[-1.02039,9.31531],[-1.01611,9.33032],[-1.03931,9.34412],[-1.04993,9.33948],[-1.05951,9.32788],[-1.0755,9.32593],[-1.10028,9.30969],[-1.10468,9.3089],[-1.11981,9.31769],[-1.16821,9.32092],[-1.19879,9.30511],[-1.20251,9.30768],[-1.2121,9.29968],[-1.22778,9.29572],[-1.23999,9.28748],[-1.25403,9.3031],[-1.25861,9.31769],[-1.26831,9.33209],[-1.26129,9.33252],[-1.2644,9.3421],[-1.2561,9.35272],[-1.2572,9.3595],[-1.24591,9.38708],[-1.2428,9.41852],[-1.25012,9.42749],[-1.28131,9.50989],[-1.29712,9.52173],[-1.31158,9.53888],[-1.3147,9.54932],[-1.37341,9.61011],[-1.36621,9.61829],[-1.32953,9.63391],[-1.33051,9.64331],[-1.315,9.6521],[-1.32312,9.65631],[-1.31982,9.68408],[-1.32648,9.69769],[-1.33801,9.70587],[-1.34888,9.72949],[-1.34601,9.75372],[-1.35059,9.76532],[-1.34802,9.77509],[-1.3515,9.79449],[-1.34833,9.80371],[-1.34088,9.80829],[-1.33112,9.80811],[-1.32343,9.80029],[-1.3103,9.80188],[-1.3136,9.81311],[-1.30841,9.82068],[-1.30591,9.81268],[-1.29431,9.80627],[-1.28638,9.80231],[-1.27319,9.80231],[-1.26471,9.8147],[-1.26318,9.82349],[-1.23859,9.82831],[-1.21942,9.81268],[-1.2132,9.79871],[-1.19702,9.79608],[-1.18671,9.80011],[-1.17529,9.79053],[-1.17371,9.80792],[-1.1698,9.81451],[-1.1731,9.82013],[-1.16602,9.83447],[-1.16058,9.8595],[-1.16431,9.87408],[-1.18188,9.89771],[-1.17621,9.92328],[-1.17871,9.93768],[-1.1767,9.94989],[-1.16388,9.95227],[-1.12561,9.9295],[-1.10937,9.92767],[-1.12451,9.9585],[-1.13501,9.96393],[-1.14178,9.97888],[-1.15662,9.97791],[-1.17981,9.99127],[-1.19708,9.99469],[-1.21033,10.0061],[-1.22748,10.00873],[-1.2403,10.02612],[-1.23608,10.03009],[-1.23932,10.03967],[-1.22839,10.06232],[-1.20941,10.08893],[-1.14441,10.11688],[-1.13959,10.11792],[-1.13068,10.11267],[-1.12622,10.11548],[-1.12201,10.13031],[-1.13129,10.1413],[-1.12341,10.1507],[-1.1109,10.18652],[-1.09448,10.18451],[-1.07971,10.17731],[-1.05719,10.15833],[-1.0636,10.15527],[-1.07953,10.15668],[-1.08838,10.1499],[-1.09363,10.13373],[-1.08893,10.12231],[-1.06219,10.11987],[-1.06122,10.11249],[-1.06909,10.10608],[-1.03131,10.09808],[-1.01862,10.09991],[-1.01221,10.09308],[-1.01031,10.08087],[-1.01208,10.07751],[-1.02441,10.07391],[-1.02661,10.06348],[-1.01489,10.04108],[-1.01251,10.0285],[-1.00281,10.01868],[-1.00281,10.01208],[-0.98907,10.00348],[-0.9881,9.98291],[-0.99908,9.97449],[-1.00232,9.96729],[-0.99091,9.9519],[-0.99152,9.9455],[-0.98169,9.94513],[-0.9848,9.95972],[-0.98273,9.96289],[-0.97052,9.95789],[-0.97241,9.96527],[-0.96161,9.99109],[-0.95428,9.99292],[-0.94061,9.98993],[-0.94232,9.99811],[-0.94,10.0097],[-0.93689,10.01147],[-0.92187,10.00189],[-0.91821,10.01312],[-0.9115,10.01147],[-0.90942,10.02368],[-0.89673,10.02087],[-0.89502,10.03351],[-0.8866,10.03589],[-0.89069,10.0481],[-0.88861,10.05151],[-0.88251,10.05011],[-0.88129,10.05933],[-0.87048,10.05487],[-0.8642,10.05688],[-0.86963,10.07373],[-0.85889,10.08411],[-0.85968,10.0885],[-0.86829,10.09528],[-0.85822,10.10388],[-0.8559,10.11212],[-0.84949,10.11469],[-0.85553,10.12567],[-0.85291,10.12891],[-0.83771,10.13153],[-0.83649,10.12189],[-0.82031,10.11932],[-0.82123,10.12549],[-0.80188,10.15613],[-0.79401,10.14569],[-0.78821,10.15167],[-0.78491,10.14972],[-0.78351,10.14227],[-0.7804,10.15509],[-0.77258,10.15527],[-0.76349,10.16431],[-0.75763,10.16052],[-0.74878,10.16052],[-0.7442,10.16687],[-0.73248,10.1615],[-0.73669,10.16772],[-0.73358,10.1701],[-0.71259,10.16388],[-0.71338,10.17548],[-0.71808,10.1767],[-0.7132,10.18292],[-0.70929,10.17749],[-0.70428,10.17828],[-0.69281,10.18707],[-0.69049,10.18292],[-0.68622,10.18408],[-0.68341,10.1889],[-0.68121,10.18109],[-0.66821,10.17969],[-0.6579,10.19208],[-0.65271,10.19189],[-0.65308,10.18268],[-0.65009,10.18152],[-0.6463,10.18927],[-0.6333,10.18311],[-0.6239,10.16492],[-0.59912,10.16028],[-0.5899,10.17273],[-0.55823,10.19733],[-0.54761,10.21051],[-0.54108,10.22571],[-0.5415,10.2323],[-0.54688,10.2373],[-0.54059,10.26111],[-0.53412,10.26593],[-0.53119,10.2511],[-0.52191,10.23529],[-0.51929,10.24591],[-0.51532,10.24689],[-0.5152,10.2417],[-0.51251,10.24268],[-0.50958,10.23712],[-0.50299,10.2403],[-0.49902,10.23749],[-0.5097,10.25067],[-0.5094,10.25568],[-0.50171,10.25928],[-0.50513,10.26648],[-0.50372,10.27032],[-0.49908,10.27087],[-0.49792,10.27972],[-0.505,10.29272],[-0.50531,10.31451],[-0.49371,10.32593],[-0.48151,10.32629],[-0.45453,10.3017],[-0.38501,10.29712],[-0.37231,10.27612],[-0.3587,10.26233],[-0.35199,10.27509],[-0.31018,10.29089],[-0.29651,10.29132],[-0.26782,10.27692],[-0.25598,10.28491],[-0.23907,10.28729],[-0.20312,10.26672],[-0.1933,10.27667],[-0.16699,10.28192],[-0.15491,10.29272],[-0.14832,10.29449],[-0.11963,10.28833],[-0.09448,10.27032],[-0.08649,10.28967],[-0.0882,10.2951],[-0.07233,10.2951],[-0.02509,10.27332],[-0.0293,10.28729],[-0.0282,10.30811],[-0.02612,10.31812],[-0.0188,10.32831],[0.02393,10.33289],[0.02991,10.33789],[0.03351,10.3363],[0.0495,10.34253],[0.04791,10.3363]]]}},{"type":"Feature","properties":{"name":"Oti","pcode":"GH10","level":"ADM1"},"geometry":{"type":"Polygon","coordinates":[[[0.18707,8.74188],[0.1875,8.74652],[0.19928,8.74432],[0.21252,8.75427],[0.2229,8.74988],[0.23187,8.7533],[0.23767,8.75189],[0.24487,8.74109],[0.25732,8.7467],[0.26971,8.73969],[0.27051,8.7309],[0.27991,8.7251],[0.28387,8.72467],[0.28748,8.73328],[0.29132,8.73291],[0.29352,8.74127],[0.29749,8.74213],[0.30151,8.72668],[0.31451,8.73413],[0.32288,8.72949],[0.33832,8.73053],[0.34253,8.72827],[0.34332,8.72009],[0.34991,8.71887],[0.35913,8.71973],[0.35992,8.72467],[0.34692,8.73993],[0.35327,8.74188],[0.37372,8.73572],[0.38232,8.73969],[0.46948,8.60028],[0.47668,8.59528],[0.48352,8.5979],[0.4931,8.59613],[0.50171,8.57489],[0.5069,8.57391],[0.51489,8.56549],[0.52991,8.5697],[0.54089,8.55731],[0.55908,8.55011],[0.56451,8.54492],[0.57208,8.52667],[0.58331,8.52869],[0.59131,8.51672],[0.60193,8.51813],[0.62488,8.5105],[0.62872,8.5083],[0.62732,8.49988],[0.62988,8.49731],[0.6405,8.4975],[0.64551,8.49329],[0.64532,8.47607],[0.65491,8.45691],[0.65228,8.42151],[0.68549,8.41107],[0.6889,8.40527],[0.69531,8.4035],[0.6933,8.39551],[0.7049,8.39349],[0.69971,8.3891],[0.7085,8.3847],[0.71033,8.35248],[0.71692,8.35071],[0.7179,8.34473],[0.72888,8.34088],[0.7309,8.29449],[0.72632,8.2821],[0.68292,8.27972],[0.68188,8.2663],[0.67352,8.25909],[0.63892,8.26068],[0.63812,8.24628],[0.62512,8.23431],[0.62549,8.22491],[0.6189,8.21552],[0.61072,8.21631],[0.59027,8.20709],[0.59253,8.1925],[0.60327,8.18152],[0.61328,8.18433],[0.61389,8.18011],[0.60773,8.17249],[0.61133,8.15411],[0.60687,8.13892],[0.59332,8.1391],[0.59149,8.13629],[0.5943,8.1275],[0.59192,8.10327],[0.58569,8.10107],[0.58508,8.09332],[0.59308,8.06171],[0.59747,8.06152],[0.59869,8.05731],[0.59473,8.03888],[0.60052,8.02612],[0.60968,8.0271],[0.62231,8.01251],[0.62073,8.00787],[0.6131,8.0047],[0.61768,7.96588],[0.62329,7.96173],[0.62128,7.93671],[0.62689,7.93109],[0.63049,7.9201],[0.62811,7.91791],[0.63171,7.91388],[0.6261,7.90149],[0.62073,7.90088],[0.62329,7.87152],[0.6275,7.86829],[0.62628,7.85052],[0.62408,7.84229],[0.62091,7.84192],[0.61749,7.8067],[0.62048,7.79889],[0.61768,7.79633],[0.62811,7.79352],[0.63092,7.77069],[0.61151,7.75409],[0.62909,7.70569],[0.62048,7.70349],[0.61029,7.71033],[0.60291,7.71008],[0.59253,7.7041],[0.58313,7.65588],[0.5863,7.62512],[0.55389,7.60791],[0.54187,7.60687],[0.51929,7.5929],[0.52789,7.58832],[0.52911,7.58313],[0.5191,7.51312],[0.52393,7.4931],[0.52911,7.48633],[0.52051,7.46991],[0.5235,7.46368],[0.51947,7.4613],[0.52173,7.45551],[0.52832,7.45813],[0.53229,7.4549],[0.53693,7.42651],[0.55267,7.40631],[0.56348,7.39893],[0.57312,7.39471],[0.59869,7.40033],[0.60211,7.4079],[0.60529,7.40613],[0.61969,7.41333],[0.62531,7.41132],[0.63129,7.40308],[0.64172,7.40131],[0.64728,7.38068],[0.64331,7.37512],[0.65887,7.31671],[0.64313,7.27869],[0.64429,7.26312],[0.63373,7.26428],[0.61911,7.26428],[0.64334,7.26306],[0.63376,7.20687],[0.62435,7.18293],[0.61666,7.18195],[0.6142,7.17448],[0.61849,7.17057],[0.61598,7.15764],[0.60482,7.15391],[0.60543,7.14194],[0.60314,7.13578],[0.59698,7.13383],[0.59586,7.12776],[0.58643,7.12812],[0.5825,7.12227],[0.55593,7.12451],[0.55377,7.13023],[0.5481,7.12975],[0.55049,7.12199],[0.531,7.11576],[0.53328,7.15417],[0.52225,7.15627],[0.5197,7.15305],[0.51935,7.16383],[0.50109,7.17406],[0.4869,7.16723],[0.4904,7.17256],[0.48115,7.18017],[0.47892,7.18745],[0.47527,7.18579],[0.47496,7.18069],[0.43654,7.17016],[0.41655,7.15431],[0.40413,7.16423],[0.406,7.13979],[0.39657,7.13618],[0.39161,7.22628],[0.36768,7.14832],[0.35748,7.13171],[0.34949,7.12653],[0.33911,7.1297],[0.33972,7.11609],[0.32892,7.0907],[0.31592,7.09589],[0.22449,7.09949],[0.24268,7.12708],[0.24249,7.14868],[0.23529,7.16711],[0.21631,7.17407],[0.18231,7.17969],[0.18268,7.1933],[0.21509,7.31012],[0.2085,7.35089],[0.19873,7.3681],[0.17889,7.3811],[0.17273,7.38049],[0.15051,7.39093],[0.09113,7.42932],[0.08331,7.44849],[0.07709,7.48212],[0.04309,7.53912],[0.00952,7.57849],[-0.01428,7.6261],[-0.01678,7.64832],[-0.0152,7.68408],[0.0025,7.71771],[0.00409,7.74249],[-0.01453,7.7569],[-0.07721,7.74731],[-0.1001,7.75049],[-0.11102,7.76031],[-0.1264,7.78833],[-0.13611,7.82489],[-0.14539,7.90308],[-0.14172,7.93512],[-0.13647,7.9397],[-0.13489,7.94849],[-0.14111,7.9585],[-0.17383,7.95752],[-0.17023,7.96991],[-0.14423,8.00549],[-0.14148,8.01788],[-0.15411,8.03131],[-0.17322,8.02472],[-0.21472,8.03088],[-0.2406,8.04968],[-0.24878,8.07709],[-0.29492,8.11731],[-0.31927,8.13049],[-0.3847,8.15289],[-0.35413,8.16632],[-0.35162,8.17249],[-0.35858,8.18573],[-0.34851,8.20172],[-0.36841,8.20111],[-0.38489,8.19513],[-0.38971,8.19873],[-0.38751,8.22412],[-0.36951,8.2309],[-0.31927,8.22693],[-0.29181,8.24268],[-0.2807,8.24548],[-0.27478,8.22949],[-0.2594,8.21631],[-0.23779,8.2179],[-0.2326,8.21307],[-0.2243,8.21289],[-0.21881,8.2179],[-0.198,8.22028],[-0.19659,8.22552],[-0.1861,8.2323],[-0.17291,8.22913],[-0.16663,8.23749],[-0.16931,8.25208],[-0.14581,8.27191],[-0.12451,8.27307],[-0.11462,8.29669],[-0.11023,8.3349],[-0.08698,8.33289],[-0.08331,8.33752],[-0.06769,8.34113],[-0.06702,8.34772],[-0.06201,8.3515],[-0.04108,8.3493],[-0.0379,8.33447],[-0.00208,8.3197],[0.01007,8.29889],[0.05188,8.29108],[0.06152,8.2821],[0.0799,8.2807],[0.08313,8.27228],[0.0907,8.26727],[0.10431,8.23969],[0.09491,8.23309],[0.08588,8.23273],[0.07953,8.22412],[0.09528,8.2301],[0.10608,8.22571],[0.11469,8.22827],[0.1167,8.21912],[0.12988,8.21472],[0.12372,8.2309],[0.1449,8.24091],[0.16193,8.24152],[0.19391,8.2533],[0.19788,8.2923],[0.19672,8.3017],[0.1853,8.32269],[0.18628,8.32727],[0.19128,8.33392],[0.20471,8.34149],[0.23529,8.34387],[0.24292,8.35413],[0.24432,8.38647],[0.22308,8.4071],[0.20752,8.4101],[0.14911,8.38611],[0.12488,8.38287],[0.10468,8.39008],[0.08649,8.40332],[0.0929,8.42749],[0.0907,8.4455],[0.08173,8.46088],[0.12091,8.48547],[0.09387,8.50171],[0.08948,8.51727],[0.08209,8.52771],[0.09448,8.55109],[0.11029,8.59412],[0.12689,8.60468],[0.13287,8.60291],[0.14752,8.58868],[0.16992,8.59491],[0.17188,8.5993],[0.16968,8.61572],[0.14728,8.62952],[0.1391,8.63953],[0.13611,8.65271],[0.13867,8.6687],[0.1687,8.70172],[0.18073,8.71051],[0.18213,8.7215],[0.1665,8.75391],[0.16791,8.77393],[0.17432,8.77032],[0.1709,8.76532],[0.18091,8.76208],[0.18127,8.74451],[0.18707,8.74188]],[[0.58392,7.27832],[0.58218,7.28384],[0.58193,7.28209],[0.58356,7.27811],[0.58455,7.27734],[0.60515,7.2671],[0.58392,7.27832]],[[0.58152,7.28565],[0.58097,7.28533],[0.58205,7.28422],[0.58152,7.28565]],[[0.57788,7.2879],[0.57979,7.28765],[0.58013,7.2879],[0.57788,7.2879]],[[0.57609,7.28536],[0.57506,7.2835],[0.57708,7.28414],[0.57609,7.28536]],[[0.57533,7.28758],[0.57588,7.28743],[0.57676,7.28776],[0.57533,7.28758]],[[0.5733,7.27649],[0.57286,7.27484],[0.57336,7.277],[0.5733,7.27649]],[[0.57259,7.27381],[0.57275,7.27399],[0.57285,7.27478],[0.57259,7.27381]],[[0.57176,7.26993],[0.56812,7.26691],[0.56592,7.26773],[0.56778,7.26673],[0.57032,7.26703],[0.57167,7.26762],[0.57176,7.26993]],[[0.56293,7.2655],[0.56366,7.26596],[0.56326,7.26652],[0.56293,7.2655]],[[0.56091,7.2597],[0.55636,7.25383],[0.557,7.25382],[0.56091,7.2597]],[[0.5531,7.24908],[0.55041,7.24698],[0.55266,7.24742],[0.5531,7.24908]],[[0.5481,7.24353],[0.54811,7.24341],[0.54833,7.24389],[0.5481,7.24353]],[[0.54184,7.27439],[0.54184,7.27438],[0.54184,7.27438],[0.54184,7.27439]],[[0.54162,7.27938],[0.54028,7.28949],[0.54026,7.28965],[0.54162,7.27938]],[[0.54089,7.23328],[0.5409,7.23318],[0.54148,7.23423],[0.54089,7.23328]],[[0.5407,7.27109],[0.53959,7.27036],[0.53934,7.26732],[0.5407,7.27109]],[[0.5387,7.2229],[0.53847,7.22268],[0.53962,7.2234],[0.5387,7.2229]],[[0.53931,7.29651],[0.53678,7.29848],[0.53801,7.29724],[0.53931,7.29651]],[[0.5391,7.26658],[0.53872,7.26613],[0.53874,7.26419],[0.5391,7.26658]],[[0.53851,7.2627],[0.53858,7.26312],[0.53832,7.26194],[0.53851,7.2627]],[[0.53736,7.2581],[0.53722,7.25782],[0.53716,7.25729],[0.53736,7.2581]],[[0.53571,7.29932],[0.53506,7.3021],[0.53477,7.29992],[0.53571,7.29932]],[[0.53568,7.2201],[0.51932,7.22052],[0.51932,7.22052],[0.53568,7.2201]],[[0.5343,7.2547],[0.53546,7.25568],[0.53407,7.25319],[0.5343,7.2547]],[[0.53351,7.24951],[0.53387,7.25186],[0.53319,7.25062],[0.53351,7.24951]],[[0.52667,7.24432],[0.52722,7.24474],[0.5267,7.24452],[0.52667,7.24432]],[[0.52533,7.30047],[0.51971,7.29852],[0.51598,7.30004],[0.52008,7.29805],[0.52191,7.29764],[0.52252,7.29769],[0.52354,7.29821],[0.52533,7.30047]],[[0.52021,7.22826],[0.5213,7.23468],[0.51805,7.23854],[0.52119,7.23472],[0.52051,7.23079],[0.52021,7.22826]],[[0.51804,7.24015],[0.51708,7.23973],[0.51711,7.23969],[0.51804,7.24015]],[[0.51251,7.30133],[0.51178,7.30121],[0.5128,7.30123],[0.51251,7.30133]],[[0.5023,7.29897],[0.50423,7.29888],[0.5048,7.30007],[0.5023,7.29897]],[[0.49268,7.29108],[0.48606,7.29224],[0.49141,7.29019],[0.49431,7.29209],[0.49511,7.29373],[0.49268,7.29108]],[[0.48108,7.29264],[0.48119,7.29261],[0.48152,7.29274],[0.48108,7.29264]],[[0.47589,7.29169],[0.47055,7.29169],[0.47836,7.2921],[0.47589,7.29169]],[[0.46496,7.2898],[0.45709,7.29431],[0.4566,7.29446],[0.45955,7.29203],[0.46496,7.2898]],[[0.4505,7.29633],[0.45181,7.29516],[0.45361,7.29538],[0.4505,7.29633]],[[0.45094,7.28478],[0.452,7.2849],[0.45135,7.28733],[0.45094,7.28478]],[[0.45148,7.28809],[0.45138,7.28752],[0.45045,7.29166],[0.45148,7.28809]],[[0.4469,7.27789],[0.44834,7.27715],[0.44681,7.27993],[0.4469,7.27789]],[[0.44208,7.27789],[0.43983,7.28019],[0.44062,7.27776],[0.44208,7.27789]],[[0.43872,7.28131],[0.4353,7.28473],[0.42967,7.28208],[0.43533,7.2846],[0.43872,7.28131]]]}},{"type":"Feature","properties":{"name":"Savannah","pcode":"GH11","level":"ADM1"},"geometry":{"type":"Polygon","coordinates":[[[-1.46973,10.10291],[-1.4375,10.10309],[-1.41193,10.08948],[-1.40369,10.09351],[-1.38361,10.09027],[-1.36871,10.09412],[-1.36713,10.08832],[-1.3559,10.08051],[-1.32141,10.06592],[-1.3092,10.06488],[-1.30157,10.04968],[-1.28711,10.03668],[-1.27972,10.03809],[-1.27618,10.03168],[-1.25751,10.03552],[-1.2522,10.03369],[-1.2403,10.02612],[-1.22748,10.00873],[-1.21033,10.0061],[-1.19708,9.99469],[-1.17981,9.99127],[-1.15662,9.97791],[-1.14178,9.97888],[-1.13898,9.96887],[-1.12451,9.9585],[-1.11041,9.9317],[-1.10937,9.92767],[-1.11981,9.92767],[-1.15479,9.94873],[-1.16388,9.95227],[-1.1767,9.94989],[-1.17871,9.93768],[-1.17621,9.92328],[-1.18188,9.89771],[-1.16431,9.87408],[-1.16058,9.8595],[-1.16602,9.83447],[-1.1731,9.82013],[-1.1698,9.81451],[-1.17371,9.80792],[-1.17529,9.79053],[-1.18671,9.80011],[-1.19702,9.79608],[-1.2132,9.79871],[-1.21942,9.81268],[-1.23859,9.82831],[-1.26318,9.82349],[-1.26471,9.8147],[-1.27319,9.80231],[-1.28638,9.80231],[-1.29431,9.80627],[-1.30591,9.81268],[-1.30841,9.82068],[-1.3136,9.81311],[-1.3103,9.80188],[-1.32062,9.7995],[-1.328,9.80688],[-1.34088,9.80829],[-1.34833,9.80371],[-1.3515,9.79449],[-1.34802,9.77509],[-1.35059,9.76532],[-1.34601,9.75372],[-1.34888,9.72949],[-1.33801,9.70587],[-1.32648,9.69769],[-1.31982,9.68408],[-1.32312,9.65631],[-1.315,9.6521],[-1.33051,9.64331],[-1.32953,9.63391],[-1.36621,9.61829],[-1.37341,9.61011],[-1.3147,9.54932],[-1.31158,9.53888],[-1.29712,9.52173],[-1.28131,9.50989],[-1.25012,9.42749],[-1.2428,9.41852],[-1.24591,9.38708],[-1.2572,9.3595],[-1.2561,9.35272],[-1.2644,9.3421],[-1.26129,9.33252],[-1.26831,9.33209],[-1.25861,9.31769],[-1.25403,9.3031],[-1.23999,9.28748],[-1.22778,9.29572],[-1.2121,9.29968],[-1.20251,9.30768],[-1.19879,9.30511],[-1.16821,9.32092],[-1.11981,9.31769],[-1.10468,9.3089],[-1.10028,9.30969],[-1.0755,9.32593],[-1.05951,9.32788],[-1.04993,9.33948],[-1.03931,9.34412],[-1.01611,9.33032],[-1.02039,9.31531],[-1.01758,9.31372],[-0.99579,9.32892],[-0.9751,9.33588],[-0.96429,9.33472],[-0.96008,9.30469],[-0.93573,9.29492],[-0.93231,9.29871],[-0.92639,9.29633],[-0.88611,9.30969],[-0.87903,9.3017],[-0.87061,9.30591],[-0.85889,9.30591],[-0.84991,9.3045],[-0.8476,9.29828],[-0.83282,9.29791],[-0.82312,9.31049],[-0.80481,9.3183],[-0.79492,9.30872],[-0.76532,9.29688],[-0.69788,9.28333],[-0.71283,9.29309],[-0.71161,9.30548],[-0.71759,9.31592],[-0.71539,9.32471],[-0.70978,9.32471],[-0.6886,9.31091],[-0.68341,9.32532],[-0.65192,9.31531],[-0.63452,9.3183],[-0.63562,9.31189],[-0.62811,9.30768],[-0.61078,9.31207],[-0.6037,9.32312],[-0.59399,9.32831],[-0.58008,9.31653],[-0.56628,9.28833],[-0.54352,9.27612],[-0.53571,9.27509],[-0.5202,9.28192],[-0.51141,9.27472],[-0.51031,9.26208],[-0.49109,9.25049],[-0.47601,9.24792],[-0.4693,9.24268],[-0.43591,9.23108],[-0.4259,9.22272],[-0.39209,9.23529],[-0.35822,9.22308],[-0.33948,9.2113],[-0.32452,9.20929],[-0.30969,9.19269],[-0.30621,9.18127],[-0.29608,9.1767],[-0.28082,9.13733],[-0.25922,9.12732],[-0.2514,9.12927],[-0.23712,9.11951],[-0.2265,9.1217],[-0.21912,9.11047],[-0.20178,9.1095],[-0.20691,9.10449],[-0.20831,9.08289],[-0.21161,9.07971],[-0.20502,9.06207],[-0.21301,9.05133],[-0.21252,9.04468],[-0.21832,9.03271],[-0.20831,9.02533],[-0.211,9.01233],[-0.20441,9.00348],[-0.1955,8.97528],[-0.20038,8.94769],[-0.21301,8.94611],[-0.22198,8.93591],[-0.23761,8.93793],[-0.24103,8.93048],[-0.2381,8.92047],[-0.24823,8.91711],[-0.24371,8.90991],[-0.25568,8.90131],[-0.27209,8.90271],[-0.28088,8.8999],[-0.28009,8.89612],[-0.28888,8.88812],[-0.30261,8.88409],[-0.29541,8.8653],[-0.2998,8.86108],[-0.31042,8.85828],[-0.32629,8.86267],[-0.32971,8.86011],[-0.33459,8.8667],[-0.34198,8.86591],[-0.34253,8.8623],[-0.33911,8.86108],[-0.34369,8.85492],[-0.34253,8.84631],[-0.33533,8.83789],[-0.32269,8.83411],[-0.32013,8.81848],[-0.29889,8.81787],[-0.29608,8.81152],[-0.30341,8.79492],[-0.3064,8.79431],[-0.30823,8.76892],[-0.31421,8.76349],[-0.31622,8.75012],[-0.32971,8.74268],[-0.33649,8.75311],[-0.3465,8.75787],[-0.36401,8.7453],[-0.37219,8.74353],[-0.3667,8.73132],[-0.37,8.72308],[-0.38342,8.72308],[-0.38159,8.71088],[-0.39478,8.71191],[-0.40491,8.70752],[-0.4071,8.71448],[-0.41101,8.70911],[-0.41272,8.72089],[-0.40869,8.73212],[-0.41211,8.73389],[-0.43182,8.72809],[-0.43182,8.71753],[-0.4483,8.72791],[-0.45782,8.72168],[-0.47223,8.73431],[-0.4856,8.72711],[-0.49042,8.71033],[-0.48969,8.70428],[-0.48621,8.70349],[-0.48419,8.68188],[-0.47571,8.6825],[-0.47021,8.67212],[-0.45801,8.67749],[-0.45312,8.67511],[-0.44708,8.66248],[-0.43958,8.66351],[-0.43268,8.65588],[-0.43512,8.6449],[-0.43091,8.64288],[-0.42401,8.64972],[-0.42041,8.64911],[-0.41278,8.62549],[-0.41632,8.61292],[-0.41461,8.60828],[-0.40991,8.60809],[-0.41101,8.60071],[-0.40698,8.59851],[-0.40332,8.60388],[-0.39929,8.60229],[-0.39508,8.59351],[-0.3811,8.59271],[-0.37872,8.59692],[-0.37329,8.59772],[-0.37189,8.58771],[-0.35858,8.5993],[-0.3634,8.5827],[-0.35468,8.57068],[-0.3443,8.56732],[-0.34961,8.5611],[-0.34882,8.55713],[-0.33661,8.53851],[-0.33551,8.53113],[-0.31842,8.5351],[-0.31299,8.52911],[-0.31049,8.53748],[-0.30402,8.5365],[-0.29749,8.5473],[-0.2948,8.54187],[-0.27539,8.55713],[-0.26819,8.54529],[-0.26093,8.54791],[-0.25677,8.5553],[-0.23859,8.55988],[-0.2345,8.5719],[-0.22821,8.56769],[-0.22388,8.5697],[-0.21362,8.55292],[-0.1991,8.55389],[-0.19659,8.55109],[-0.20642,8.53748],[-0.20679,8.52808],[-0.19983,8.52307],[-0.20691,8.49353],[-0.19568,8.48389],[-0.19922,8.48169],[-0.20813,8.48669],[-0.21161,8.48413],[-0.21222,8.4707],[-0.2301,8.47528],[-0.2428,8.47272],[-0.23578,8.4599],[-0.21918,8.45453],[-0.21979,8.44647],[-0.2348,8.41388],[-0.23871,8.39771],[-0.24939,8.3797],[-0.2525,8.35291],[-0.25531,8.3501],[-0.26752,8.35028],[-0.30011,8.35352],[-0.30609,8.35809],[-0.32611,8.33911],[-0.3078,8.32068],[-0.27789,8.32013],[-0.25891,8.3363],[-0.2478,8.33392],[-0.24109,8.34192],[-0.23608,8.34229],[-0.21912,8.33832],[-0.21033,8.3501],[-0.19409,8.34912],[-0.18872,8.35773],[-0.18561,8.35571],[-0.18311,8.33691],[-0.16321,8.31207],[-0.159,8.29907],[-0.1424,8.2807],[-0.14178,8.27228],[-0.16931,8.25208],[-0.16663,8.23749],[-0.17059,8.23071],[-0.17731,8.22888],[-0.1861,8.2323],[-0.19659,8.22552],[-0.198,8.22028],[-0.21881,8.2179],[-0.2243,8.21289],[-0.2326,8.21307],[-0.23779,8.2179],[-0.2594,8.21631],[-0.27478,8.22949],[-0.2807,8.24548],[-0.29181,8.24268],[-0.31927,8.22693],[-0.36023,8.2309],[-0.37811,8.22852],[-0.38751,8.22412],[-0.38971,8.19873],[-0.38489,8.19513],[-0.36841,8.20111],[-0.34851,8.20172],[-0.35858,8.18573],[-0.35162,8.17249],[-0.35413,8.16632],[-0.3847,8.15289],[-0.41901,8.15289],[-0.4444,8.15747],[-0.48743,8.17212],[-0.50299,8.18091],[-0.54248,8.18768],[-0.63953,8.26947],[-0.74078,8.33551],[-0.77979,8.33551],[-0.80139,8.33972],[-0.85779,8.32849],[-0.85901,8.32233],[-0.8526,8.31488],[-0.8623,8.27411],[-0.88062,8.26331],[-0.89508,8.25769],[-0.93793,8.25171],[-0.94861,8.24652],[-0.9599,8.25067],[-0.9657,8.2467],[-0.96771,8.23309],[-0.979,8.22729],[-0.99249,8.24573],[-1.00891,8.2475],[-1.01923,8.26111],[-1.03839,8.24371],[-1.04291,8.20892],[-1.04102,8.16791],[-1.0675,8.12793],[-1.04352,8.09308],[-1.04102,8.08148],[-1.0473,8.0697],[-1.04681,8.06189],[-1.03619,8.05731],[-1.03351,8.0451],[-1.01929,8.0307],[-1.01691,8.01849],[-1.02948,8.01752],[-1.03668,8.02551],[-1.04871,8.02972],[-1.08051,8.01709],[-1.09662,7.99768],[-1.10699,7.99268],[-1.125,7.99731],[-1.15442,7.99811],[-1.16193,8.01331],[-1.15942,8.0343],[-1.16559,8.05847],[-1.16479,8.07111],[-1.15741,8.08209],[-1.15723,8.0899],[-1.22949,8.2049],[-1.23712,8.22369],[-1.26648,8.25732],[-1.26868,8.27692],[-1.27411,8.2851],[-1.27899,8.30811],[-1.27289,8.3349],[-1.26532,8.34088],[-1.25732,8.3587],[-1.26111,8.36871],[-1.25342,8.37848],[-1.25909,8.40692],[-1.25458,8.41852],[-1.25519,8.42731],[-1.26178,8.43109],[-1.26221,8.43488],[-1.25812,8.45453],[-1.24371,8.46832],[-1.23242,8.4707],[-1.22803,8.47729],[-1.22137,8.47809],[-1.21771,8.49091],[-1.1955,8.49469],[-1.19238,8.5011],[-1.19562,8.51111],[-1.18323,8.51129],[-1.17529,8.51672],[-1.17371,8.50873],[-1.16931,8.50848],[-1.16412,8.51508],[-1.16528,8.5235],[-1.17102,8.52753],[-1.17072,8.53571],[-1.15552,8.54211],[-1.146,8.55847],[-1.14148,8.57648],[-1.146,8.59131],[-1.14661,8.62549],[-1.15051,8.6333],[-1.1449,8.64612],[-1.14728,8.6557],[-1.14441,8.67749],[-1.18591,8.67828],[-1.20679,8.66809],[-1.23029,8.67529],[-1.2616,8.6897],[-1.28552,8.7179],[-1.31152,8.72351],[-1.35602,8.75909],[-1.37842,8.76813],[-1.40808,8.77429],[-1.45001,8.76569],[-1.47388,8.76532],[-1.48419,8.75989],[-1.49902,8.73871],[-1.51111,8.69128],[-1.53131,8.68109],[-1.55499,8.67572],[-1.61511,8.67749],[-1.62891,8.68091],[-1.64539,8.6925],[-1.6593,8.69489],[-1.67871,8.68469],[-1.68201,8.67987],[-1.6825,8.66107],[-1.69098,8.64587],[-1.7334,8.62653],[-1.75519,8.63013],[-1.78888,8.65253],[-1.81641,8.66193],[-1.84479,8.65973],[-1.86823,8.6413],[-1.88928,8.5863],[-1.89288,8.55609],[-1.89868,8.54028],[-1.88312,8.48029],[-1.88641,8.46448],[-1.90881,8.44031],[-1.90778,8.39691],[-1.88379,8.34869],[-1.87091,8.33411],[-1.8562,8.32953],[-1.8443,8.3299],[-1.81659,8.33929],[-1.80292,8.33948],[-1.78992,8.33588],[-1.76868,8.32013],[-1.76288,8.30267],[-1.74841,8.28009],[-1.7467,8.26929],[-1.75659,8.24847],[-1.77698,8.22992],[-1.79858,8.22632],[-1.84058,8.25189],[-1.86859,8.25952],[-1.89508,8.26172],[-1.90802,8.24689],[-1.91351,8.22968],[-1.9314,8.21033],[-1.94049,8.18951],[-1.96033,8.16992],[-2.00623,8.1557],[-2.0282,8.15552],[-2.04358,8.14771],[-2.06372,8.14612],[-2.1062,8.15729],[-2.117,8.15692],[-2.12421,8.14832],[-2.12848,8.14807],[-2.16309,8.17633],[-2.16821,8.21149],[-2.20508,8.23187],[-2.2121,8.24231],[-2.20898,8.24792],[-2.21588,8.25909],[-2.22931,8.2641],[-2.23889,8.28052],[-2.25311,8.27753],[-2.27301,8.2915],[-2.28821,8.29688],[-2.28632,8.31873],[-2.29541,8.32751],[-2.29712,8.34229],[-2.30438,8.35388],[-2.29779,8.38068],[-2.32501,8.4173],[-2.33789,8.45453],[-2.35071,8.46033],[-2.36603,8.47607],[-2.37073,8.49933],[-2.35852,8.51831],[-2.36713,8.53931],[-2.37158,8.5401],[-2.38312,8.55389],[-2.39911,8.55792],[-2.41272,8.57147],[-2.41791,8.58551],[-2.41779,8.6123],[-2.44031,8.62909],[-2.45422,8.64728],[-2.46429,8.65228],[-2.47119,8.66107],[-2.48859,8.68689],[-2.48969,8.69751],[-2.49951,8.71869],[-2.51202,8.72949],[-2.53162,8.7359],[-2.54321,8.76111],[-2.5705,8.77289],[-2.58429,8.78589],[-2.61731,8.78729],[-2.62848,8.79572],[-2.62231,8.80652],[-2.59851,8.8219],[-2.59631,8.82892],[-2.6004,8.8429],[-2.60791,8.84912],[-2.62268,8.87708],[-2.61609,8.91089],[-2.6178,8.92047],[-2.62701,8.92969],[-2.64258,8.93469],[-2.65021,8.94269],[-2.65771,8.98328],[-2.65411,9.00751],[-2.66028,9.00812],[-2.66388,9.01593],[-2.67181,9.01971],[-2.69879,9.01593],[-2.7052,9.02069],[-2.72028,9.01349],[-2.71381,9.02271],[-2.716,9.02509],[-2.76111,9.02612],[-2.77191,9.0329],[-2.7738,9.04431],[-2.7818,9.05469],[-2.78229,9.06409],[-2.76831,9.08032],[-2.7655,9.09027],[-2.77393,9.1427],[-2.76392,9.15088],[-2.73602,9.16071],[-2.72321,9.1853],[-2.72388,9.1991],[-2.72052,9.19672],[-2.7135,9.20911],[-2.69788,9.21808],[-2.69208,9.22632],[-2.66193,9.24011],[-2.65662,9.25568],[-2.68591,9.28729],[-2.69421,9.28473],[-2.7077,9.2887],[-2.71521,9.29633],[-2.72119,9.31567],[-2.71991,9.33368],[-2.70319,9.34009],[-2.6839,9.35852],[-2.67493,9.37769],[-2.67639,9.4035],[-2.6875,9.42749],[-2.69012,9.44812],[-2.68451,9.4873],[-2.69373,9.50391],[-2.71301,9.52307],[-2.7301,9.52948],[-2.76221,9.55768],[-2.77112,9.57648],[-2.77148,9.59967],[-2.74249,9.64191],[-2.73199,9.64227],[-2.72021,9.63287],[-2.68121,9.63208],[-2.5387,9.67792],[-2.52118,9.68707],[-2.51459,9.6947],[-2.50763,9.71973],[-2.50842,9.74591],[-2.42108,9.77252],[-2.09692,9.81372],[-2.09119,9.78992],[-2.08643,9.78552],[-2.04218,9.77972],[-2.02972,9.7829],[-2.02191,9.78949],[-2.00671,9.81848],[-2.00061,9.82373],[-1.74219,9.82013],[-1.70978,9.82251],[-1.703,9.84167],[-1.69641,9.8869],[-1.70673,9.90131],[-1.7049,9.92432],[-1.71381,9.92969],[-1.71478,9.93671],[-1.71509,9.94189],[-1.7077,9.94568],[-1.71033,9.96033],[-1.70782,9.96448],[-1.71259,9.97089],[-1.71051,9.98212],[-1.71808,10.00153],[-1.71393,10.01288],[-1.70172,10.0141],[-1.7019,10.02112],[-1.68561,10.03851],[-1.67328,10.02588],[-1.66742,10.03528],[-1.6676,10.04431],[-1.64478,10.03809],[-1.63489,10.04272],[-1.63,10.05328],[-1.64221,10.05847],[-1.65472,10.07391],[-1.62952,10.07928],[-1.62592,10.07892],[-1.62042,10.0697],[-1.60931,10.07031],[-1.58228,10.08148],[-1.57831,10.08911],[-1.56018,10.09113],[-1.55731,10.09729],[-1.5517,10.09332],[-1.54858,10.07269],[-1.53821,10.07147],[-1.51709,10.0863],[-1.50677,10.08313],[-1.46973,10.10291]]]}},{"type":"Feature","properties":{"name":"Upper East","pcode":"GH12","level":"ADM1"},"geometry":{"type":"Polygon","coordinates":[[[-0.27631,11.17468],[-0.13611,11.1391],[-0.13422,11.13049],[-0.14349,11.1189],[-0.14252,11.10632],[-0.12482,11.10492],[-0.0946,11.08612],[-0.0545,11.08691],[-0.03961,11.10492],[-0.01691,11.11371],[-0.00513,11.10748],[0.0047,11.08252],[0.02429,11.06232],[0.02869,11.00348],[0.03387,10.99268],[0.0249,10.97247],[-0.00409,10.96472],[-0.0058,10.96112],[-0.01221,10.9375],[-0.008,10.91669],[-0.02509,10.88092],[-0.02533,10.8667],[-0.02991,10.85449],[-0.02252,10.81952],[-0.02869,10.81531],[-0.0321,10.80713],[-0.0387,10.80469],[-0.04492,10.79388],[-0.05579,10.78711],[-0.06451,10.77332],[-0.07208,10.77032],[-0.07312,10.7207],[-0.08899,10.71472],[-0.12292,10.68671],[-0.13861,10.68268],[-0.15179,10.67291],[-0.18341,10.66949],[-0.20459,10.65833],[-0.23059,10.65509],[-0.2356,10.64893],[-0.25769,10.63831],[-0.26038,10.63232],[-0.2785,10.6391],[-0.30011,10.63312],[-0.31219,10.62292],[-0.33289,10.62433],[-0.34741,10.61932],[-0.35541,10.62549],[-0.36511,10.62531],[-0.38861,10.6109],[-0.41791,10.60327],[-0.45239,10.60168],[-0.46912,10.61829],[-0.49609,10.62433],[-0.50159,10.62048],[-0.50702,10.60748],[-0.50842,10.56769],[-0.51532,10.56128],[-0.52643,10.55811],[-0.55438,10.57172],[-0.56848,10.5639],[-0.57751,10.55072],[-0.59167,10.54669],[-0.61823,10.55548],[-0.62958,10.55292],[-0.64008,10.55573],[-0.65308,10.5495],[-0.66718,10.52588],[-0.68359,10.52832],[-0.69019,10.54272],[-0.70111,10.5343],[-0.70453,10.52393],[-0.7085,10.5235],[-0.71558,10.52991],[-0.71472,10.53772],[-0.68958,10.56091],[-0.68628,10.57013],[-0.6936,10.5885],[-0.71368,10.60071],[-0.71881,10.60809],[-0.71838,10.6145],[-0.7063,10.62073],[-0.71191,10.64111],[-0.72748,10.65167],[-0.7547,10.6405],[-0.7782,10.65228],[-0.79382,10.65088],[-0.79687,10.64532],[-0.79791,10.61969],[-0.82397,10.60089],[-0.83838,10.60052],[-0.84229,10.57629],[-0.85492,10.58173],[-0.86108,10.59167],[-0.87482,10.59473],[-0.90918,10.57593],[-0.90851,10.5611],[-0.8916,10.51788],[-0.91199,10.4989],[-0.9234,10.4823],[-0.93231,10.48071],[-0.93481,10.4859],[-0.90887,10.5191],[-0.91351,10.52808],[-0.9306,10.52472],[-0.94849,10.53369],[-0.9585,10.52893],[-0.96698,10.53693],[-0.97931,10.53229],[-1.00842,10.53809],[-1.03058,10.52893],[-1.04089,10.52087],[-1.05688,10.49811],[-1.06549,10.49792],[-1.0708,10.49109],[-1.0965,10.48328],[-1.13239,10.45892],[-1.16559,10.41272],[-1.22852,10.39032],[-1.2345,10.37988],[-1.23212,10.36713],[-1.21399,10.3443],[-1.21112,10.3241],[-1.21759,10.30829],[-1.22321,10.30328],[-1.22308,10.29608],[-1.23138,10.29187],[-1.22888,10.28851],[-1.23163,10.28552],[-1.2403,10.28528],[-1.242,10.28009],[-1.2536,10.27808],[-1.2569,10.29053],[-1.25531,10.30029],[-1.26923,10.31152],[-1.26959,10.32593],[-1.27283,10.32568],[-1.27271,10.32208],[-1.28522,10.32233],[-1.3255,10.33252],[-1.32452,10.33929],[-1.3349,10.34668],[-1.3418,10.34387],[-1.34778,10.34833],[-1.3446,10.35107],[-1.34491,10.36432],[-1.3512,10.37347],[-1.37323,10.38208],[-1.37921,10.3891],[-1.38428,10.40472],[-1.3736,10.4057],[-1.36621,10.41528],[-1.36407,10.4209],[-1.3714,10.42651],[-1.3645,10.42987],[-1.36261,10.43591],[-1.37769,10.45288],[-1.37878,10.45673],[-1.37421,10.45868],[-1.37708,10.46631],[-1.40161,10.4845],[-1.41779,10.46771],[-1.42908,10.46411],[-1.44708,10.46991],[-1.45001,10.47913],[-1.45709,10.4787],[-1.46692,10.48749],[-1.45959,10.49872],[-1.46283,10.50751],[-1.44879,10.51813],[-1.45581,10.53131],[-1.46381,10.53668],[-1.48401,10.5379],[-1.49091,10.55072],[-1.50568,10.56049],[-1.51849,10.56293],[-1.51648,10.5777],[-1.52649,10.58807],[-1.55328,10.58673],[-1.56671,10.6015],[-1.56781,10.64331],[-1.57343,10.66852],[-1.56732,10.72272],[-1.56152,10.72931],[-1.56128,10.73712],[-1.55481,10.74792],[-1.55109,10.75031],[-1.53711,10.74829],[-1.52979,10.75232],[-1.52332,10.77692],[-1.50018,10.78229],[-1.49213,10.80389],[-1.49988,10.81592],[-1.49213,10.83252],[-1.47809,10.8327],[-1.47601,10.8407],[-1.4588,10.8501],[-1.45428,10.86713],[-1.45819,10.8797],[-1.45251,10.88892],[-1.45428,10.91632],[-1.4444,10.95032],[-1.44781,10.96368],[-1.43811,10.98969],[-1.4281,10.99872],[-1.42853,11.01251],[-1.42279,11.02032],[-1.3963,10.99091],[-1.37781,10.98651],[-1.27698,10.99109],[-1.11462,10.9859],[-1.11481,11.00391],[-1.0069,11.00812],[-1.00031,11.00787],[-1.00012,10.99792],[-0.9165,11.00232],[-0.91663,10.98029],[-0.88928,10.98071],[-0.89062,10.96411],[-0.87073,10.96667],[-0.85358,10.99847],[-0.82831,10.99908],[-0.82721,11.00653],[-0.8111,11.0061],[-0.80621,10.99872],[-0.8009,10.99792],[-0.68909,10.99847],[-0.68469,10.9975],[-0.68628,10.9895],[-0.68158,10.98352],[-0.67761,10.98291],[-0.67212,10.98969],[-0.65369,10.98712],[-0.65479,10.97772],[-0.6637,10.97449],[-0.67078,10.95868],[-0.66302,10.95648],[-0.65302,10.9635],[-0.6463,10.95673],[-0.64819,10.95068],[-0.62671,10.93951],[-0.61841,10.90991],[-0.5932,10.92468],[-0.58661,10.94373],[-0.58533,10.96173],[-0.5813,10.96411],[-0.56812,10.99091],[-0.55408,10.99048],[-0.55121,10.97968],[-0.54431,10.9765],[-0.54321,10.98492],[-0.53021,10.99951],[-0.52289,10.99249],[-0.5127,10.9903],[-0.50153,11.00293],[-0.50208,11.01611],[-0.48108,11.02271],[-0.47479,11.03528],[-0.46033,11.0285],[-0.43829,11.03027],[-0.43408,11.0379],[-0.43842,11.04413],[-0.43628,11.05267],[-0.43982,11.06512],[-0.43402,11.07727],[-0.43158,11.10211],[-0.42682,11.11432],[-0.40253,11.12628],[-0.38489,11.12653],[-0.37341,11.12292],[-0.37561,11.10773],[-0.37158,11.09949],[-0.37183,11.09009],[-0.36041,11.07751],[-0.3598,11.07013],[-0.35571,11.0719],[-0.35321,11.08429],[-0.3396,11.08832],[-0.33679,11.10632],[-0.33392,11.10828],[-0.32141,11.11493],[-0.27368,11.12347],[-0.27039,11.12891],[-0.27289,11.13867],[-0.28381,11.14252],[-0.28931,11.14911],[-0.28461,11.15411],[-0.28369,11.16669],[-0.27917,11.17273],[-0.27631,11.17468]]]}},{"type":"Feature","properties":{"name":"Upper West","pcode":"GH13","level":"ADM1"},"geometry":{"type":"Polygon","coordinates":[[[-1.54578,11.04028],[-1.54413,11.01031],[-1.42853,11.01251],[-1.4281,10.99872],[-1.43811,10.98969],[-1.44781,10.96368],[-1.4444,10.95032],[-1.45428,10.91632],[-1.45251,10.88892],[-1.45819,10.8797],[-1.45428,10.86713],[-1.4588,10.8501],[-1.47601,10.8407],[-1.47809,10.8327],[-1.49213,10.83252],[-1.49988,10.81592],[-1.49213,10.80389],[-1.50018,10.78229],[-1.52332,10.77692],[-1.52832,10.76508],[-1.52612,10.76147],[-1.53271,10.74908],[-1.55109,10.75031],[-1.55768,10.74512],[-1.56152,10.72931],[-1.56732,10.72272],[-1.57343,10.66852],[-1.56781,10.64331],[-1.56488,10.5979],[-1.55328,10.58673],[-1.52649,10.58807],[-1.51648,10.5777],[-1.51849,10.56293],[-1.50568,10.56049],[-1.49091,10.55072],[-1.48401,10.5379],[-1.46381,10.53668],[-1.45581,10.53131],[-1.44879,10.51813],[-1.46283,10.50751],[-1.45959,10.49872],[-1.46692,10.48749],[-1.45709,10.4787],[-1.45001,10.47913],[-1.44708,10.46991],[-1.43341,10.4671],[-1.44562,10.4613],[-1.47461,10.43372],[-1.51782,10.40588],[-1.57031,10.35553],[-1.61981,10.26868],[-1.64691,10.21649],[-1.65131,10.2005],[-1.66248,10.18652],[-1.6604,10.17853],[-1.66479,10.17432],[-1.6571,10.16412],[-1.63531,10.15289],[-1.62201,10.13428],[-1.60071,10.13287],[-1.59351,10.11432],[-1.59473,10.10669],[-1.58789,10.10071],[-1.58661,10.0827],[-1.58801,10.07831],[-1.61389,10.06927],[-1.62323,10.07129],[-1.62592,10.07892],[-1.65472,10.07391],[-1.64221,10.05847],[-1.63,10.05328],[-1.63489,10.04272],[-1.64478,10.03809],[-1.6676,10.04431],[-1.66742,10.03528],[-1.67328,10.02588],[-1.68561,10.03851],[-1.7019,10.02112],[-1.70172,10.0141],[-1.71393,10.01288],[-1.71631,10.0083],[-1.71753,9.99628],[-1.71051,9.98212],[-1.71259,9.97089],[-1.70782,9.96448],[-1.71033,9.96033],[-1.7077,9.94568],[-1.71509,9.94189],[-1.71381,9.92969],[-1.7049,9.92432],[-1.70673,9.90131],[-1.69641,9.8869],[-1.70691,9.82471],[-1.71979,9.82031],[-1.74219,9.82013],[-2.00061,9.82373],[-2.00671,9.81848],[-2.02191,9.78949],[-2.02972,9.7829],[-2.04218,9.77972],[-2.08643,9.78552],[-2.09119,9.78992],[-2.09692,9.81372],[-2.42108,9.77252],[-2.50842,9.74591],[-2.50763,9.71973],[-2.51459,9.6947],[-2.52118,9.68707],[-2.5387,9.67792],[-2.68121,9.63208],[-2.72021,9.63287],[-2.73199,9.64227],[-2.74658,9.6427],[-2.75421,9.65308],[-2.75861,9.68048],[-2.78101,9.68811],[-2.78632,9.69391],[-2.78351,9.72571],[-2.79059,9.74249],[-2.7901,9.74689],[-2.77942,9.75592],[-2.75873,9.80011],[-2.75189,9.8067],[-2.73328,9.81488],[-2.72693,9.82831],[-2.72949,9.83673],[-2.74652,9.8537],[-2.76251,9.88568],[-2.763,9.91711],[-2.75232,9.94128],[-2.74481,9.94891],[-2.74329,9.95947],[-2.75,9.98151],[-2.7616,9.99152],[-2.77582,10.01233],[-2.78223,10.02832],[-2.7829,10.04547],[-2.79071,10.07068],[-2.78851,10.09509],[-2.79388,10.12469],[-2.78778,10.13928],[-2.79779,10.19049],[-2.78802,10.20648],[-2.76068,10.22693],[-2.75659,10.24933],[-2.7616,10.26251],[-2.76709,10.26672],[-2.79828,10.2771],[-2.83319,10.29633],[-2.8501,10.31989],[-2.84271,10.34253],[-2.84131,10.36713],[-2.83002,10.38971],[-2.81818,10.39789],[-2.79889,10.3985],[-2.78241,10.40729],[-2.7757,10.41351],[-2.77338,10.42291],[-2.83301,10.43707],[-2.85382,10.44812],[-2.85303,10.4519],[-2.86572,10.45911],[-2.875,10.49188],[-2.8985,10.52191],[-2.89801,10.54053],[-2.90161,10.5509],[-2.9118,10.56567],[-2.9256,10.59747],[-2.94098,10.61713],[-2.94019,10.63733],[-2.92999,10.65308],[-2.91559,10.66388],[-2.90558,10.68628],[-2.9104,10.69952],[-2.93939,10.70911],[-2.93701,10.72333],[-2.9184,10.73669],[-2.89392,10.76312],[-2.89111,10.78229],[-2.88049,10.80627],[-2.87872,10.8327],[-2.86371,10.85748],[-2.86621,10.8783],[-2.86359,10.88751],[-2.83868,10.89252],[-2.81781,10.92273],[-2.8183,10.93951],[-2.82251,10.94733],[-2.83771,10.96051],[-2.84058,10.96851],[-2.83398,11.00409],[-2.76788,11.00427],[-2.76758,11.01251],[-2.755,11.01929],[-2.58289,11.02173],[-2.55542,11.01813],[-2.49768,11.01831],[-2.45221,11.02332],[-2.36023,11.00812],[-2.30011,11.01111],[-2.2724,11.01691],[-2.22021,11.02069],[-2.11841,11.01428],[-2.05798,11.01752],[-2.00629,11.00409],[-1.74341,11.00812],[-1.74451,11.03809],[-1.54578,11.04028]]]}},{"type":"Feature","properties":{"name":"Volta","pcode":"GH14","level":"ADM1"},"geometry":{"type":"MultiPolygon","coordinates":[[[[0.59692,7.13312],[0.59308,7.11371],[0.59747,7.1145],[0.61151,7.10553],[0.61432,7.09253],[0.59747,7.06073],[0.60248,7.02368],[0.59473,7.0097],[0.59613,7.00629],[0.5799,6.99792],[0.57092,6.99969],[0.54608,6.99213],[0.53448,6.97772],[0.52252,6.97192],[0.52551,6.9635],[0.52509,6.9411],[0.54791,6.93707],[0.55212,6.93048],[0.55951,6.92853],[0.56592,6.92151],[0.55627,6.88629],[0.53448,6.87653],[0.54291,6.86493],[0.53192,6.85571],[0.53247,6.82813],[0.53888,6.82489],[0.5473,6.83411],[0.56531,6.82391],[0.56952,6.81049],[0.57953,6.80652],[0.57611,6.7995],[0.56891,6.80109],[0.56708,6.78833],[0.5799,6.76331],[0.60132,6.75592],[0.60913,6.74847],[0.61871,6.75391],[0.62451,6.74829],[0.63312,6.74829],[0.64948,6.73828],[0.64429,6.72272],[0.64893,6.71252],[0.6441,6.69287],[0.6441,6.66809],[0.63568,6.64093],[0.63849,6.63849],[0.6377,6.63013],[0.64349,6.6311],[0.65948,6.60748],[0.66748,6.60651],[0.67291,6.61371],[0.69788,6.5885],[0.71173,6.58508],[0.72369,6.5899],[0.74249,6.58911],[0.74872,6.57312],[0.7489,6.56311],[0.71912,6.53491],[0.71753,6.52753],[0.72168,6.50208],[0.7323,6.48492],[0.74652,6.48389],[0.74487,6.4585],[0.7489,6.44708],[0.7821,6.43451],[0.78748,6.41351],[0.82611,6.40411],[0.8399,6.39648],[0.87451,6.36688],[0.89227,6.3363],[1.00409,6.3349],[1.00787,6.32251],[1.00531,6.3111],[1.00787,6.29547],[1.01593,6.2865],[1.02289,6.25928],[1.03729,6.23828],[1.05432,6.23328],[1.06512,6.22089],[1.07507,6.19531],[1.07288,6.1933],[1.08032,6.18408],[1.0755,6.17712],[1.07971,6.17108],[1.20032,6.16772],[1.19952,6.11267],[1.1261,6.07727],[1.08191,6.04651],[1.06372,6.02649],[1.02893,5.97949],[0.99512,5.92432],[0.9903,5.90527],[0.99353,5.87793],[0.98151,5.84149],[0.94373,5.79828],[0.92169,5.78589],[0.82751,5.77472],[0.81653,5.76971],[0.76868,5.7691],[0.73572,5.77289],[0.71411,5.76929],[0.71552,5.77191],[0.71112,5.77332],[0.69287,5.76947],[0.69348,5.76648],[0.67969,5.77173],[0.67651,5.77612],[0.6875,5.7771],[0.67871,5.79413],[0.65167,5.80688],[0.65411,5.8277],[0.64948,5.83447],[0.64331,5.84052],[0.62268,5.83429],[0.6203,5.83612],[0.61951,5.85291],[0.63013,5.86749],[0.61548,5.86469],[0.61407,5.87531],[0.60712,5.87732],[0.60168,5.88867],[0.57568,5.90167],[0.58728,5.91431],[0.58649,5.92151],[0.57672,5.93213],[0.57251,5.93127],[0.56049,5.93988],[0.5517,5.92151],[0.5423,5.94891],[0.52472,5.9549],[0.52533,5.97791],[0.49231,5.9939],[0.49188,5.98071],[0.4859,5.97693],[0.48572,5.98993],[0.45251,6.00128],[0.44153,5.99548],[0.44092,5.98309],[0.43573,5.97632],[0.39532,5.96112],[0.3653,5.96008],[0.34448,5.95551],[0.35309,5.9859],[0.33148,5.99487],[0.33191,6.00708],[0.34052,6.01929],[0.34772,6.02228],[0.33209,6.03491],[0.33752,6.0473],[0.29712,6.05652],[0.2901,6.06311],[0.28491,6.08069],[0.24792,6.10571],[0.23468,6.10968],[0.19031,6.09692],[0.14209,6.11029],[0.12268,6.12793],[0.11871,6.13708],[0.10193,6.14331],[0.09167,6.15887],[0.09631,6.17731],[0.10492,6.18469],[0.11853,6.21869],[0.12872,6.2561],[0.13531,6.2605],[0.16052,6.3009],[0.17407,6.30231],[0.1759,6.30768],[0.1687,6.31348],[0.16949,6.32629],[0.18048,6.3399],[0.18591,6.33948],[0.19672,6.35352],[0.20428,6.35773],[0.20007,6.3703],[0.21552,6.38391],[0.20929,6.40228],[0.17828,6.42468],[0.18628,6.44171],[0.1839,6.46552],[0.1889,6.47632],[0.1795,6.48792],[0.18213,6.49573],[0.17828,6.51251],[0.19751,6.54291],[0.19928,6.5495],[0.19348,6.5639],[0.18732,6.56787],[0.1629,6.57031],[0.15271,6.57709],[0.12872,6.5755],[0.10449,6.56689],[0.11047,6.6167],[0.12329,6.66608],[0.13013,6.67169],[0.1615,6.68329],[0.16931,6.68988],[0.1991,6.69708],[0.20367,6.70331],[0.20831,6.75769],[0.20032,6.77869],[0.1925,6.78931],[0.15851,6.8161],[0.1449,6.81848],[0.1333,6.8291],[0.12433,6.84332],[0.11987,6.87048],[0.12292,6.88953],[0.1355,6.9101],[0.14789,6.92151],[0.2063,6.9425],[0.22748,6.97412],[0.2215,7.00787],[0.19971,7.0517],[0.19672,7.06769],[0.20288,7.08069],[0.22449,7.09949],[0.31592,7.09589],[0.32892,7.0907],[0.33972,7.11609],[0.33911,7.1297],[0.34949,7.12653],[0.35748,7.13171],[0.36768,7.14832],[0.39161,7.22628],[0.39657,7.13618],[0.406,7.13979],[0.40413,7.16423],[0.41655,7.15431],[0.43654,7.17016],[0.47496,7.18069],[0.47527,7.18579],[0.47892,7.18745],[0.48115,7.18017],[0.4904,7.17256],[0.4869,7.16723],[0.50109,7.17406],[0.51935,7.16383],[0.5197,7.15305],[0.52225,7.15627],[0.53328,7.15417],[0.531,7.11576],[0.55049,7.12199],[0.5481,7.12975],[0.55377,7.13023],[0.55593,7.12451],[0.5825,7.12227],[0.58643,7.12812],[0.59586,7.12776],[0.59692,7.13312]]],[[[0.61911,7.26428],[0.64429,7.26312],[0.64306,7.25387],[0.64334,7.26306],[0.61911,7.26428]]],[[[0.6427,7.25269],[0.64269,7.25268],[0.64273,7.25278],[0.6427,7.25269]]],[[[0.63899,7.23503],[0.6391,7.22607],[0.63658,7.22301],[0.63899,7.23503]]],[[[0.63886,7.23802],[0.63885,7.23806],[0.63889,7.23814],[0.63886,7.23802]]],[[[0.63314,7.20619],[0.63129,7.19647],[0.62488,7.18292],[0.63314,7.20619]]],[[[0.62222,7.18417],[0.62255,7.18415],[0.62276,7.18392],[0.62222,7.18417]]],[[[0.61796,7.1678],[0.61799,7.168],[0.61801,7.16803],[0.61796,7.1678]]],[[[0.61725,7.16414],[0.61728,7.16496],[0.61745,7.16519],[0.61725,7.16414]]],[[[0.61732,7.18191],[0.61722,7.17196],[0.61416,7.17401],[0.61732,7.18191]]],[[[0.6059,7.14551],[0.60571,7.14378],[0.60586,7.14625],[0.6059,7.14551]]],[[[0.60564,7.14316],[0.60388,7.1377],[0.60341,7.13746],[0.60564,7.14316]]],[[[0.60512,7.1538],[0.6055,7.15078],[0.60482,7.15391],[0.60512,7.1538]]],[[[0.58392,7.27832],[0.60515,7.2671],[0.58455,7.27734],[0.58356,7.27811],[0.58193,7.28209],[0.58218,7.28384],[0.58392,7.27832]]],[[[0.58152,7.28565],[0.58112,7.28509],[0.58103,7.28573],[0.58152,7.28565]]],[[[0.57788,7.2879],[0.58013,7.2879],[0.57979,7.28765],[0.57788,7.2879]]],[[[0.57506,7.2835],[0.57609,7.28536],[0.57708,7.28414],[0.57506,7.2835]]],[[[0.57676,7.28776],[0.57588,7.28743],[0.57533,7.28758],[0.57676,7.28776]]],[[[0.5733,7.27649],[0.57336,7.277],[0.57286,7.27484],[0.5733,7.27649]]],[[[0.57285,7.27478],[0.57275,7.27399],[0.57259,7.27381],[0.57285,7.27478]]],[[[0.56592,7.26773],[0.57147,7.26813],[0.57176,7.26993],[0.57167,7.26762],[0.57032,7.26703],[0.56778,7.26673],[0.56592,7.26773]]],[[[0.56293,7.2655],[0.56326,7.26652],[0.56366,7.26596],[0.56293,7.2655]]],[[[0.56091,7.2597],[0.557,7.25382],[0.55636,7.25383],[0.56091,7.2597]]],[[[0.5531,7.24908],[0.55266,7.24742],[0.55041,7.24698],[0.5531,7.24908]]],[[[0.5481,7.24353],[0.54833,7.24389],[0.54811,7.24341],[0.5481,7.24353]]],[[[0.54184,7.27438],[0.54184,7.27438],[0.54184,7.27439],[0.54184,7.27438]]],[[[0.54003,7.28936],[0.5415,7.28168],[0.54162,7.27938],[0.54003,7.28936]]],[[[0.54089,7.23328],[0.54148,7.23423],[0.5409,7.23318],[0.54089,7.23328]]],[[[0.53934,7.26732],[0.53959,7.27036],[0.5407,7.27109],[0.53934,7.26732]]],[[[0.5387,7.2229],[0.53962,7.2234],[0.53847,7.22268],[0.5387,7.2229]]],[[[0.53931,7.29651],[0.53801,7.29724],[0.53678,7.29848],[0.53931,7.29651]]],[[[0.53874,7.26419],[0.53872,7.26613],[0.5391,7.26658],[0.53874,7.26419]]],[[[0.53851,7.2627],[0.53832,7.26194],[0.53858,7.26312],[0.53851,7.2627]]],[[[0.53716,7.25729],[0.53722,7.25782],[0.53736,7.2581],[0.53716,7.25729]]],[[[0.53571,7.29932],[0.53477,7.29992],[0.53506,7.3021],[0.53571,7.29932]]],[[[0.51932,7.22052],[0.53568,7.2201],[0.51932,7.22052],[0.51932,7.22052]]],[[[0.5343,7.2547],[0.53407,7.25319],[0.53546,7.25568],[0.5343,7.2547]]],[[[0.53351,7.24951],[0.53319,7.25062],[0.53387,7.25186],[0.53351,7.24951]]],[[[0.52667,7.24432],[0.5267,7.24452],[0.52722,7.24474],[0.52667,7.24432]]],[[[0.5163,7.29993],[0.52271,7.29791],[0.52533,7.30047],[0.52354,7.29821],[0.52252,7.29769],[0.52191,7.29764],[0.5163,7.29993]]],[[[0.5213,7.23468],[0.52051,7.23071],[0.52021,7.22826],[0.52051,7.23079],[0.52119,7.23472],[0.51805,7.23854],[0.5213,7.23468]]],[[[0.51711,7.23969],[0.51708,7.23973],[0.51804,7.24015],[0.51711,7.23969]]],[[[0.51251,7.30133],[0.5128,7.30123],[0.51178,7.30121],[0.51251,7.30133]]],[[[0.5048,7.30007],[0.50423,7.29888],[0.5023,7.29897],[0.5048,7.30007]]],[[[0.49268,7.29108],[0.49511,7.29373],[0.49431,7.29209],[0.49141,7.29019],[0.48606,7.29224],[0.49268,7.29108]]],[[[0.48152,7.29274],[0.48119,7.29261],[0.48108,7.29264],[0.48152,7.29274]]],[[[0.47589,7.29169],[0.47836,7.2921],[0.47055,7.29169],[0.47589,7.29169]]],[[[0.45709,7.29431],[0.46051,7.29169],[0.46496,7.2898],[0.45955,7.29203],[0.45709,7.29431]]],[[[0.4505,7.29633],[0.45361,7.29538],[0.45181,7.29516],[0.4505,7.29633]]],[[[0.45135,7.28733],[0.452,7.2849],[0.45094,7.28478],[0.45135,7.28733]]],[[[0.45148,7.28809],[0.45045,7.29166],[0.45138,7.28752],[0.45148,7.28809]]],[[[0.4469,7.27789],[0.44681,7.27993],[0.44834,7.27715],[0.4469,7.27789]]],[[[0.44208,7.27789],[0.44062,7.27776],[0.43983,7.28019],[0.44208,7.27789]]],[[[0.4353,7.28473],[0.43914,7.28089],[0.43533,7.2846],[0.42967,7.28208],[0.4353,7.28473]]]]}},{"type":"Feature","properties":{"name":"Western","pcode":"GH15","level":"ADM1"},"geometry":{"type":"Polygon","coordinates":[[[-2.21759,6.14288],[-2.18958,6.14709],[-2.18182,6.12292],[-2.17853,6.11987],[-2.17169,6.12347],[-2.16553,6.12152],[-2.1535,6.10553],[-2.14221,6.10052],[-2.14001,6.09167],[-2.13141,6.09229],[-2.05872,6.07147],[-2.04761,6.05933],[-2.05103,6.0509],[-2.02661,6.04169],[-2.01819,6.02771],[-1.99219,6.02173],[-1.98529,6.01648],[-1.98419,6.01068],[-1.96851,6.0011],[-1.95312,5.98413],[-1.94531,5.98352],[-1.93921,5.96973],[-1.93921,5.95587],[-1.9281,5.94269],[-1.90942,5.9361],[-1.91193,5.93268],[-1.90308,5.91748],[-1.89142,5.91449],[-1.88818,5.89911],[-1.87799,5.8891],[-1.86731,5.88452],[-1.8559,5.8891],[-1.85382,5.89508],[-1.841,5.90112],[-1.83661,5.89551],[-1.82562,5.89929],[-1.81561,5.89032],[-1.8147,5.86853],[-1.82269,5.85388],[-1.83191,5.8219],[-1.83972,5.80609],[-1.8432,5.80487],[-1.83588,5.79089],[-1.83411,5.79413],[-1.83032,5.7923],[-1.82971,5.78571],[-1.84021,5.78149],[-1.85052,5.76727],[-1.8111,5.75952],[-1.80139,5.75128],[-1.8009,5.74451],[-1.81348,5.73572],[-1.81653,5.72607],[-1.7865,5.73273],[-1.784,5.7251],[-1.79102,5.7099],[-1.79211,5.69531],[-1.80951,5.6781],[-1.81812,5.67468],[-1.83221,5.59253],[-1.82397,5.59332],[-1.76208,5.6217],[-1.74829,5.62628],[-1.73871,5.62408],[-1.6933,5.64111],[-1.68488,5.64148],[-1.67853,5.6347],[-1.6759,5.60992],[-1.65649,5.6181],[-1.64319,5.61688],[-1.63159,5.6095],[-1.62091,5.5979],[-1.6059,5.56671],[-1.5946,5.56488],[-1.59131,5.55573],[-1.59442,5.52991],[-1.60669,5.53192],[-1.61542,5.51947],[-1.6167,5.49969],[-1.61261,5.46729],[-1.60168,5.4519],[-1.6239,5.43829],[-1.62811,5.4231],[-1.62592,5.42047],[-1.61969,5.42548],[-1.60779,5.42212],[-1.60101,5.41272],[-1.59601,5.41107],[-1.56232,5.41492],[-1.54828,5.40729],[-1.52612,5.40271],[-1.51343,5.3927],[-1.50531,5.40009],[-1.48932,5.39929],[-1.47931,5.38989],[-1.474,5.37793],[-1.4621,5.3819],[-1.45349,5.34509],[-1.42981,5.33173],[-1.40759,5.31207],[-1.39978,5.2981],[-1.42761,5.28912],[-1.43549,5.26752],[-1.44409,5.26788],[-1.44781,5.2475],[-1.44678,5.21033],[-1.50842,5.20709],[-1.51971,5.20251],[-1.52448,5.19348],[-1.52301,5.1825],[-1.52661,5.17029],[-1.53442,5.17249],[-1.53809,5.16388],[-1.56781,5.1601],[-1.58148,5.15491],[-1.5802,5.03308],[-1.60388,5.02948],[-1.62061,5.02148],[-1.63348,4.99872],[-1.63171,4.99188],[-1.63519,4.98132],[-1.64398,4.97211],[-1.68561,4.9635],[-1.70221,4.95551],[-1.7041,4.9469],[-1.7074,4.94531],[-1.70721,4.93372],[-1.73468,4.92352],[-1.7431,4.91388],[-1.74689,4.8941],[-1.74341,4.88892],[-1.73309,4.8877],[-1.73541,4.88153],[-1.7915,4.87231],[-1.80823,4.87329],[-1.81409,4.86731],[-1.83191,4.86011],[-1.83911,4.84888],[-1.8681,4.84448],[-1.8902,4.82812],[-1.91278,4.8255],[-1.9176,4.81409],[-1.93671,4.8067],[-1.94141,4.7951],[-1.94879,4.79187],[-1.94708,4.78912],[-1.97229,4.7691],[-1.97559,4.7583],[-2.02771,4.75708],[-2.04449,4.75311],[-2.05511,4.74072],[-2.07318,4.74847],[-2.0849,4.74628],[-2.09198,4.74109],[-2.09302,4.74811],[-2.11121,4.75592],[-2.11298,4.76428],[-2.1051,4.7757],[-2.10968,4.78168],[-2.1228,4.78967],[-2.1358,4.79089],[-2.14801,4.79712],[-2.1684,4.79669],[-2.16962,4.80713],[-2.18048,4.81689],[-2.20349,4.82208],[-2.2041,4.83173],[-2.21088,4.83868],[-2.2475,4.85529],[-2.2428,4.86292],[-2.24768,4.88031],[-2.25763,4.88831],[-2.26941,4.89227],[-2.26941,4.89948],[-2.38562,4.9433],[-2.51221,4.97089],[-2.55371,4.9823],[-2.55988,4.98712],[-2.56421,4.97589],[-2.63501,4.9823],[-2.6712,4.99933],[-2.73822,5.0083],[-2.77148,5.0191],[-3.10858,5.09027],[-3.10858,5.1153],[-3.07642,5.11292],[-3.07178,5.11371],[-3.06812,5.12152],[-3.0506,5.1167],[-3.04889,5.11987],[-3.04199,5.1167],[-3.021,5.1189],[-3.00342,5.11169],[-2.97852,5.08868],[-2.9538,5.08472],[-2.95001,5.08472],[-2.94098,5.09412],[-2.93152,5.09589],[-2.93378,5.10712],[-2.9422,5.11627],[-2.94031,5.12433],[-2.93628,5.12531],[-2.92651,5.12109],[-2.89801,5.12292],[-2.89221,5.12012],[-2.8905,5.12653],[-2.87561,5.12769],[-2.86133,5.12152],[-2.85022,5.1095],[-2.84241,5.10773],[-2.83423,5.12073],[-2.82751,5.12012],[-2.81799,5.10669],[-2.81512,5.10687],[-2.81622,5.11151],[-2.81329,5.11328],[-2.80939,5.10632],[-2.8064,5.1109],[-2.79022,5.10828],[-2.78589,5.11713],[-2.78686,5.11143],[-2.78369,5.1095],[-2.77283,5.11151],[-2.7583,5.10071],[-2.75372,5.1153],[-2.74261,5.11389],[-2.73907,5.1167],[-2.73907,5.12592],[-2.7323,5.12988],[-2.73291,5.1333],[-2.72919,5.13391],[-2.72559,5.14069],[-2.73138,5.15131],[-2.73792,5.15033],[-2.74152,5.15668],[-2.73859,5.15973],[-2.74463,5.16772],[-2.74139,5.1759],[-2.74951,5.19531],[-2.74811,5.20227],[-2.7569,5.20111],[-2.76349,5.21393],[-2.76398,5.21729],[-2.75732,5.21887],[-2.76001,5.22913],[-2.75629,5.23151],[-2.76532,5.23792],[-2.76111,5.2453],[-2.75482,5.24231],[-2.75458,5.2533],[-2.76489,5.25873],[-2.771,5.25812],[-2.77869,5.26392],[-2.77338,5.26788],[-2.78479,5.2851],[-2.78351,5.29309],[-2.76941,5.29572],[-2.7666,5.30548],[-2.76611,5.31653],[-2.77643,5.33087],[-2.77081,5.33612],[-2.77643,5.3465],[-2.76862,5.35608],[-2.76471,5.35608],[-2.75702,5.34552],[-2.73798,5.34668],[-2.729,5.34131],[-2.71472,5.3493],[-2.69849,5.34271],[-2.68719,5.34851],[-2.67108,5.36792],[-2.65271,5.37769],[-2.64069,5.3877],[-2.63092,5.40228],[-2.62042,5.40887],[-2.6178,5.42548],[-2.61041,5.43152],[-2.61041,5.44873],[-2.60132,5.4541],[-2.60413,5.46552],[-2.59058,5.4649],[-2.59113,5.46948],[-2.59491,5.46753],[-2.60022,5.47131],[-2.59741,5.48608],[-2.58002,5.48608],[-2.58423,5.50049],[-2.5788,5.51367],[-2.58209,5.5177],[-2.59058,5.51849],[-2.59851,5.5127],[-2.60431,5.52612],[-2.59601,5.52551],[-2.59821,5.53387],[-2.5921,5.54547],[-2.58051,5.54871],[-2.57672,5.54248],[-2.5722,5.54291],[-2.56927,5.5517],[-2.57648,5.56171],[-2.56909,5.55908],[-2.56689,5.58032],[-2.5589,5.58173],[-2.56158,5.58771],[-2.56921,5.5871],[-2.57159,5.59088],[-2.56561,5.59692],[-2.57141,5.61371],[-2.5816,5.62451],[-2.5755,5.62567],[-2.57343,5.64807],[-2.55908,5.64191],[-2.5531,5.64673],[-2.55908,5.66089],[-2.57721,5.65808],[-2.58051,5.66132],[-2.57971,5.6651],[-2.57361,5.66528],[-2.57501,5.67249],[-2.5639,5.6781],[-2.56519,5.68127],[-2.57349,5.67828],[-2.57111,5.69012],[-2.55762,5.68512],[-2.55103,5.6897],[-2.55988,5.70209],[-2.55841,5.70789],[-2.56891,5.7113],[-2.56952,5.71869],[-2.56598,5.72412],[-2.5755,5.73492],[-2.58929,5.74213],[-2.59332,5.74213],[-2.59381,5.73389],[-2.60699,5.73608],[-2.59558,5.75189],[-2.59259,5.75171],[-2.59338,5.75452],[-2.57721,5.76129],[-2.57111,5.77008],[-2.57849,5.7851],[-2.57251,5.79187],[-2.5802,5.79431],[-2.58191,5.80792],[-2.57458,5.80713],[-2.56842,5.81091],[-2.55652,5.79431],[-2.53601,5.79749],[-2.52411,5.79449],[-2.5285,5.78528],[-2.50818,5.77789],[-2.49731,5.7879],[-2.5025,5.79468],[-2.49548,5.79651],[-2.50189,5.80212],[-2.50238,5.80908],[-2.4978,5.80951],[-2.49121,5.79968],[-2.48273,5.80212],[-2.48761,5.81232],[-2.48602,5.82568],[-2.49701,5.82312],[-2.50598,5.82709],[-2.5097,5.82349],[-2.5177,5.82489],[-2.51709,5.8291],[-2.5127,5.83051],[-2.51312,5.8349],[-2.52008,5.83472],[-2.51819,5.85229],[-2.51208,5.86548],[-2.50348,5.86371],[-2.50568,5.8681],[-2.49982,5.87311],[-2.49609,5.86713],[-2.48712,5.86987],[-2.49878,5.88751],[-2.49811,5.89508],[-2.5094,5.8985],[-2.50873,5.91449],[-2.4978,5.91449],[-2.49719,5.9173],[-2.50568,5.92328],[-2.50201,5.92651],[-2.50421,5.9375],[-2.51062,5.94629],[-2.50763,5.95007],[-2.51648,5.95453],[-2.51532,5.9657],[-2.53082,5.96912],[-2.53473,5.96527],[-2.53802,5.97729],[-2.54938,5.98053],[-2.55951,5.97852],[-2.53699,6.00348],[-2.50311,6.05389],[-2.49933,6.05353],[-2.49933,6.05811],[-2.49011,6.06567],[-2.50568,6.07233],[-2.5072,6.08252],[-2.49792,6.09149],[-2.48248,6.0965],[-2.47418,6.10809],[-2.46069,6.10968],[-2.45032,6.10107],[-2.44501,6.11627],[-2.43951,6.11969],[-2.43292,6.1153],[-2.4339,6.1073],[-2.4118,6.08832],[-2.40021,6.08948],[-2.383,6.08313],[-2.37201,6.08508],[-2.37061,6.09668],[-2.35358,6.10529],[-2.32721,6.10132],[-2.31628,6.09613],[-2.30609,6.09729],[-2.29218,6.10309],[-2.28461,6.10211],[-2.26929,6.12128],[-2.25677,6.12091],[-2.25439,6.1369],[-2.2323,6.1485],[-2.2287,6.14972],[-2.21759,6.14288]]]}},{"type":"Feature","properties":{"name":"Western North","pcode":"GH16","level":"ADM1"},"geometry":{"type":"Polygon","coordinates":[[[-3.0719,6.9433],[-3.04633,6.93848],[-3.0282,6.92712],[-3.0083,6.93848],[-2.98462,6.94629],[-2.96899,6.93707],[-2.93762,6.94049],[-2.92078,6.92548],[-2.89508,6.88672],[-2.88611,6.87909],[-2.87189,6.85431],[-2.85791,6.84027],[-2.85522,6.83447],[-2.85742,6.81989],[-2.849,6.81567],[-2.84442,6.80511],[-2.84802,6.79993],[-2.83862,6.78967],[-2.84918,6.77209],[-2.84082,6.75208],[-2.84601,6.74231],[-2.85632,6.7345],[-2.86578,6.71649],[-2.8595,6.71112],[-2.862,6.70569],[-2.85852,6.6983],[-2.86182,6.69427],[-2.84869,6.6709],[-2.85718,6.66089],[-2.87433,6.65613],[-2.86719,6.64893],[-2.86902,6.63867],[-2.85138,6.64252],[-2.8338,6.63428],[-2.83032,6.62689],[-2.81561,6.61688],[-2.80518,6.61688],[-2.79761,6.60492],[-2.78552,6.59528],[-2.77789,6.57593],[-2.76392,6.58411],[-2.7475,6.58087],[-2.72729,6.58893],[-2.7019,6.58533],[-2.69409,6.57751],[-2.68109,6.57208],[-2.67291,6.50952],[-2.6687,6.51147],[-2.66339,6.52509],[-2.65631,6.52948],[-2.64941,6.5257],[-2.64581,6.53009],[-2.61963,6.52533],[-2.60608,6.51971],[-2.59888,6.51251],[-2.5838,6.4895],[-2.56293,6.48108],[-2.54303,6.46368],[-2.53302,6.4599],[-2.5274,6.4621],[-2.52698,6.45471],[-2.54053,6.44751],[-2.55902,6.42853],[-2.54742,6.40912],[-2.54687,6.40051],[-2.50769,6.41492],[-2.48688,6.40869],[-2.46899,6.39172],[-2.4679,6.38031],[-2.45148,6.37372],[-2.42462,6.34888],[-2.39758,6.35089],[-2.3996,6.34149],[-2.38989,6.3349],[-2.38953,6.3465],[-2.3783,6.35071],[-2.36182,6.38409],[-2.34961,6.4007],[-2.34399,6.43347],[-2.35461,6.44873],[-2.34943,6.4549],[-2.3512,6.46448],[-2.35883,6.47272],[-2.35791,6.47931],[-2.3512,6.48389],[-2.34381,6.48273],[-2.33801,6.49231],[-2.31012,6.48993],[-2.30261,6.48413],[-2.29492,6.49048],[-2.27972,6.48749],[-2.2605,6.49048],[-2.24072,6.47229],[-2.22998,6.44611],[-2.2309,6.4223],[-2.22552,6.41528],[-2.22711,6.40771],[-2.2157,6.36328],[-2.21698,6.34711],[-2.22699,6.3219],[-2.21198,6.33612],[-2.19989,6.35388],[-2.1731,6.36469],[-2.15259,6.35413],[-2.1485,6.34851],[-2.13593,6.34747],[-2.12482,6.33649],[-2.1225,6.32928],[-2.12738,6.31873],[-2.12408,6.30188],[-2.11578,6.30872],[-2.09851,6.30908],[-2.07483,6.29291],[-2.08972,6.25513],[-2.09979,6.24072],[-2.12671,6.2511],[-2.13123,6.25769],[-2.17548,6.21429],[-2.20441,6.19849],[-2.18958,6.14709],[-2.21472,6.14191],[-2.2287,6.14972],[-2.2323,6.1485],[-2.25439,6.1369],[-2.25677,6.12091],[-2.26929,6.12128],[-2.28461,6.10211],[-2.28851,6.10388],[-2.31628,6.09613],[-2.32721,6.10132],[-2.35358,6.10529],[-2.37061,6.09668],[-2.37201,6.08508],[-2.37543,6.08313],[-2.39221,6.08508],[-2.40021,6.08948],[-2.4118,6.08832],[-2.4339,6.1073],[-2.43292,6.1153],[-2.43951,6.11969],[-2.44501,6.11627],[-2.45032,6.10107],[-2.46069,6.10968],[-2.47418,6.10809],[-2.48248,6.0965],[-2.49792,6.09149],[-2.5072,6.08252],[-2.50568,6.07233],[-2.49011,6.06567],[-2.49933,6.05811],[-2.49933,6.05353],[-2.50311,6.05389],[-2.53699,6.00348],[-2.55951,5.97852],[-2.54938,5.98053],[-2.53802,5.97729],[-2.53473,5.96527],[-2.53082,5.96912],[-2.51532,5.9657],[-2.51648,5.95453],[-2.50763,5.95007],[-2.51062,5.94629],[-2.50421,5.9375],[-2.50201,5.92651],[-2.50568,5.92328],[-2.49719,5.9173],[-2.4978,5.91449],[-2.50873,5.91449],[-2.5094,5.8985],[-2.49811,5.89508],[-2.49878,5.88751],[-2.48712,5.86987],[-2.49609,5.86713],[-2.49982,5.87311],[-2.50568,5.8681],[-2.50348,5.86371],[-2.51208,5.86548],[-2.51819,5.85229],[-2.52008,5.83472],[-2.51312,5.8349],[-2.5127,5.83051],[-2.51709,5.8291],[-2.5177,5.82489],[-2.5097,5.82349],[-2.50598,5.82709],[-2.49701,5.82312],[-2.48602,5.82568],[-2.48761,5.81232],[-2.48273,5.80212],[-2.49121,5.79968],[-2.4978,5.80951],[-2.50238,5.80908],[-2.50189,5.80212],[-2.49548,5.79651],[-2.5025,5.79468],[-2.49731,5.7879],[-2.50818,5.77789],[-2.5285,5.78528],[-2.52411,5.79449],[-2.53601,5.79749],[-2.55652,5.79431],[-2.56842,5.81091],[-2.57458,5.80713],[-2.58191,5.80792],[-2.5802,5.79431],[-2.57251,5.79187],[-2.57849,5.7851],[-2.57111,5.77008],[-2.57721,5.76129],[-2.59338,5.75452],[-2.59259,5.75171],[-2.59558,5.75189],[-2.60699,5.73608],[-2.59381,5.73389],[-2.59332,5.74213],[-2.58929,5.74213],[-2.5755,5.73492],[-2.56598,5.72412],[-2.56952,5.71869],[-2.56891,5.7113],[-2.55841,5.70789],[-2.55988,5.70209],[-2.55103,5.6897],[-2.55762,5.68512],[-2.57111,5.69012],[-2.57349,5.67828],[-2.56519,5.68127],[-2.5639,5.6781],[-2.57501,5.67249],[-2.57361,5.66528],[-2.57971,5.6651],[-2.58051,5.66132],[-2.57721,5.65808],[-2.55908,5.66089],[-2.5531,5.64673],[-2.55908,5.64191],[-2.57343,5.64807],[-2.5755,5.62567],[-2.5816,5.62451],[-2.57141,5.61371],[-2.56561,5.59692],[-2.57159,5.59088],[-2.56921,5.5871],[-2.56158,5.58771],[-2.5589,5.58173],[-2.56689,5.58032],[-2.56909,5.55908],[-2.57648,5.56171],[-2.56927,5.5517],[-2.5722,5.54291],[-2.57672,5.54248],[-2.58051,5.54871],[-2.5921,5.54547],[-2.59821,5.53387],[-2.59601,5.52551],[-2.60431,5.52612],[-2.59851,5.5127],[-2.59058,5.51849],[-2.58209,5.5177],[-2.5788,5.51367],[-2.58423,5.50049],[-2.58002,5.48608],[-2.59741,5.48608],[-2.60022,5.47131],[-2.59491,5.46753],[-2.59113,5.46948],[-2.59058,5.4649],[-2.60413,5.46552],[-2.60132,5.4541],[-2.61041,5.44873],[-2.61041,5.43152],[-2.6178,5.42548],[-2.62042,5.40887],[-2.63092,5.40228],[-2.64069,5.3877],[-2.65271,5.37769],[-2.67108,5.36792],[-2.68011,5.3537],[-2.69849,5.34271],[-2.70508,5.34772],[-2.71472,5.3493],[-2.71991,5.3465],[-2.72418,5.35748],[-2.72418,5.38788],[-2.7478,5.43793],[-2.76831,5.5545],[-2.76312,5.6001],[-2.77832,5.60669],[-2.77582,5.61432],[-2.78442,5.61493],[-2.7865,5.62347],[-2.79309,5.62689],[-2.79321,5.62372],[-2.80402,5.61749],[-2.81311,5.62811],[-2.82208,5.62671],[-2.83643,5.63953],[-2.85541,5.64893],[-2.8587,5.65631],[-2.88391,5.63611],[-2.8999,5.62927],[-2.92072,5.62811],[-2.92438,5.62128],[-2.93451,5.61987],[-2.94751,5.63672],[-2.95959,5.63672],[-2.96667,5.64069],[-2.961,5.66968],[-2.95331,5.67389],[-2.9527,5.71613],[-3.02612,5.70972],[-3.02051,5.85712],[-3.07397,5.98529],[-3.10229,6.15192],[-3.15479,6.25232],[-3.17401,6.25348],[-3.17078,6.29468],[-3.1745,6.30933],[-3.18579,6.32611],[-3.18652,6.34271],[-3.19348,6.36047],[-3.23651,6.5387],[-3.23401,6.5965],[-3.25488,6.61011],[-3.25549,6.61572],[-3.26208,6.61768],[-3.25671,6.64288],[-3.24561,6.66211],[-3.23541,6.6687],[-3.23621,6.67651],[-3.23181,6.68048],[-3.2287,6.69208],[-3.2301,6.7027],[-3.22168,6.70728],[-3.20898,6.73169],[-3.21698,6.7475],[-3.21252,6.75531],[-3.23132,6.77667],[-3.2312,6.82129],[-3.14349,6.95673],[-3.11658,7.00592],[-3.10028,6.99487],[-3.09021,6.97931],[-3.07501,6.9707],[-3.0719,6.9433]]]}}]}